{
  "type": "FeatureCollection",
  "metadata": {
    "source": "ronorp",
    "input_count": 129,
    "feature_count": 129,
    "skipped": 0,
    "precision": {
      "postal_code_city": 117,
      "postal_code": 4,
      "city": 2,
      "address": 6
    }
  },
  "features": [
    {
      "type": "Feature",
      "geometry": {
        "type": "Point",
        "coordinates": [
          8.506275177001953,
          47.40013122558594
        ]
      },
      "properties": {
        "source": "ronorp",
        "source_url": "https://ronorp.net/market/posts/3-room-attic-apartment-penthouse-in-zurich-kreis-10-hongg-furnished-temporary",
        "title": "3½ ROOM ATTIC APARTMENT (PENTHOUSE) IN ZÜRICH - KREIS 10 HÖNGG, FURNISHED, TEMPORARY",
        "price_monthly": 4779.0,
        "currency": "CHF",
        "address": null,
        "postal_code": "8049",
        "city": "Zürich",
        "country": "CH",
        "location_precision": "postal_code_city",
        "property_type": "apartment",
        "rooms": 3.5,
        "size_m2": 82.0,
        "floor": "Erdgeschoss",
        "furnished": true,
        "contract_type": "temporary",
        "available_from": "2026-11-02",
        "available_to": "2027-04-12",
        "minimum_months": 5,
        "maximum_months": null,
        "pets": null,
        "smoking": null,
        "student_only": null,
        "gender": null,
        "description": "RENTAL PERIOD from November 2, 2026 to April 12, 2027 (min. 5 months) 82m, on 4. floor, with elevator, 2 terraces, 1 covered parking space (optional CHF 200...",
        "external_url": "https://ums.ch/offer-detail/69303?utm_source=ronorp&utm_content=69303"
      }
    },
    {
      "type": "Feature",
      "geometry": {
        "type": "Point",
        "coordinates": [
          8.99809455871582,
          47.659603118896484
        ]
      },
      "properties": {
        "source": "ronorp",
        "source_url": "https://ronorp.net/market/posts/2-room-apartment-in-steckborn-tg-furnished-10",
        "title": "2 ROOM APARTMENT IN STECKBORN (TG), FURNISHED",
        "price_monthly": 1788.0,
        "currency": "CHF",
        "address": null,
        "postal_code": "8266",
        "city": "Steckborn",
        "country": "CH",
        "location_precision": "postal_code_city",
        "property_type": "apartment",
        "rooms": 2.0,
        "size_m2": 50.0,
        "floor": "Erdgeschoss",
        "furnished": true,
        "contract_type": "permanent",
        "available_from": null,
        "available_to": null,
        "minimum_months": 6,
        "maximum_months": null,
        "pets": null,
        "smoking": null,
        "student_only": null,
        "gender": null,
        "description": "RENTAL PERIOD from November 1, 2026 (min. 6 months, by arrangement) The attractive apartment is close to the lake and offers a high quality of life...",
        "external_url": "https://ums.ch/offer-detail/69348?utm_source=ronorp&utm_content=69348"
      }
    },
    {
      "type": "Feature",
      "geometry": {
        "type": "Point",
        "coordinates": [
          8.52978229522705,
          47.37150192260742
        ]
      },
      "properties": {
        "source": "ronorp",
        "source_url": "https://ronorp.net/market/posts/2-room-apartment-in-zurich-kreis-4-furnished-temporary-7",
        "title": "2 ROOM APARTMENT IN ZÜRICH - KREIS 4, FURNISHED, TEMPORARY",
        "price_monthly": 2250.0,
        "currency": "CHF",
        "address": null,
        "postal_code": "8004",
        "city": "Zürich",
        "country": "CH",
        "location_precision": "postal_code_city",
        "property_type": "apartment",
        "rooms": 2.0,
        "size_m2": 60.0,
        "floor": "Erdgeschoss",
        "furnished": true,
        "contract_type": "temporary",
        "available_from": "2026-09-27",
        "available_to": "2026-12-17",
        "minimum_months": 2,
        "maximum_months": null,
        "pets": null,
        "smoking": null,
        "student_only": null,
        "gender": null,
        "description": "RENTAL PERIOD from September 27, 2026 to December 17, 2026 (min. 2 months) 60m, on 1. floor. Heating, electricity, water incl., .....",
        "external_url": "https://ums.ch/offer-detail/69343?utm_source=ronorp&utm_content=69343"
      }
    },
    {
      "type": "Feature",
      "geometry": {
        "type": "Point",
        "coordinates": [
          8.55160140991211,
          47.30763244628906
        ]
      },
      "properties": {
        "source": "ronorp",
        "source_url": "https://ronorp.net/market/posts/2-room-apartment-in-ruschlikon-zh-furnished-temporary",
        "title": "2½ ROOM APARTMENT IN RÜSCHLIKON (ZH), FURNISHED, TEMPORARY",
        "price_monthly": 3330.0,
        "currency": "CHF",
        "address": null,
        "postal_code": "8803",
        "city": "Rüschlikon",
        "country": "CH",
        "location_precision": "postal_code_city",
        "property_type": "apartment",
        "rooms": 2.5,
        "size_m2": 60.0,
        "floor": "Erdgeschoss",
        "furnished": true,
        "contract_type": "temporary",
        "available_from": "2026-11-01",
        "available_to": "2027-10-31",
        "minimum_months": 6,
        "maximum_months": null,
        "pets": null,
        "smoking": null,
        "student_only": null,
        "gender": null,
        "description": "RENTAL PERIOD from November 1, 2026 to October 31, 2027 (min. 6 months) Furnished apartment with a magnificent view of Lake Zurich and the Alps...",
        "external_url": "https://ums.ch/offer-detail/69342?utm_source=ronorp&utm_content=69342"
      }
    },
    {
      "type": "Feature",
      "geometry": {
        "type": "Point",
        "coordinates": [
          8.52978229522705,
          47.37150192260742
        ]
      },
      "properties": {
        "source": "ronorp",
        "source_url": "https://ronorp.net/market/posts/3-room-apartment-in-zurich-kreis-4-langstrasse-furnished-temporary-2",
        "title": "3 ROOM APARTMENT IN ZÜRICH - KREIS 4 LANGSTRASSE, FURNISHED, TEMPORARY",
        "price_monthly": 3438.0,
        "currency": "CHF",
        "address": null,
        "postal_code": "8004",
        "city": "Zürich",
        "country": "CH",
        "location_precision": "postal_code_city",
        "property_type": "apartment",
        "rooms": 3.0,
        "size_m2": 79.0,
        "floor": "Erdgeschoss",
        "furnished": true,
        "contract_type": "temporary",
        "available_from": "2026-12-23",
        "available_to": "2027-02-12",
        "minimum_months": 2,
        "maximum_months": null,
        "pets": null,
        "smoking": null,
        "student_only": null,
        "gender": null,
        "description": "RENTAL PERIOD from December 23, 2026 to February 12, 2027 (min. 2 months) Renovated 3-room apartment for sublease in the heart of District 4...",
        "external_url": "https://ums.ch/offer-detail/69341?utm_source=ronorp&utm_content=69341"
      }
    },
    {
      "type": "Feature",
      "geometry": {
        "type": "Point",
        "coordinates": [
          8.551040649414062,
          47.37275695800781
        ]
      },
      "properties": {
        "source": "ronorp",
        "source_url": "https://ronorp.net/market/posts/1-room-apartment-in-zurich-kreis-8-furnished-temporary-2",
        "title": "1 ROOM APARTMENT IN ZÜRICH - KREIS 8, FURNISHED, TEMPORARY",
        "price_monthly": 1990.0,
        "currency": "CHF",
        "address": null,
        "postal_code": "8032",
        "city": "Zürich",
        "country": "CH",
        "location_precision": "postal_code_city",
        "property_type": "studio",
        "rooms": 1.0,
        "size_m2": 21.0,
        "floor": "Erdgeschoss",
        "furnished": true,
        "contract_type": "temporary",
        "available_from": "2026-09-15",
        "available_to": "2026-11-15",
        "minimum_months": null,
        "maximum_months": null,
        "pets": null,
        "smoking": null,
        "student_only": null,
        "gender": null,
        "description": "RENTAL PERIOD from September 15, 2026 to November 15, 2026. Bright, fully furnished studio in a prime Zurich location, with private balcony, workspace...",
        "external_url": "https://ums.ch/offer-detail/69313?utm_source=ronorp&utm_content=69313"
      }
    },
    {
      "type": "Feature",
      "geometry": {
        "type": "Point",
        "coordinates": [
          8.724449157714844,
          47.50303268432617
        ]
      },
      "properties": {
        "source": "ronorp",
        "source_url": "https://ronorp.net/market/posts/2-room-apartment-in-winterthur-stadt-furnished-temporary-3",
        "title": "2½ ROOM APARTMENT IN WINTERTHUR - STADT, FURNISHED, TEMPORARY",
        "price_monthly": 2514.0,
        "currency": "CHF",
        "address": null,
        "postal_code": "8400",
        "city": "Winterthur",
        "country": "CH",
        "location_precision": "postal_code_city",
        "property_type": "apartment",
        "rooms": 2.5,
        "size_m2": 55.0,
        "floor": "Erdgeschoss",
        "furnished": true,
        "contract_type": "temporary",
        "available_from": "2026-11-01",
        "available_to": "2027-04-30",
        "minimum_months": null,
        "maximum_months": null,
        "pets": null,
        "smoking": null,
        "student_only": null,
        "gender": null,
        "description": "RENTAL PERIOD from November 1, 2026 to April 30, 2027. A small gem in the middle of Winterthur's old town Nice old town apartment in a very central location...",
        "external_url": "https://ums.ch/offer-detail/68893?utm_source=ronorp&utm_content=68893"
      }
    },
    {
      "type": "Feature",
      "geometry": {
        "type": "Point",
        "coordinates": [
          8.78063678741455,
          47.3110237121582
        ]
      },
      "properties": {
        "source": "ronorp",
        "source_url": "https://ronorp.net/market/posts/5-room-house-in-grut-gossau-zh-furnished-temporary",
        "title": "5½ ROOM HOUSE IN GRÜT (GOSSAU ZH), FURNISHED, TEMPORARY",
        "price_monthly": 3250.0,
        "currency": "CHF",
        "address": null,
        "postal_code": "8624",
        "city": "Grüt (Gossau ZH)",
        "country": "CH",
        "location_precision": "postal_code_city",
        "property_type": "other",
        "rooms": 5.5,
        "size_m2": 140.0,
        "floor": "Erdgeschoss",
        "furnished": true,
        "contract_type": "temporary",
        "available_from": "2027-08-01",
        "available_to": "2028-08-01",
        "minimum_months": 6,
        "maximum_months": null,
        "pets": null,
        "smoking": null,
        "student_only": null,
        "gender": null,
        "description": "RENTAL PERIOD from August 1, 2027 to August 1, 2028 (min. 6 months) Large 4 storey townhouse for rent. Family-friendly environment and large garden...",
        "external_url": "https://ums.ch/offer-detail/67323?utm_source=ronorp&utm_content=67323"
      }
    },
    {
      "type": "Feature",
      "geometry": {
        "type": "Point",
        "coordinates": [
          8.578845024108887,
          47.399593353271484
        ]
      },
      "properties": {
        "source": "ronorp",
        "source_url": "https://ronorp.net/market/posts/room-for-rent-in-zurich-september",
        "title": "Room for Rent in Zurich – September 🌿🏡",
        "price_monthly": 640.0,
        "currency": "CHF",
        "address": null,
        "postal_code": "8051",
        "city": "Schwamendingen, Zurigo, Svizzera",
        "country": "CH",
        "location_precision": "postal_code",
        "property_type": "private_room",
        "rooms": null,
        "size_m2": null,
        "floor": "Erdgeschoss",
        "furnished": false,
        "contract_type": null,
        "available_from": null,
        "available_to": null,
        "minimum_months": null,
        "maximum_months": null,
        "pets": null,
        "smoking": null,
        "student_only": null,
        "gender": null,
        "description": "Room for Rent in Zurich Im offering a room in a shared, fully furnished apartment in Schwamendingen, Zurich, available for one month in September...",
        "external_url": null
      }
    },
    {
      "type": "Feature",
      "geometry": {
        "type": "Point",
        "coordinates": [
          8.527311325073242,
          47.37721252441406
        ]
      },
      "properties": {
        "source": "ronorp",
        "source_url": "https://ronorp.net/market/posts/sublet-2-room-in-zurich-wiedikon-611-2911",
        "title": "Sublet, 2 Room in Zurich Wiedikon (6.11.-29.11)",
        "price_monthly": null,
        "currency": "CHF",
        "address": null,
        "postal_code": null,
        "city": "Zürich",
        "country": "CH",
        "location_precision": "city",
        "property_type": "apartment",
        "rooms": 2.0,
        "size_m2": 0.0,
        "floor": "3. Etage",
        "furnished": false,
        "contract_type": "temporary",
        "available_from": null,
        "available_to": null,
        "minimum_months": null,
        "maximum_months": null,
        "pets": null,
        "smoking": null,
        "student_only": null,
        "gender": null,
        "description": "Furnished, great location. 2-room apartment with a beautiful balcony. Preferably someone for the whole duration. Feel free to reach out if you're interested...",
        "external_url": null
      }
    },
    {
      "type": "Feature",
      "geometry": {
        "type": "Point",
        "coordinates": [
          8.53247356414795,
          47.331783294677734
        ]
      },
      "properties": {
        "source": "ronorp",
        "source_url": "https://ronorp.net/market/posts/3-room-apartment-in-zurich-kreis-2-wollishofen-furnished-temporary-4",
        "title": "3 ROOM APARTMENT IN ZÜRICH - KREIS 2 WOLLISHOFEN, FURNISHED, TEMPORARY",
        "price_monthly": 2880.0,
        "currency": "CHF",
        "address": null,
        "postal_code": "8038",
        "city": "Zürich",
        "country": "CH",
        "location_precision": "postal_code_city",
        "property_type": "apartment",
        "rooms": 3.0,
        "size_m2": 67.0,
        "floor": "Erdgeschoss",
        "furnished": true,
        "contract_type": "temporary",
        "available_from": "2026-09-17",
        "available_to": "2026-11-26",
        "minimum_months": 2,
        "maximum_months": null,
        "pets": null,
        "smoking": null,
        "student_only": null,
        "gender": null,
        "description": "RENTAL PERIOD from September 17, 2026 to November 26, 2026 (min. 2 months) Comfortable, fully furnished flat with many plants and two balconies...",
        "external_url": "https://ums.ch/offer-detail/69338?utm_source=ronorp&utm_content=69338"
      }
    },
    {
      "type": "Feature",
      "geometry": {
        "type": "Point",
        "coordinates": [
          8.511382102966309,
          47.353981018066406
        ]
      },
      "properties": {
        "source": "ronorp",
        "source_url": "https://ronorp.net/market/posts/2-room-apartment-in-zurich-kreis-3-friesenberg-furnished-temporary",
        "title": "2½ ROOM APARTMENT IN ZÜRICH - KREIS 3 FRIESENBERG, FURNISHED, TEMPORARY",
        "price_monthly": 2500.0,
        "currency": "CHF",
        "address": null,
        "postal_code": "8045",
        "city": "Zürich",
        "country": "CH",
        "location_precision": "postal_code_city",
        "property_type": "apartment",
        "rooms": 2.5,
        "size_m2": 65.0,
        "floor": "Erdgeschoss",
        "furnished": true,
        "contract_type": "temporary",
        "available_from": "2026-10-01",
        "available_to": "2027-04-01",
        "minimum_months": null,
        "maximum_months": null,
        "pets": null,
        "smoking": null,
        "student_only": null,
        "gender": null,
        "description": "RENTAL PERIOD from October 1, 2026 to April 1, 2027. Beautiful and spacious apartment in a very quiet location (with good access to downtown)...",
        "external_url": "https://ums.ch/offer-detail/69336?utm_source=ronorp&utm_content=69336"
      }
    },
    {
      "type": "Feature",
      "geometry": {
        "type": "Point",
        "coordinates": [
          8.540556907653809,
          47.41447830200195
        ]
      },
      "properties": {
        "source": "ronorp",
        "source_url": "https://ronorp.net/market/posts/2-room-apartment-in-zurich-kreis-11-oerlikon-furnished-temporary-12",
        "title": "2½ ROOM APARTMENT IN ZÜRICH - KREIS 11 OERLIKON, FURNISHED, TEMPORARY",
        "price_monthly": 2988.0,
        "currency": "CHF",
        "address": null,
        "postal_code": "8050",
        "city": "Zürich",
        "country": "CH",
        "location_precision": "postal_code_city",
        "property_type": "apartment",
        "rooms": 2.5,
        "size_m2": 65.0,
        "floor": "Erdgeschoss",
        "furnished": true,
        "contract_type": "temporary",
        "available_from": "2026-11-21",
        "available_to": "2027-06-30",
        "minimum_months": 5,
        "maximum_months": null,
        "pets": null,
        "smoking": null,
        "student_only": null,
        "gender": null,
        "description": "RENTAL PERIOD from November 21, 2026 to June 30, 2027 (min. 5 months) Spacious, modern apartment located in recently constructed building...",
        "external_url": "https://ums.ch/offer-detail/69299?utm_source=ronorp&utm_content=69299"
      }
    },
    {
      "type": "Feature",
      "geometry": {
        "type": "Point",
        "coordinates": [
          8.346892356872559,
          47.43819808959961
        ]
      },
      "properties": {
        "source": "ronorp",
        "source_url": "https://ronorp.net/market/posts/3-room-apartment-in-wurenlos-ag-furnished-temporary-1",
        "title": "3½ ROOM APARTMENT IN WÜRENLOS (AG), FURNISHED, TEMPORARY",
        "price_monthly": 2490.0,
        "currency": "CHF",
        "address": null,
        "postal_code": "5436",
        "city": "Würenlos",
        "country": "CH",
        "location_precision": "postal_code_city",
        "property_type": "apartment",
        "rooms": 3.5,
        "size_m2": 110.0,
        "floor": "Erdgeschoss",
        "furnished": true,
        "contract_type": "temporary",
        "available_from": "2026-11-01",
        "available_to": "2027-04-03",
        "minimum_months": 4,
        "maximum_months": null,
        "pets": null,
        "smoking": null,
        "student_only": null,
        "gender": null,
        "description": "RENTAL PERIOD from November 1, 2026 to April 3, 2027 (min. 4 months) Quiet bright apartment - attic - with terrace / view and no direct neighbors...",
        "external_url": "https://ums.ch/offer-detail/68921?utm_source=ronorp&utm_content=68921"
      }
    },
    {
      "type": "Feature",
      "geometry": {
        "type": "Point",
        "coordinates": [
          8.534124374389648,
          47.36357879638672
        ]
      },
      "properties": {
        "source": "ronorp",
        "source_url": "https://ronorp.net/market/posts/3-room-attic-apartment-penthouse-in-zurich-kreis-2-enge-furnished-temporary-2",
        "title": "3½ ROOM ATTIC APARTMENT (PENTHOUSE) IN ZÜRICH - KREIS 2 ENGE, FURNISHED, TEMPORARY",
        "price_monthly": 4200.0,
        "currency": "CHF",
        "address": null,
        "postal_code": "8002",
        "city": "Zürich",
        "country": "CH",
        "location_precision": "postal_code_city",
        "property_type": "apartment",
        "rooms": 3.5,
        "size_m2": 80.0,
        "floor": "Erdgeschoss",
        "furnished": true,
        "contract_type": "temporary",
        "available_from": "2026-09-01",
        "available_to": "2027-02-28",
        "minimum_months": 5,
        "maximum_months": null,
        "pets": null,
        "smoking": null,
        "student_only": null,
        "gender": null,
        "description": "RENTAL PERIOD from September 1, 2026 to February 28, 2027 (min. 5 months) Wonderful 3.5-room attic apartment with large terrace and fireplace in Zürich Enge...",
        "external_url": "https://ums.ch/offer-detail/68915?utm_source=ronorp&utm_content=68915"
      }
    },
    {
      "type": "Feature",
      "geometry": {
        "type": "Point",
        "coordinates": [
          8.454038619995117,
          47.41523361206055
        ]
      },
      "properties": {
        "source": "ronorp",
        "source_url": "https://ronorp.net/market/posts/5-room-house-in-unterengstringen-zh-furnished-temporary-3",
        "title": "5½ ROOM HOUSE IN UNTERENGSTRINGEN (ZH), FURNISHED, TEMPORARY",
        "price_monthly": 4950.0,
        "currency": "CHF",
        "address": null,
        "postal_code": "8103",
        "city": "Unterengstringen",
        "country": "CH",
        "location_precision": "postal_code_city",
        "property_type": "other",
        "rooms": 5.5,
        "size_m2": 200.0,
        "floor": "Erdgeschoss",
        "furnished": true,
        "contract_type": "temporary",
        "available_from": "2026-09-07",
        "available_to": "2027-12-31",
        "minimum_months": 1,
        "maximum_months": null,
        "pets": null,
        "smoking": null,
        "student_only": null,
        "gender": null,
        "description": "RENTAL PERIOD from September 7, 2026 to December 31, 2027 (min. 1 month) Perfect home for guest professors or families: This detached 5...",
        "external_url": "https://ums.ch/offer-detail/68514?utm_source=ronorp&utm_content=68514"
      }
    },
    {
      "type": "Feature",
      "geometry": {
        "type": "Point",
        "coordinates": [
          8.386979103088379,
          47.33678436279297
        ]
      },
      "properties": {
        "source": "ronorp",
        "source_url": "https://ronorp.net/market/posts/6-room-house-in-oberwil-lieli-ag-furnished-temporary-2",
        "title": "6½ ROOM HOUSE IN OBERWIL-LIELI (AG), FURNISHED, TEMPORARY",
        "price_monthly": 5500.0,
        "currency": "CHF",
        "address": null,
        "postal_code": "8966",
        "city": "Oberwil-Lieli",
        "country": "CH",
        "location_precision": "postal_code_city",
        "property_type": "other",
        "rooms": 6.5,
        "size_m2": 200.0,
        "floor": "Erdgeschoss",
        "furnished": true,
        "contract_type": "temporary",
        "available_from": "2027-02-01",
        "available_to": "2027-07-30",
        "minimum_months": null,
        "maximum_months": null,
        "pets": null,
        "smoking": null,
        "student_only": null,
        "gender": null,
        "description": "RENTAL PERIOD from February 1, 2027 to July 30, 2027. Spacious 6.5-room house with breathtaking views just 20 minutes from Zurich...",
        "external_url": "https://ums.ch/offer-detail/68512?utm_source=ronorp&utm_content=68512"
      }
    },
    {
      "type": "Feature",
      "geometry": {
        "type": "Point",
        "coordinates": [
          8.724449157714844,
          47.50303268432617
        ]
      },
      "properties": {
        "source": "ronorp",
        "source_url": "https://ronorp.net/market/posts/5-room-apartment-in-winterthur-stadt-furnished-temporary-1",
        "title": "5½ ROOM APARTMENT IN WINTERTHUR - STADT, FURNISHED, TEMPORARY",
        "price_monthly": 3624.0,
        "currency": "CHF",
        "address": null,
        "postal_code": "8400",
        "city": "Winterthur",
        "country": "CH",
        "location_precision": "postal_code_city",
        "property_type": "apartment",
        "rooms": 5.5,
        "size_m2": 130.0,
        "floor": "Erdgeschoss",
        "furnished": true,
        "contract_type": "temporary",
        "available_from": "2026-11-19",
        "available_to": "2027-02-09",
        "minimum_months": 2,
        "maximum_months": null,
        "pets": null,
        "smoking": null,
        "student_only": null,
        "gender": null,
        "description": "RENTAL PERIOD from November 19, 2026 to February 9, 2027 (min. 2 months) The furnished apartment is centrally located in Winterthur's Lokstadt district...",
        "external_url": "https://ums.ch/offer-detail/68905?utm_source=ronorp&utm_content=68905"
      }
    },
    {
      "type": "Feature",
      "geometry": {
        "type": "Point",
        "coordinates": [
          8.57529354095459,
          47.341896057128906
        ]
      },
      "properties": {
        "source": "ronorp",
        "source_url": "https://ronorp.net/market/posts/45-room-semi-detached-house-in-zollikon-temporary-until-310827-flat-share-possible-pets-allowed",
        "title": "4.5-Room Semi-detached House in Zollikon / TEMPORARY until 31.08.27 / flat share possible / pets allowed",
        "price_monthly": 4100.0,
        "currency": "CHF",
        "address": null,
        "postal_code": "8702",
        "city": null,
        "country": "CH",
        "location_precision": "postal_code",
        "property_type": "apartment",
        "rooms": 4.5,
        "size_m2": 1200.0,
        "floor": "Erdgeschoss",
        "furnished": false,
        "contract_type": "temporary",
        "available_from": null,
        "available_to": null,
        "minimum_months": null,
        "maximum_months": null,
        "pets": null,
        "smoking": null,
        "student_only": null,
        "gender": null,
        "description": "Important: Apartment available immediately until 31.08.27, afterward only by arrangement. Welcome to this well-maintained and freshly renovated 4...",
        "external_url": null
      }
    },
    {
      "type": "Feature",
      "geometry": {
        "type": "Point",
        "coordinates": [
          8.551040649414062,
          47.37275695800781
        ]
      },
      "properties": {
        "source": "ronorp",
        "source_url": "https://ronorp.net/market/posts/3-room-apartment-in-zurich-kreis-7-furnished-temporary-68",
        "title": "3½ ROOM APARTMENT IN ZÜRICH - KREIS 7, FURNISHED, TEMPORARY",
        "price_monthly": 4490.0,
        "currency": "CHF",
        "address": null,
        "postal_code": "8032",
        "city": "Zürich",
        "country": "CH",
        "location_precision": "postal_code_city",
        "property_type": "apartment",
        "rooms": 3.5,
        "size_m2": 100.0,
        "floor": "Erdgeschoss",
        "furnished": true,
        "contract_type": "temporary",
        "available_from": "2026-12-01",
        "available_to": "2027-03-31",
        "minimum_months": null,
        "maximum_months": null,
        "pets": null,
        "smoking": null,
        "student_only": null,
        "gender": null,
        "description": "RENTAL PERIOD from December 1, 2026 to March 31, 2027. Beautiful furnished old building apartment near Klusplatz. In this beautiful old house from 1910 live...",
        "external_url": "https://ums.ch/offer-detail/69330?utm_source=ronorp&utm_content=69330"
      }
    },
    {
      "type": "Feature",
      "geometry": {
        "type": "Point",
        "coordinates": [
          8.51434326171875,
          47.37013626098633
        ]
      },
      "properties": {
        "source": "ronorp",
        "source_url": "https://ronorp.net/market/posts/2-room-apartment-in-zurich-kreis-3-furnished-temporary-8",
        "title": "2½ ROOM APARTMENT IN ZÜRICH - KREIS 3, FURNISHED, TEMPORARY",
        "price_monthly": 2018.0,
        "currency": "CHF",
        "address": null,
        "postal_code": "8055",
        "city": "Zürich",
        "country": "CH",
        "location_precision": "postal_code_city",
        "property_type": "apartment",
        "rooms": 2.5,
        "size_m2": 50.0,
        "floor": "Erdgeschoss",
        "furnished": true,
        "contract_type": "temporary",
        "available_from": "2026-09-01",
        "available_to": "2027-03-31",
        "minimum_months": 5,
        "maximum_months": null,
        "pets": null,
        "smoking": null,
        "student_only": null,
        "gender": null,
        "description": "RENTAL PERIOD from September 1, 2026 to March 31, 2027 (min. 5 months, by arrangement) Very nice, bright, very quiet and comfortable furnished apartment...",
        "external_url": "https://ums.ch/offer-detail/69328?utm_source=ronorp&utm_content=69328"
      }
    },
    {
      "type": "Feature",
      "geometry": {
        "type": "Point",
        "coordinates": [
          8.957545280456543,
          47.46100997924805
        ]
      },
      "properties": {
        "source": "ronorp",
        "source_url": "https://ronorp.net/market/posts/3-room-apartment-in-wallenwil-tg-furnished-temporary",
        "title": "3 ROOM APARTMENT IN WALLENWIL (TG), FURNISHED, TEMPORARY",
        "price_monthly": 2108.0,
        "currency": "CHF",
        "address": null,
        "postal_code": "8360",
        "city": "Wallenwil",
        "country": "CH",
        "location_precision": "postal_code_city",
        "property_type": "apartment",
        "rooms": 3.0,
        "size_m2": 85.0,
        "floor": "Erdgeschoss",
        "furnished": true,
        "contract_type": "temporary",
        "available_from": "2026-12-01",
        "available_to": "2027-11-30",
        "minimum_months": 3,
        "maximum_months": null,
        "pets": null,
        "smoking": null,
        "student_only": null,
        "gender": null,
        "description": "RENTAL PERIOD from December 1, 2026 to November 30, 2027 (min. 3 months) I am renting out my modern apartment in Eschlikon (TG) for a minimum of 3 months...",
        "external_url": "https://ums.ch/offer-detail/69324?utm_source=ronorp&utm_content=69324"
      }
    },
    {
      "type": "Feature",
      "geometry": {
        "type": "Point",
        "coordinates": [
          8.276301383972168,
          47.4613151550293
        ]
      },
      "properties": {
        "source": "ronorp",
        "source_url": "https://ronorp.net/market/posts/3-room-apartment-in-baden-ag-furnished-temporary-12",
        "title": "3½ ROOM APARTMENT IN BADEN (AG), FURNISHED, TEMPORARY",
        "price_monthly": 2400.0,
        "currency": "CHF",
        "address": null,
        "postal_code": "5400",
        "city": "Baden",
        "country": "CH",
        "location_precision": "postal_code_city",
        "property_type": "apartment",
        "rooms": 3.5,
        "size_m2": 70.0,
        "floor": "Erdgeschoss",
        "furnished": true,
        "contract_type": "temporary",
        "available_from": "2027-01-01",
        "available_to": "2027-10-31",
        "minimum_months": null,
        "maximum_months": null,
        "pets": null,
        "smoking": null,
        "student_only": null,
        "gender": null,
        "description": "RENTAL PERIOD from January 1, 2027 to October 31, 2027. Old town apartment with lots of charm and balcony overlooking greenery...",
        "external_url": "https://ums.ch/offer-detail/69320?utm_source=ronorp&utm_content=69320"
      }
    },
    {
      "type": "Feature",
      "geometry": {
        "type": "Point",
        "coordinates": [
          8.508355140686035,
          47.378143310546875
        ]
      },
      "properties": {
        "source": "ronorp",
        "source_url": "https://ronorp.net/market/posts/cozy-fully-furnished-apartment-for-sublet-near-albisriederplatz-zurich",
        "title": "Cozy, Fully Furnished Apartment for Sublet, Near Albisriederplatz, Zurich",
        "price_monthly": 3025.0,
        "currency": "CHF",
        "address": "Albisriederstrasse 20",
        "postal_code": "8003",
        "city": "Zürich",
        "country": "CH",
        "location_precision": "address",
        "property_type": "apartment",
        "rooms": 3.0,
        "size_m2": null,
        "floor": "3. Etage",
        "furnished": true,
        "contract_type": "temporary",
        "available_from": null,
        "available_to": null,
        "minimum_months": null,
        "maximum_months": null,
        "pets": null,
        "smoking": null,
        "student_only": null,
        "gender": null,
        "description": "I'm subletting my cozy, fully furnished apartment near Albisriederplatz in Zurich, available from September 14th, and I'd love for someone to enjoy it...",
        "external_url": null
      }
    },
    {
      "type": "Feature",
      "geometry": {
        "type": "Point",
        "coordinates": [
          8.527311325073242,
          47.37721252441406
        ]
      },
      "properties": {
        "source": "ronorp",
        "source_url": "https://ronorp.net/market/posts/short-term-rental-in-central-location-kreis-4-charming-flat-2-rooms-1",
        "title": "Short-term rental in central location (Kreis 4): charming flat (2 rooms)",
        "price_monthly": 2800.0,
        "currency": "CHF",
        "address": null,
        "postal_code": null,
        "city": "Zürich",
        "country": "CH",
        "location_precision": "city",
        "property_type": "other",
        "rooms": 2.0,
        "size_m2": null,
        "floor": "Erdgeschoss",
        "furnished": false,
        "contract_type": "temporary",
        "available_from": null,
        "available_to": null,
        "minimum_months": null,
        "maximum_months": null,
        "pets": null,
        "smoking": null,
        "student_only": null,
        "gender": null,
        "description": "October 21st to December 1st: Close to Bahnhof Wiedikon, many restaurants and shops nearby. For single person or couple. Price...",
        "external_url": null
      }
    },
    {
      "type": "Feature",
      "geometry": {
        "type": "Point",
        "coordinates": [
          8.83585262298584,
          47.23072814941406
        ]
      },
      "properties": {
        "source": "ronorp",
        "source_url": "https://ronorp.net/market/posts/3-room-apartment-in-jona-sg-furnished-temporary-3",
        "title": "3½ ROOM APARTMENT IN JONA (SG), FURNISHED, TEMPORARY",
        "price_monthly": 2694.0,
        "currency": "CHF",
        "address": null,
        "postal_code": "8645",
        "city": "Jona",
        "country": "CH",
        "location_precision": "postal_code_city",
        "property_type": "apartment",
        "rooms": 3.5,
        "size_m2": 87.0,
        "floor": "Erdgeschoss",
        "furnished": true,
        "contract_type": "temporary",
        "available_from": "2026-12-24",
        "available_to": "2027-04-30",
        "minimum_months": 3,
        "maximum_months": null,
        "pets": null,
        "smoking": null,
        "student_only": null,
        "gender": null,
        "description": "RENTAL PERIOD from December 24, 2026 to April 30, 2027 (min. 3 months) The fully furnished garden apartment features a 20 m glass-enclosed patio and a 250 m...",
        "external_url": "https://ums.ch/offer-detail/69296?utm_source=ronorp&utm_content=69296"
      }
    },
    {
      "type": "Feature",
      "geometry": {
        "type": "Point",
        "coordinates": [
          8.709124565124512,
          47.257293701171875
        ]
      },
      "properties": {
        "source": "ronorp",
        "source_url": "https://ronorp.net/market/posts/2-room-apartment-in-mannedorf-zh-furnished-temporary-3",
        "title": "2½ ROOM APARTMENT IN MÄNNEDORF (ZH), FURNISHED, TEMPORARY",
        "price_monthly": 2200.0,
        "currency": "CHF",
        "address": null,
        "postal_code": "8708",
        "city": "Männedorf",
        "country": "CH",
        "location_precision": "postal_code_city",
        "property_type": "apartment",
        "rooms": 2.5,
        "size_m2": 50.0,
        "floor": "Erdgeschoss",
        "furnished": true,
        "contract_type": "temporary",
        "available_from": "2026-10-01",
        "available_to": "2027-08-01",
        "minimum_months": 6,
        "maximum_months": null,
        "pets": null,
        "smoking": null,
        "student_only": null,
        "gender": null,
        "description": "RENTAL PERIOD from October 1, 2026 to August 1, 2027 (min. 6 months) Furnished and modernly equipped 2.5 room apartment with cellar, terrace and lake view...",
        "external_url": "https://ums.ch/offer-detail/68805?utm_source=ronorp&utm_content=68805"
      }
    },
    {
      "type": "Feature",
      "geometry": {
        "type": "Point",
        "coordinates": [
          8.61807632446289,
          47.68161392211914
        ]
      },
      "properties": {
        "source": "ronorp",
        "source_url": "https://ronorp.net/market/posts/2-room-apartment-in-neuhausen-am-rheinfall-sh-furnished-temporary-2",
        "title": "2½ ROOM APARTMENT IN NEUHAUSEN AM RHEINFALL (SH), FURNISHED, TEMPORARY",
        "price_monthly": 2000.0,
        "currency": "CHF",
        "address": null,
        "postal_code": "8212",
        "city": "Neuhausen am Rheinfall",
        "country": "CH",
        "location_precision": "postal_code_city",
        "property_type": "apartment",
        "rooms": 2.5,
        "size_m2": null,
        "floor": "Erdgeschoss",
        "furnished": true,
        "contract_type": "temporary",
        "available_from": "2027-01-01",
        "available_to": "2027-12-31",
        "minimum_months": 1,
        "maximum_months": null,
        "pets": null,
        "smoking": null,
        "student_only": null,
        "gender": null,
        "description": "RENTAL PERIOD from January 1, 2027 to December 31, 2027 (min. 1 month) This apartment is located in a quiet residential area...",
        "external_url": "https://ums.ch/offer-detail/68492?utm_source=ronorp&utm_content=68492"
      }
    },
    {
      "type": "Feature",
      "geometry": {
        "type": "Point",
        "coordinates": [
          8.561379432678223,
          47.3536491394043
        ]
      },
      "properties": {
        "source": "ronorp",
        "source_url": "https://ronorp.net/market/posts/bright-room-in-flatshare-near-balgrist-stadelhofen-1-month-extension-possible",
        "title": "Bright Room in Flatshare near Balgrist / Stadelhofen (1 Month + Extension Possible)",
        "price_monthly": null,
        "currency": "CHF",
        "address": null,
        "postal_code": "8008",
        "city": null,
        "country": "CH",
        "location_precision": "postal_code",
        "property_type": "shared_apartment",
        "rooms": null,
        "size_m2": null,
        "floor": "Erdgeschoss",
        "furnished": false,
        "contract_type": "temporary",
        "available_from": null,
        "available_to": null,
        "minimum_months": null,
        "maximum_months": null,
        "pets": null,
        "smoking": null,
        "student_only": null,
        "gender": null,
        "description": "Sub-renting out a private room in a shared apartment (WG), available for 1 month (with the possibility of extension). Location & Connectivity: Balgrist area...",
        "external_url": null
      }
    },
    {
      "type": "Feature",
      "geometry": {
        "type": "Point",
        "coordinates": [
          8.540556907653809,
          47.41447830200195
        ]
      },
      "properties": {
        "source": "ronorp",
        "source_url": "https://ronorp.net/market/posts/3-room-apartment-in-zurich-kreis-11-oerlikon-furnished-temporary-5",
        "title": "3½ ROOM APARTMENT IN ZÜRICH - KREIS 11 OERLIKON, FURNISHED, TEMPORARY",
        "price_monthly": 3237.0,
        "currency": "CHF",
        "address": null,
        "postal_code": "8050",
        "city": "Zürich",
        "country": "CH",
        "location_precision": "postal_code_city",
        "property_type": "apartment",
        "rooms": 3.5,
        "size_m2": 85.0,
        "floor": "Erdgeschoss",
        "furnished": true,
        "contract_type": "temporary",
        "available_from": "2026-11-01",
        "available_to": "2027-03-31",
        "minimum_months": null,
        "maximum_months": null,
        "pets": null,
        "smoking": null,
        "student_only": null,
        "gender": null,
        "description": "RENTAL PERIOD from November 1, 2026 to March 31, 2027. Bright, fully furnished 3.5-room apartment in a new building. Located just 7 minutes from Oerlikon...",
        "external_url": "https://ums.ch/offer-detail/69308?utm_source=ronorp&utm_content=69308"
      }
    },
    {
      "type": "Feature",
      "geometry": {
        "type": "Point",
        "coordinates": [
          8.513679504394531,
          47.391475677490234
        ]
      },
      "properties": {
        "source": "ronorp",
        "source_url": "https://ronorp.net/market/posts/3-room-apartment-in-zurich-kreis-5-escher-wyss-furnished-temporary-5",
        "title": "3½ ROOM APARTMENT IN ZÜRICH - KREIS 5 ESCHER WYSS, FURNISHED, TEMPORARY",
        "price_monthly": 4200.0,
        "currency": "CHF",
        "address": null,
        "postal_code": "8005",
        "city": "Zürich",
        "country": "CH",
        "location_precision": "postal_code_city",
        "property_type": "apartment",
        "rooms": 3.5,
        "size_m2": 97.0,
        "floor": "Erdgeschoss",
        "furnished": true,
        "contract_type": "temporary",
        "available_from": "2026-12-19",
        "available_to": "2027-01-29",
        "minimum_months": null,
        "maximum_months": null,
        "pets": null,
        "smoking": null,
        "student_only": null,
        "gender": null,
        "description": "RENTAL PERIOD from December 19, 2026 to January 29, 2027. Modern apartment in Zurich's District 5, near the tram (10 min to the main train station)...",
        "external_url": "https://ums.ch/offer-detail/68487?utm_source=ronorp&utm_content=68487"
      }
    },
    {
      "type": "Feature",
      "geometry": {
        "type": "Point",
        "coordinates": [
          8.851083755493164,
          47.537410736083984
        ]
      },
      "properties": {
        "source": "ronorp",
        "source_url": "https://ronorp.net/market/posts/4-room-apartment-in-gachnang-tg-furnished-temporary-5",
        "title": "4½ ROOM APARTMENT IN GACHNANG (TG), FURNISHED, TEMPORARY",
        "price_monthly": 3875.0,
        "currency": "CHF",
        "address": null,
        "postal_code": "8547",
        "city": "Gachnang",
        "country": "CH",
        "location_precision": "postal_code_city",
        "property_type": "apartment",
        "rooms": 4.5,
        "size_m2": 160.0,
        "floor": "Erdgeschoss",
        "furnished": true,
        "contract_type": "temporary",
        "available_from": null,
        "available_to": null,
        "minimum_months": 3,
        "maximum_months": null,
        "pets": null,
        "smoking": null,
        "student_only": null,
        "gender": null,
        "description": "RENTAL PERIOD from now to December 31, 2028 (min. 3 months) Furnished interim rent in a historic castle in 8547 Gachnang. - 4...",
        "external_url": "https://ums.ch/offer-detail/67140?utm_source=ronorp&utm_content=67140"
      }
    },
    {
      "type": "Feature",
      "geometry": {
        "type": "Point",
        "coordinates": [
          8.405428886413574,
          47.286075592041016
        ]
      },
      "properties": {
        "source": "ronorp",
        "source_url": "https://ronorp.net/market/posts/5-room-house-in-ottenbach-zh-furnished-28",
        "title": "5½ ROOM HOUSE IN OTTENBACH (ZH), FURNISHED",
        "price_monthly": 6250.0,
        "currency": "CHF",
        "address": null,
        "postal_code": "8913",
        "city": "Ottenbach",
        "country": "CH",
        "location_precision": "postal_code_city",
        "property_type": "other",
        "rooms": 5.5,
        "size_m2": 165.0,
        "floor": "Erdgeschoss",
        "furnished": true,
        "contract_type": "permanent",
        "available_from": null,
        "available_to": null,
        "minimum_months": 6,
        "maximum_months": null,
        "pets": null,
        "smoking": null,
        "student_only": null,
        "gender": null,
        "description": "RENTAL PERIOD from January 1, 2027 (min. 6 months) Single standing, bright, wooden nordic style, 2 floor family house with floor length windows...",
        "external_url": "https://ums.ch/offer-detail/65102?utm_source=ronorp&utm_content=65102"
      }
    },
    {
      "type": "Feature",
      "geometry": {
        "type": "Point",
        "coordinates": [
          8.688382148742676,
          47.39352798461914
        ]
      },
      "properties": {
        "source": "ronorp",
        "source_url": "https://ronorp.net/market/posts/5-room-apartment-in-volketswil-zh-furnished-47",
        "title": "5½ ROOM APARTMENT IN VOLKETSWIL (ZH), FURNISHED",
        "price_monthly": 4950.0,
        "currency": "CHF",
        "address": null,
        "postal_code": "8604",
        "city": "Volketswil",
        "country": "CH",
        "location_precision": "postal_code_city",
        "property_type": "apartment",
        "rooms": 5.5,
        "size_m2": 110.0,
        "floor": "Erdgeschoss",
        "furnished": true,
        "contract_type": "permanent",
        "available_from": null,
        "available_to": null,
        "minimum_months": 1,
        "maximum_months": null,
        "pets": null,
        "smoking": null,
        "student_only": null,
        "gender": null,
        "description": "RENTAL PERIOD from January 17, 2027 (min. 1 month) Renovated and fully furnished spacious apartment in Volketswil, 20 minutes by car to Zurich...",
        "external_url": "https://ums.ch/offer-detail/58473?utm_source=ronorp&utm_content=58473"
      }
    },
    {
      "type": "Feature",
      "geometry": {
        "type": "Point",
        "coordinates": [
          8.55160140991211,
          47.30763244628906
        ]
      },
      "properties": {
        "source": "ronorp",
        "source_url": "https://ronorp.net/market/posts/for-cat-lovers-in-ruschlikon-zh-furnished-temporary",
        "title": "FOR CAT LOVERS IN RÜSCHLIKON (ZH), FURNISHED, TEMPORARY",
        "price_monthly": 1920.0,
        "currency": "CHF",
        "address": null,
        "postal_code": "8803",
        "city": "Rüschlikon",
        "country": "CH",
        "location_precision": "postal_code_city",
        "property_type": "apartment",
        "rooms": 3.0,
        "size_m2": 92.0,
        "floor": "Erdgeschoss",
        "furnished": true,
        "contract_type": "temporary",
        "available_from": "2026-11-01",
        "available_to": "2027-05-31",
        "minimum_months": 7,
        "maximum_months": null,
        "pets": null,
        "smoking": null,
        "student_only": null,
        "gender": null,
        "description": "RENTAL PERIOD from November 1, 2026 to May 31, 2027 (min. 7 months) Nice, bright apartment on the left bank of Lake Zurich (3' lake/15' city)...",
        "external_url": "https://ums.ch/offer-detail/69292?utm_source=ronorp&utm_content=69292"
      }
    },
    {
      "type": "Feature",
      "geometry": {
        "type": "Point",
        "coordinates": [
          8.570526123046875,
          47.34613800048828
        ]
      },
      "properties": {
        "source": "ronorp",
        "source_url": "https://ronorp.net/market/posts/4-room-apartment-in-zollikon-zh-furnished-temporary-114",
        "title": "4½ ROOM APARTMENT IN ZOLLIKON (ZH), FURNISHED, TEMPORARY",
        "price_monthly": 5850.0,
        "currency": "CHF",
        "address": null,
        "postal_code": "8702",
        "city": "Zollikon",
        "country": "CH",
        "location_precision": "postal_code_city",
        "property_type": "apartment",
        "rooms": 4.5,
        "size_m2": 110.0,
        "floor": "Erdgeschoss",
        "furnished": true,
        "contract_type": "temporary",
        "available_from": "2026-10-01",
        "available_to": "2026-12-15",
        "minimum_months": null,
        "maximum_months": null,
        "pets": null,
        "smoking": null,
        "student_only": null,
        "gender": null,
        "description": "RENTAL PERIOD from October 1, 2026 to December 15, 2026. Furnished attic apartment with large terrace (100 sqm) near Rehalp...",
        "external_url": "https://ums.ch/offer-detail/64943?utm_source=ronorp&utm_content=64943"
      }
    },
    {
      "type": "Feature",
      "geometry": {
        "type": "Point",
        "coordinates": [
          8.536945343017578,
          47.36821365356445
        ]
      },
      "properties": {
        "source": "ronorp",
        "source_url": "https://ronorp.net/market/posts/elegant-35-room-period-apartment-in-zurich-enge-shared-apartment-flexible-room-rental-zurich-district-2-enge-bleicherweg",
        "title": "Elegant 3.5-Room Period Apartment in Zurich Enge – Shared Apartment / Flexible Room Rental Zurich District 2 / Enge – Bleicherweg",
        "price_monthly": 3850.0,
        "currency": "CHF",
        "address": null,
        "postal_code": "8002",
        "city": "Bleicherweg, Zürich, Schweiz",
        "country": "CH",
        "location_precision": "postal_code_city",
        "property_type": "shared_apartment",
        "rooms": 3.5,
        "size_m2": null,
        "floor": "2. Etage",
        "furnished": false,
        "contract_type": "permanent",
        "available_from": null,
        "available_to": null,
        "minimum_months": null,
        "maximum_months": null,
        "pets": null,
        "smoking": null,
        "student_only": null,
        "gender": null,
        "description": "Elegant 3.5-Room Period Apartment in Zurich Enge Shared Apartment / Flexible Room Rental Zurich District 2 / Enge Bleicherweg Beautiful...",
        "external_url": null
      }
    },
    {
      "type": "Feature",
      "geometry": {
        "type": "Point",
        "coordinates": [
          8.92758560180664,
          47.171722412109375
        ]
      },
      "properties": {
        "source": "ronorp",
        "source_url": "https://ronorp.net/market/posts/2-room-apartment-in-schubelbach-zh-furnished-temporary-1",
        "title": "2½ ROOM APARTMENT IN SCHÜBELBACH (ZH), FURNISHED, TEMPORARY",
        "price_monthly": 2280.0,
        "currency": "CHF",
        "address": null,
        "postal_code": "8862",
        "city": "Schübelbach",
        "country": "CH",
        "location_precision": "postal_code_city",
        "property_type": "apartment",
        "rooms": 2.5,
        "size_m2": 54.0,
        "floor": "Erdgeschoss",
        "furnished": true,
        "contract_type": "temporary",
        "available_from": "2026-11-01",
        "available_to": "2027-04-30",
        "minimum_months": 4,
        "maximum_months": null,
        "pets": null,
        "smoking": null,
        "student_only": null,
        "gender": null,
        "description": "RENTAL PERIOD from November 1, 2026 to April 30, 2027 (min. 4 months) Quiet, beautiful apartment in Schübelbach SZ with a large balcony, bus stop nearby...",
        "external_url": "https://ums.ch/offer-detail/69291?utm_source=ronorp&utm_content=69291"
      }
    },
    {
      "type": "Feature",
      "geometry": {
        "type": "Point",
        "coordinates": [
          8.715413093566895,
          47.490478515625
        ]
      },
      "properties": {
        "source": "ronorp",
        "source_url": "https://ronorp.net/market/posts/4-room-house-in-winterthur-toss-furnished-temporary",
        "title": "4 ROOM HOUSE IN WINTERTHUR - TÖSS, FURNISHED, TEMPORARY",
        "price_monthly": 3250.0,
        "currency": "CHF",
        "address": null,
        "postal_code": "8406",
        "city": "Winterthur",
        "country": "CH",
        "location_precision": "postal_code_city",
        "property_type": "other",
        "rooms": 4.0,
        "size_m2": 87.0,
        "floor": "Erdgeschoss",
        "furnished": true,
        "contract_type": "temporary",
        "available_from": "2026-09-01",
        "available_to": "2027-02-28",
        "minimum_months": 4,
        "maximum_months": null,
        "pets": null,
        "smoking": null,
        "student_only": null,
        "gender": null,
        "description": "RENTAL PERIOD from September 1, 2026 to February 28, 2027 (min. 4 months) Stylishly converted 4-room house with a small garden, 87m, on 2...",
        "external_url": "https://ums.ch/offer-detail/69286?utm_source=ronorp&utm_content=69286"
      }
    },
    {
      "type": "Feature",
      "geometry": {
        "type": "Point",
        "coordinates": [
          8.518587112426758,
          47.36949920654297
        ]
      },
      "properties": {
        "source": "ronorp",
        "source_url": "https://ronorp.net/market/posts/2-room-apartment-in-zurich-kreis-3-wiedikon-furnished-temporary-7",
        "title": "2 ROOM APARTMENT IN ZÜRICH - KREIS 3 WIEDIKON, FURNISHED, TEMPORARY",
        "price_monthly": 2640.0,
        "currency": "CHF",
        "address": null,
        "postal_code": "8003",
        "city": "Zürich",
        "country": "CH",
        "location_precision": "postal_code_city",
        "property_type": "apartment",
        "rooms": 2.0,
        "size_m2": 55.0,
        "floor": "Erdgeschoss",
        "furnished": true,
        "contract_type": "temporary",
        "available_from": "2026-11-01",
        "available_to": "2027-02-28",
        "minimum_months": null,
        "maximum_months": null,
        "pets": null,
        "smoking": null,
        "student_only": null,
        "gender": null,
        "description": "RENTAL PERIOD from November 1, 2026 to February 28, 2027. FIXED-TERM lease. Shorter lease terms are also possible at a higher daily rent...",
        "external_url": "https://ums.ch/offer-detail/69258?utm_source=ronorp&utm_content=69258"
      }
    },
    {
      "type": "Feature",
      "geometry": {
        "type": "Point",
        "coordinates": [
          8.701623916625977,
          47.17869186401367
        ]
      },
      "properties": {
        "source": "ronorp",
        "source_url": "https://ronorp.net/market/posts/4-room-apartment-in-schindellegi-sz-furnished-1",
        "title": "4½ ROOM APARTMENT IN SCHINDELLEGI (SZ), FURNISHED",
        "price_monthly": 2880.0,
        "currency": "CHF",
        "address": null,
        "postal_code": "8834",
        "city": "Schindellegi",
        "country": "CH",
        "location_precision": "postal_code_city",
        "property_type": "apartment",
        "rooms": 4.5,
        "size_m2": 120.0,
        "floor": "Erdgeschoss",
        "furnished": true,
        "contract_type": "permanent",
        "available_from": null,
        "available_to": null,
        "minimum_months": null,
        "maximum_months": null,
        "pets": null,
        "smoking": null,
        "student_only": null,
        "gender": null,
        "description": "RENTAL PERIOD from September 15, 2026. 4.5 room furnished apartment in the center of Schindellegi, 120m, on 2. floor, with elevator, garden (to be shared)...",
        "external_url": "https://ums.ch/offer-detail/69154?utm_source=ronorp&utm_content=69154"
      }
    },
    {
      "type": "Feature",
      "geometry": {
        "type": "Point",
        "coordinates": [
          8.783846855163574,
          47.28179931640625
        ]
      },
      "properties": {
        "source": "ronorp",
        "source_url": "https://ronorp.net/market/posts/4-room-apartment-in-gruningen-zh-furnished-temporary-2",
        "title": "4½ ROOM APARTMENT IN GRÜNINGEN (ZH), FURNISHED, TEMPORARY",
        "price_monthly": 3300.0,
        "currency": "CHF",
        "address": null,
        "postal_code": "8627",
        "city": "Grüningen",
        "country": "CH",
        "location_precision": "postal_code_city",
        "property_type": "apartment",
        "rooms": 4.5,
        "size_m2": 104.0,
        "floor": "Erdgeschoss",
        "furnished": true,
        "contract_type": "temporary",
        "available_from": "2026-10-01",
        "available_to": "2027-03-31",
        "minimum_months": 4,
        "maximum_months": null,
        "pets": null,
        "smoking": null,
        "student_only": null,
        "gender": null,
        "description": "RENTAL PERIOD from October 1, 2026 to March 31, 2027 (min. 4 months) Modern apartment in the countryside 30 minutes from Zurich by public transport, 104m...",
        "external_url": "https://ums.ch/offer-detail/68473?utm_source=ronorp&utm_content=68473"
      }
    },
    {
      "type": "Feature",
      "geometry": {
        "type": "Point",
        "coordinates": [
          8.49612808227539,
          47.38025665283203
        ]
      },
      "properties": {
        "source": "ronorp",
        "source_url": "https://ronorp.net/market/posts/3-room-apartment-in-zurich-kreis-9-albisrieden-furnished-temporary-4",
        "title": "3½ ROOM APARTMENT IN ZÜRICH - KREIS 9 ALBISRIEDEN, FURNISHED, TEMPORARY",
        "price_monthly": 3990.0,
        "currency": "CHF",
        "address": null,
        "postal_code": "8047",
        "city": "Zürich",
        "country": "CH",
        "location_precision": "postal_code_city",
        "property_type": "apartment",
        "rooms": 3.5,
        "size_m2": 121.0,
        "floor": "Erdgeschoss",
        "furnished": true,
        "contract_type": "temporary",
        "available_from": "2026-11-01",
        "available_to": "2027-08-31",
        "minimum_months": 9,
        "maximum_months": null,
        "pets": null,
        "smoking": null,
        "student_only": null,
        "gender": null,
        "description": "RENTAL PERIOD from November 1, 2026 to August 31, 2027 (min. 9 months) Furnished 121 m maisonette in Zurich-Albisrieden with 2 bedrooms, living/dining area...",
        "external_url": "https://ums.ch/offer-detail/69119?utm_source=ronorp&utm_content=69119"
      }
    },
    {
      "type": "Feature",
      "geometry": {
        "type": "Point",
        "coordinates": [
          8.724449157714844,
          47.50303268432617
        ]
      },
      "properties": {
        "source": "ronorp",
        "source_url": "https://ronorp.net/market/posts/3-room-apartment-in-winterthur-furnished-temporary-3",
        "title": "3½ ROOM APARTMENT IN WINTERTHUR, FURNISHED, TEMPORARY",
        "price_monthly": 2646.0,
        "currency": "CHF",
        "address": null,
        "postal_code": "8400",
        "city": "Winterthur",
        "country": "CH",
        "location_precision": "postal_code_city",
        "property_type": "apartment",
        "rooms": 3.5,
        "size_m2": 76.0,
        "floor": "Erdgeschoss",
        "furnished": true,
        "contract_type": "temporary",
        "available_from": "2026-09-28",
        "available_to": "2026-12-04",
        "minimum_months": 2,
        "maximum_months": null,
        "pets": null,
        "smoking": null,
        "student_only": null,
        "gender": null,
        "description": "RENTAL PERIOD from September 28, 2026 to December 4, 2026 (min. 2 months) 3.5-room apartment, fully furnished (7 minutes from downtown), 76m, ground floor...",
        "external_url": "https://ums.ch/offer-detail/69281?utm_source=ronorp&utm_content=69281"
      }
    },
    {
      "type": "Feature",
      "geometry": {
        "type": "Point",
        "coordinates": [
          8.560789108276367,
          47.42323684692383
        ]
      },
      "properties": {
        "source": "ronorp",
        "source_url": "https://ronorp.net/market/posts/2-room-apartment-in-glattpark-opfikon-furnished-temporary-3",
        "title": "2½ ROOM APARTMENT IN GLATTPARK (OPFIKON), FURNISHED, TEMPORARY",
        "price_monthly": 2188.0,
        "currency": "CHF",
        "address": null,
        "postal_code": "8152",
        "city": "Glattpark (Opfikon)",
        "country": "CH",
        "location_precision": "postal_code_city",
        "property_type": "apartment",
        "rooms": 2.5,
        "size_m2": 61.0,
        "floor": "Erdgeschoss",
        "furnished": true,
        "contract_type": "temporary",
        "available_from": "2027-01-02",
        "available_to": "2027-04-04",
        "minimum_months": 3,
        "maximum_months": null,
        "pets": null,
        "smoking": null,
        "student_only": null,
        "gender": null,
        "description": "RENTAL PERIOD from January 2, 2027 to April 4, 2027 (min. 3 months) Modern, comfortable apartment near the city center and the airport...",
        "external_url": "https://ums.ch/offer-detail/69200?utm_source=ronorp&utm_content=69200"
      }
    },
    {
      "type": "Feature",
      "geometry": {
        "type": "Point",
        "coordinates": [
          8.18844223022461,
          47.327171325683594
        ]
      },
      "properties": {
        "source": "ronorp",
        "source_url": "https://ronorp.net/market/posts/2-room-apartment-in-seengen-ag-furnished-temporary",
        "title": "2½ ROOM APARTMENT IN SEENGEN (AG), FURNISHED, TEMPORARY",
        "price_monthly": 70.0,
        "currency": "CHF",
        "address": null,
        "postal_code": "5707",
        "city": "Seengen",
        "country": "CH",
        "location_precision": "postal_code_city",
        "property_type": "apartment",
        "rooms": 2.5,
        "size_m2": 65.0,
        "floor": "Erdgeschoss",
        "furnished": true,
        "contract_type": "temporary",
        "available_from": "2026-10-31",
        "available_to": "2026-11-29",
        "minimum_months": 1,
        "maximum_months": null,
        "pets": null,
        "smoking": null,
        "student_only": null,
        "gender": null,
        "description": "RENTAL PERIOD from October 31, 2026 to November 29, 2026 (min. 1 month) Nice, fully furnished 2.5 room apartment with private washing tower and balcony...",
        "external_url": "https://ums.ch/offer-detail/69237?utm_source=ronorp&utm_content=69237"
      }
    },
    {
      "type": "Feature",
      "geometry": {
        "type": "Point",
        "coordinates": [
          8.527311325073242,
          47.37721252441406
        ]
      },
      "properties": {
        "source": "ronorp",
        "source_url": "https://ronorp.net/market/posts/2-room-apartment-in-zurich-kreis-8-seefeldmuhlebach-furnished-temporary-4",
        "title": "2 ROOM APARTMENT IN ZÜRICH - KREIS 8 SEEFELD/MÜHLEBACH, FURNISHED, TEMPORARY",
        "price_monthly": 3950.0,
        "currency": "CHF",
        "address": null,
        "postal_code": "8008",
        "city": "Zurich",
        "country": "CH",
        "location_precision": "postal_code_city",
        "property_type": "apartment",
        "rooms": 2.0,
        "size_m2": 60.0,
        "floor": "Erdgeschoss",
        "furnished": true,
        "contract_type": "temporary",
        "available_from": null,
        "available_to": null,
        "minimum_months": 4,
        "maximum_months": null,
        "pets": null,
        "smoking": null,
        "student_only": null,
        "gender": null,
        "description": "RENTAL PERIOD from now to January 8, 2027 (min. 4 months) The apartment is located on the 3rd floor and offers approx. 60 m of living space with a balcony...",
        "external_url": "https://ums.ch/offer-detail/69257?utm_source=ronorp&utm_content=69257"
      }
    },
    {
      "type": "Feature",
      "geometry": {
        "type": "Point",
        "coordinates": [
          8.515005111694336,
          47.33405685424805
        ]
      },
      "properties": {
        "source": "ronorp",
        "source_url": "https://ronorp.net/market/posts/4-room-apartment-in-zurich-furnished-temporary-2",
        "title": "4 ROOM APARTMENT IN ZÜRICH, FURNISHED, TEMPORARY",
        "price_monthly": 3300.0,
        "currency": "CHF",
        "address": null,
        "postal_code": "8041",
        "city": "Zürich",
        "country": "CH",
        "location_precision": "postal_code_city",
        "property_type": "apartment",
        "rooms": 4.0,
        "size_m2": 80.0,
        "floor": "Erdgeschoss",
        "furnished": true,
        "contract_type": "temporary",
        "available_from": "2026-12-01",
        "available_to": "2027-12-31",
        "minimum_months": 1,
        "maximum_months": null,
        "pets": null,
        "smoking": null,
        "student_only": null,
        "gender": null,
        "description": "RENTAL PERIOD from December 1, 2026 to December 31, 2027 (min. 1 month) furnished, 80m, 1 balcony, garden (to be shared), patio (to be shared)...",
        "external_url": "https://ums.ch/offer-detail/69186?utm_source=ronorp&utm_content=69186"
      }
    },
    {
      "type": "Feature",
      "geometry": {
        "type": "Point",
        "coordinates": [
          8.814070701599121,
          47.33500289916992
        ]
      },
      "properties": {
        "source": "ronorp",
        "source_url": "https://ronorp.net/market/posts/4-room-house-in-wetzikon-zh-furnished-temporary",
        "title": "4½ ROOM HOUSE IN WETZIKON (ZH), FURNISHED, TEMPORARY",
        "price_monthly": 3250.0,
        "currency": "CHF",
        "address": null,
        "postal_code": "8623",
        "city": "Wetzikon ZH",
        "country": "CH",
        "location_precision": "postal_code_city",
        "property_type": "other",
        "rooms": 4.5,
        "size_m2": 110.0,
        "floor": "Erdgeschoss",
        "furnished": true,
        "contract_type": "temporary",
        "available_from": "2026-10-03",
        "available_to": "2027-05-31",
        "minimum_months": 3,
        "maximum_months": null,
        "pets": null,
        "smoking": null,
        "student_only": null,
        "gender": null,
        "description": "RENTAL PERIOD from October 3, 2026 to May 31, 2027 (min. 3 months) A very nice semi-detached house with its own garden and patio in a quiet...",
        "external_url": "https://ums.ch/offer-detail/68862?utm_source=ronorp&utm_content=68862"
      }
    },
    {
      "type": "Feature",
      "geometry": {
        "type": "Point",
        "coordinates": [
          8.529428482055664,
          47.394630432128906
        ]
      },
      "properties": {
        "source": "ronorp",
        "source_url": "https://ronorp.net/market/posts/3-room-apartment-in-zurich-kreis-10-wipkingen-furnished-temporary-4",
        "title": "3½ ROOM APARTMENT IN ZÜRICH - KREIS 10 WIPKINGEN, FURNISHED, TEMPORARY",
        "price_monthly": 2875.0,
        "currency": "CHF",
        "address": null,
        "postal_code": "8037",
        "city": "Zürich",
        "country": "CH",
        "location_precision": "postal_code_city",
        "property_type": "apartment",
        "rooms": 3.5,
        "size_m2": 88.0,
        "floor": "Erdgeschoss",
        "furnished": true,
        "contract_type": "temporary",
        "available_from": "2026-10-02",
        "available_to": "2027-01-31",
        "minimum_months": 2,
        "maximum_months": null,
        "pets": null,
        "smoking": null,
        "student_only": null,
        "gender": null,
        "description": "RENTAL PERIOD from October 2, 2026 to January 31, 2027 (min. 2 months) Modernly furnished 3.5 room apartment with balcony in a central location...",
        "external_url": "https://ums.ch/offer-detail/69261?utm_source=ronorp&utm_content=69261"
      }
    },
    {
      "type": "Feature",
      "geometry": {
        "type": "Point",
        "coordinates": [
          8.53247356414795,
          47.331783294677734
        ]
      },
      "properties": {
        "source": "ronorp",
        "source_url": "https://ronorp.net/market/posts/5-room-house-in-zurich-kreis-2-wollishofen-furnished-temporary-1",
        "title": "5 ROOM HOUSE IN ZÜRICH - KREIS 2 WOLLISHOFEN, FURNISHED, TEMPORARY",
        "price_monthly": 4000.0,
        "currency": "CHF",
        "address": null,
        "postal_code": "8038",
        "city": "Zürich",
        "country": "CH",
        "location_precision": "postal_code_city",
        "property_type": "other",
        "rooms": 5.0,
        "size_m2": 150.0,
        "floor": "Erdgeschoss",
        "furnished": true,
        "contract_type": "temporary",
        "available_from": "2026-12-01",
        "available_to": "2027-04-21",
        "minimum_months": 4,
        "maximum_months": null,
        "pets": null,
        "smoking": null,
        "student_only": null,
        "gender": null,
        "description": "RENTAL PERIOD from December 1, 2026 to April 21, 2027 (min. 4 months) Our home is spacious cozy and comfortable. We have lived here 23 years and we took...",
        "external_url": "https://ums.ch/offer-detail/69260?utm_source=ronorp&utm_content=69260"
      }
    },
    {
      "type": "Feature",
      "geometry": {
        "type": "Point",
        "coordinates": [
          8.459360122680664,
          47.480499267578125
        ]
      },
      "properties": {
        "source": "ronorp",
        "source_url": "https://ronorp.net/market/posts/2-room-attic-apartment-in-dielsdorf-zh-furnished-temporary-1",
        "title": "2½ ROOM ATTIC APARTMENT IN DIELSDORF (ZH), FURNISHED, TEMPORARY",
        "price_monthly": 2490.0,
        "currency": "CHF",
        "address": null,
        "postal_code": "8157",
        "city": "Dielsdorf",
        "country": "CH",
        "location_precision": "postal_code_city",
        "property_type": "apartment",
        "rooms": 2.5,
        "size_m2": 90.0,
        "floor": "Erdgeschoss",
        "furnished": true,
        "contract_type": "temporary",
        "available_from": null,
        "available_to": null,
        "minimum_months": 6,
        "maximum_months": null,
        "pets": null,
        "smoking": null,
        "student_only": null,
        "gender": null,
        "description": "RENTAL PERIOD from now to July 31, 2027 (min. 6 months) Close to Zurich, quiet house, quiet location. Hiking trails, warehouses (mountain) and nature...",
        "external_url": "https://ums.ch/offer-detail/68811?utm_source=ronorp&utm_content=68811"
      }
    },
    {
      "type": "Feature",
      "geometry": {
        "type": "Point",
        "coordinates": [
          8.980149269104004,
          47.16918182373047
        ]
      },
      "properties": {
        "source": "ronorp",
        "source_url": "https://ronorp.net/market/posts/1-room-apartment-in-reichenburg-sz-furnished-14",
        "title": "1 ROOM APARTMENT IN REICHENBURG (SZ), FURNISHED",
        "price_monthly": 1680.0,
        "currency": "CHF",
        "address": null,
        "postal_code": "8864",
        "city": "Reichenburg",
        "country": "CH",
        "location_precision": "postal_code_city",
        "property_type": "apartment",
        "rooms": 1.0,
        "size_m2": 32.0,
        "floor": "Erdgeschoss",
        "furnished": true,
        "contract_type": "permanent",
        "available_from": null,
        "available_to": null,
        "minimum_months": 1,
        "maximum_months": null,
        "pets": null,
        "smoking": null,
        "student_only": null,
        "gender": null,
        "description": "RENTAL PERIOD from December 1, 2026 (min. 1 month, by arrangement) 32m, ground floor, with elevator, 1 private parking space...",
        "external_url": "https://ums.ch/offer-detail/67983?utm_source=ronorp&utm_content=67983"
      }
    },
    {
      "type": "Feature",
      "geometry": {
        "type": "Point",
        "coordinates": [
          8.346651077270508,
          47.27874755859375
        ]
      },
      "properties": {
        "source": "ronorp",
        "source_url": "https://ronorp.net/market/posts/2-room-apartment-in-muri-ag-furnished-temporary-4",
        "title": "2½ ROOM APARTMENT IN MURI (AG), FURNISHED, TEMPORARY",
        "price_monthly": 2340.0,
        "currency": "CHF",
        "address": null,
        "postal_code": "5630",
        "city": "Muri AG",
        "country": "CH",
        "location_precision": "postal_code_city",
        "property_type": "apartment",
        "rooms": 2.5,
        "size_m2": 77.0,
        "floor": "Erdgeschoss",
        "furnished": true,
        "contract_type": "temporary",
        "available_from": "2026-10-15",
        "available_to": "2027-04-30",
        "minimum_months": 5,
        "maximum_months": null,
        "pets": null,
        "smoking": null,
        "student_only": null,
        "gender": null,
        "description": "RENTAL PERIOD from October 15, 2026 to April 30, 2027 (min. 5 months, by arrangement) It is a modern attic apartment. A lot of shops and good public...",
        "external_url": "https://ums.ch/offer-detail/67553?utm_source=ronorp&utm_content=67553"
      }
    },
    {
      "type": "Feature",
      "geometry": {
        "type": "Point",
        "coordinates": [
          8.756204605102539,
          47.2072868347168
        ]
      },
      "properties": {
        "source": "ronorp",
        "source_url": "https://ronorp.net/market/posts/2-room-apartment-in-freienbach-sz-furnished-temporary-2",
        "title": "2½ ROOM APARTMENT IN FREIENBACH (SZ), FURNISHED, TEMPORARY",
        "price_monthly": 2990.0,
        "currency": "CHF",
        "address": null,
        "postal_code": "8807",
        "city": "Freienbach",
        "country": "CH",
        "location_precision": "postal_code_city",
        "property_type": "apartment",
        "rooms": 2.5,
        "size_m2": 70.0,
        "floor": "Erdgeschoss",
        "furnished": true,
        "contract_type": "temporary",
        "available_from": "2026-09-04",
        "available_to": "2026-10-30",
        "minimum_months": null,
        "maximum_months": null,
        "pets": null,
        "smoking": null,
        "student_only": null,
        "gender": null,
        "description": "RENTAL PERIOD from September 4, 2026 to October 30, 2026. This is a modern 2.5 room flat with private terrace and outdoor parking space...",
        "external_url": "https://ums.ch/offer-detail/69242?utm_source=ronorp&utm_content=69242"
      }
    },
    {
      "type": "Feature",
      "geometry": {
        "type": "Point",
        "coordinates": [
          8.481508255004883,
          47.386985778808594
        ]
      },
      "properties": {
        "source": "ronorp",
        "source_url": "https://ronorp.net/market/posts/2-room-apartment-in-zurich-kreis-9-altstetten-furnished-temporary-14",
        "title": "2½ ROOM APARTMENT IN ZÜRICH - KREIS 9 ALTSTETTEN, FURNISHED, TEMPORARY",
        "price_monthly": 2990.0,
        "currency": "CHF",
        "address": null,
        "postal_code": "8048",
        "city": "Zürich",
        "country": "CH",
        "location_precision": "postal_code_city",
        "property_type": "apartment",
        "rooms": 2.5,
        "size_m2": 90.0,
        "floor": "Erdgeschoss",
        "furnished": true,
        "contract_type": "temporary",
        "available_from": "2026-12-01",
        "available_to": "2027-02-01",
        "minimum_months": 2,
        "maximum_months": null,
        "pets": null,
        "smoking": null,
        "student_only": null,
        "gender": null,
        "description": "RENTAL PERIOD from December 1, 2026 to February 1, 2027 (min. 2 months) Modern 2.5 room apartment in Altstetten with 1 bedroom, open living room, kitchen...",
        "external_url": "https://ums.ch/offer-detail/69239?utm_source=ronorp&utm_content=69239"
      }
    },
    {
      "type": "Feature",
      "geometry": {
        "type": "Point",
        "coordinates": [
          8.728327751159668,
          47.53120422363281
        ]
      },
      "properties": {
        "source": "ronorp",
        "source_url": "https://ronorp.net/market/posts/1-room-apartment-in-seuzach-zh-furnished-temporary-1",
        "title": "1½ ROOM APARTMENT IN SEUZACH (ZH), FURNISHED, TEMPORARY",
        "price_monthly": 1994.0,
        "currency": "CHF",
        "address": null,
        "postal_code": "8472",
        "city": "Seuzach",
        "country": "CH",
        "location_precision": "postal_code_city",
        "property_type": "apartment",
        "rooms": 1.5,
        "size_m2": 57.0,
        "floor": "Erdgeschoss",
        "furnished": true,
        "contract_type": "temporary",
        "available_from": null,
        "available_to": null,
        "minimum_months": null,
        "maximum_months": null,
        "pets": null,
        "smoking": null,
        "student_only": null,
        "gender": null,
        "description": "RENTAL PERIOD from now to October 2, 2026. Beautiful apartment for a single person or couple, built in 2018. The apartment is in very good condition...",
        "external_url": "https://ums.ch/offer-detail/69235?utm_source=ronorp&utm_content=69235"
      }
    },
    {
      "type": "Feature",
      "geometry": {
        "type": "Point",
        "coordinates": [
          8.513679504394531,
          47.391475677490234
        ]
      },
      "properties": {
        "source": "ronorp",
        "source_url": "https://ronorp.net/market/posts/4-room-apartment-in-zurich-kreis-5-furnished-temporary-9",
        "title": "4 ROOM APARTMENT IN ZÜRICH - KREIS 5, FURNISHED, TEMPORARY",
        "price_monthly": 4020.0,
        "currency": "CHF",
        "address": null,
        "postal_code": "8005",
        "city": "Zürich",
        "country": "CH",
        "location_precision": "postal_code_city",
        "property_type": "apartment",
        "rooms": 4.0,
        "size_m2": null,
        "floor": "Erdgeschoss",
        "furnished": true,
        "contract_type": "temporary",
        "available_from": "2026-11-01",
        "available_to": "2027-04-30",
        "minimum_months": 6,
        "maximum_months": null,
        "pets": null,
        "smoking": null,
        "student_only": null,
        "gender": null,
        "description": "RENTAL PERIOD from November 1, 2026 to April 30, 2027 (min. 6 months) Central apartment in Zurich - 10-minute walk from the main train station - Cozy...",
        "external_url": "https://ums.ch/offer-detail/69234?utm_source=ronorp&utm_content=69234"
      }
    },
    {
      "type": "Feature",
      "geometry": {
        "type": "Point",
        "coordinates": [
          8.52978229522705,
          47.37150192260742
        ]
      },
      "properties": {
        "source": "ronorp",
        "source_url": "https://ronorp.net/market/posts/2-room-apartment-in-zurich-kreis-4-furnished-temporary-6",
        "title": "2½ ROOM APARTMENT IN ZÜRICH - KREIS 4, FURNISHED, TEMPORARY",
        "price_monthly": 2350.0,
        "currency": "CHF",
        "address": null,
        "postal_code": "8004",
        "city": "Zürich",
        "country": "CH",
        "location_precision": "postal_code_city",
        "property_type": "apartment",
        "rooms": 2.5,
        "size_m2": 70.0,
        "floor": "Erdgeschoss",
        "furnished": true,
        "contract_type": "temporary",
        "available_from": "2027-01-01",
        "available_to": "2027-06-30",
        "minimum_months": null,
        "maximum_months": null,
        "pets": null,
        "smoking": null,
        "student_only": null,
        "gender": null,
        "description": "RENTAL PERIOD from January 1, 2027 to June 30, 2027. Nice 2.5 room apartment Bedroom with big Ikea wardrobe Separate, fully equipped kitchen Living room...",
        "external_url": "https://ums.ch/offer-detail/69134?utm_source=ronorp&utm_content=69134"
      }
    },
    {
      "type": "Feature",
      "geometry": {
        "type": "Point",
        "coordinates": [
          8.509710311889648,
          47.378719329833984
        ]
      },
      "properties": {
        "source": "ronorp",
        "source_url": "https://ronorp.net/market/posts/super-lux-nice-attic-flatshare-2-of-us-total-near-albisriederplatz-zurich-chf-1380month-50-utilities-move-in-1st-sept-or-19th-aug-viewings-wed-12th-thu-13th-aug-this-week-just-complete-doodle-cheers-big-ears",
        "title": "Super lux & nice attic flatshare (2 of us total) near Albisriederplatz, Zurich – CHF 1,380/month + ~50 utilities, move-in 1st Sept (or 19th Aug), viewings Wed 12th & Thu 13th Aug (this week), just complete doodle, cheers big ears! 🙂",
        "price_monthly": 1380.0,
        "currency": "CHF",
        "address": "Badenerstrasse 356",
        "postal_code": "8004",
        "city": "Zürich",
        "country": "CH",
        "location_precision": "address",
        "property_type": "shared_apartment",
        "rooms": 3.0,
        "size_m2": 85.0,
        "floor": "5. Etage",
        "furnished": false,
        "contract_type": "permanent",
        "available_from": null,
        "available_to": null,
        "minimum_months": null,
        "maximum_months": null,
        "pets": null,
        "smoking": null,
        "student_only": null,
        "gender": null,
        "description": "Hiya :) Im looking for a new flatmate for a nice, recently renovated and stylish attic flat in Zurich. There would be just 2 of us in total...",
        "external_url": null
      }
    },
    {
      "type": "Feature",
      "geometry": {
        "type": "Point",
        "coordinates": [
          8.529428482055664,
          47.394630432128906
        ]
      },
      "properties": {
        "source": "ronorp",
        "source_url": "https://ronorp.net/market/posts/2-room-attic-apartment-in-zurich-kreis-10-furnished-temporary",
        "title": "2½ ROOM ATTIC APARTMENT IN ZÜRICH - KREIS 10, FURNISHED, TEMPORARY",
        "price_monthly": 2744.0,
        "currency": "CHF",
        "address": null,
        "postal_code": "8037",
        "city": "Zürich",
        "country": "CH",
        "location_precision": "postal_code_city",
        "property_type": "apartment",
        "rooms": 2.5,
        "size_m2": 50.0,
        "floor": "Erdgeschoss",
        "furnished": true,
        "contract_type": "temporary",
        "available_from": "2026-10-01",
        "available_to": "2027-03-31",
        "minimum_months": null,
        "maximum_months": null,
        "pets": null,
        "smoking": null,
        "student_only": null,
        "gender": null,
        "description": "RENTAL PERIOD from October 1, 2026 to March 31, 2027. Lovingly furnished, fully furnished 2.5-room attic apartment with unobstructed views over the Limmat...",
        "external_url": "https://ums.ch/offer-detail/69233?utm_source=ronorp&utm_content=69233"
      }
    },
    {
      "type": "Feature",
      "geometry": {
        "type": "Point",
        "coordinates": [
          8.165921211242676,
          47.388336181640625
        ]
      },
      "properties": {
        "source": "ronorp",
        "source_url": "https://ronorp.net/market/posts/3-room-apartment-in-lenzburg-ag-furnished-temporary-1",
        "title": "3½ ROOM APARTMENT IN LENZBURG (AG), FURNISHED, TEMPORARY",
        "price_monthly": 3000.0,
        "currency": "CHF",
        "address": null,
        "postal_code": "5600",
        "city": "Lenzburg",
        "country": "CH",
        "location_precision": "postal_code_city",
        "property_type": "apartment",
        "rooms": 3.5,
        "size_m2": 150.0,
        "floor": "Erdgeschoss",
        "furnished": true,
        "contract_type": "temporary",
        "available_from": "2026-12-27",
        "available_to": "2027-03-07",
        "minimum_months": 2,
        "maximum_months": null,
        "pets": null,
        "smoking": null,
        "student_only": null,
        "gender": null,
        "description": "RENTAL PERIOD from December 27, 2026 to March 7, 2027 (min. 2 months) Furnished 3.5 room apartment with garden in a central location in Lenzburg - limited...",
        "external_url": "https://ums.ch/offer-detail/69231?utm_source=ronorp&utm_content=69231"
      }
    },
    {
      "type": "Feature",
      "geometry": {
        "type": "Point",
        "coordinates": [
          8.801904678344727,
          47.321434020996094
        ]
      },
      "properties": {
        "source": "ronorp",
        "source_url": "https://ronorp.net/market/posts/3-room-apartment-in-wetzikon-zh-furnished-temporary-1",
        "title": "3½ ROOM APARTMENT IN WETZIKON (ZH), FURNISHED, TEMPORARY",
        "price_monthly": 2625.0,
        "currency": "CHF",
        "address": null,
        "postal_code": "8620",
        "city": "Wetzikon ZH",
        "country": "CH",
        "location_precision": "postal_code_city",
        "property_type": "apartment",
        "rooms": 3.5,
        "size_m2": 90.0,
        "floor": "Erdgeschoss",
        "furnished": true,
        "contract_type": "temporary",
        "available_from": "2026-10-01",
        "available_to": "2026-12-17",
        "minimum_months": 2,
        "maximum_months": null,
        "pets": null,
        "smoking": null,
        "student_only": null,
        "gender": null,
        "description": "RENTAL PERIOD from October 1, 2026 to December 17, 2026 (min. 2 months) Light-flooded 3.5 room apartment in a quiet location near the train station, 90m...",
        "external_url": "https://ums.ch/offer-detail/69229?utm_source=ronorp&utm_content=69229"
      }
    },
    {
      "type": "Feature",
      "geometry": {
        "type": "Point",
        "coordinates": [
          8.057548522949219,
          47.30953598022461
        ]
      },
      "properties": {
        "source": "ronorp",
        "source_url": "https://ronorp.net/market/posts/3-room-apartment-in-schoftland-ag-furnished-temporary",
        "title": "3½ ROOM APARTMENT IN SCHÖFTLAND (AG), FURNISHED, TEMPORARY",
        "price_monthly": 2400.0,
        "currency": "CHF",
        "address": null,
        "postal_code": "5040",
        "city": "Schöftland",
        "country": "CH",
        "location_precision": "postal_code_city",
        "property_type": "apartment",
        "rooms": 3.5,
        "size_m2": 70.0,
        "floor": "Erdgeschoss",
        "furnished": true,
        "contract_type": "temporary",
        "available_from": "2026-11-01",
        "available_to": "2027-04-30",
        "minimum_months": 4,
        "maximum_months": null,
        "pets": null,
        "smoking": null,
        "student_only": null,
        "gender": null,
        "description": "RENTAL PERIOD from November 1, 2026 to April 30, 2027 (min. 4 months) Bright, cozy apartment on the edge of the forest lovingly furnished and fully equipped...",
        "external_url": "https://ums.ch/offer-detail/69214?utm_source=ronorp&utm_content=69214"
      }
    },
    {
      "type": "Feature",
      "geometry": {
        "type": "Point",
        "coordinates": [
          8.653481483459473,
          47.20895767211914
        ]
      },
      "properties": {
        "source": "ronorp",
        "source_url": "https://ronorp.net/market/posts/for-an-individual-in-wadenswil-zh-furnished-temporary-1",
        "title": "FOR AN INDIVIDUAL IN WÄDENSWIL (ZH), FURNISHED, TEMPORARY",
        "price_monthly": 1500.0,
        "currency": "CHF",
        "address": null,
        "postal_code": "8820",
        "city": "Wädenswil",
        "country": "CH",
        "location_precision": "postal_code_city",
        "property_type": "apartment",
        "rooms": 2.5,
        "size_m2": 55.0,
        "floor": "Erdgeschoss",
        "furnished": true,
        "contract_type": "temporary",
        "available_from": "2027-01-04",
        "available_to": "2027-03-14",
        "minimum_months": 2,
        "maximum_months": null,
        "pets": null,
        "smoking": null,
        "student_only": null,
        "gender": null,
        "description": "RENTAL PERIOD from January 4, 2027 to March 14, 2027 (min. 2 months) Beautiful, furnished 3 1/2-room apartment with a balcony in an apartment building...",
        "external_url": "https://ums.ch/offer-detail/68836?utm_source=ronorp&utm_content=68836"
      }
    },
    {
      "type": "Feature",
      "geometry": {
        "type": "Point",
        "coordinates": [
          8.557084083557129,
          47.3580322265625
        ]
      },
      "properties": {
        "source": "ronorp",
        "source_url": "https://ronorp.net/market/posts/open-bright-25br-apartment-in-seefeld-from-1-sept-5min-from-chinagarten-massive-rooftop-chf-2850-incl-nk",
        "title": "Open & bright 2.5br apartment in Seefeld from 1. Sept, 5min from Chinagarten, massive rooftop, CHF 2’850.- (incl. NK)",
        "price_monthly": 2850.0,
        "currency": "CHF",
        "address": "Wildbachstrasse",
        "postal_code": "8008",
        "city": "Zürich",
        "country": "CH",
        "location_precision": "address",
        "property_type": "apartment",
        "rooms": null,
        "size_m2": null,
        "floor": "3. Etage",
        "furnished": false,
        "contract_type": null,
        "available_from": null,
        "available_to": null,
        "minimum_months": null,
        "maximum_months": null,
        "pets": null,
        "smoking": null,
        "student_only": null,
        "gender": null,
        "description": "Address: Wildbachstrasse, 8008 Zürich Pictures & floor plan: https://photos.app.goo.gl/dT8VfUBi4VHoi5tNA Heads up: the two bedrooms are slightly open...",
        "external_url": null
      }
    },
    {
      "type": "Feature",
      "geometry": {
        "type": "Point",
        "coordinates": [
          8.276301383972168,
          47.4613151550293
        ]
      },
      "properties": {
        "source": "ronorp",
        "source_url": "https://ronorp.net/market/posts/2-room-attic-apartment-penthouse-in-baden-ag-furnished-temporary-64",
        "title": "2½ ROOM ATTIC APARTMENT (PENTHOUSE) IN BADEN (AG), FURNISHED, TEMPORARY",
        "price_monthly": 2500.0,
        "currency": "CHF",
        "address": null,
        "postal_code": "5400",
        "city": "Baden",
        "country": "CH",
        "location_precision": "postal_code_city",
        "property_type": "apartment",
        "rooms": 2.5,
        "size_m2": 75.0,
        "floor": "Erdgeschoss",
        "furnished": true,
        "contract_type": "temporary",
        "available_from": "2026-11-01",
        "available_to": "2027-04-30",
        "minimum_months": 3,
        "maximum_months": null,
        "pets": null,
        "smoking": null,
        "student_only": null,
        "gender": null,
        "description": "RENTAL PERIOD from November 1, 2026 to April 30, 2027 (min. 3 months) I'm looking for a person (NR) for my apartment with 2 terraces...",
        "external_url": "https://ums.ch/offer-detail/69221?utm_source=ronorp&utm_content=69221"
      }
    },
    {
      "type": "Feature",
      "geometry": {
        "type": "Point",
        "coordinates": [
          8.836795806884766,
          47.304405212402344
        ]
      },
      "properties": {
        "source": "ronorp",
        "source_url": "https://ronorp.net/market/posts/3-room-apartment-in-hinwil-zh-furnished-temporary-7",
        "title": "3½ ROOM APARTMENT IN HINWIL (ZH), FURNISHED, TEMPORARY",
        "price_monthly": 2940.0,
        "currency": "CHF",
        "address": null,
        "postal_code": "8340",
        "city": "Hinwil",
        "country": "CH",
        "location_precision": "postal_code_city",
        "property_type": "apartment",
        "rooms": 3.5,
        "size_m2": 92.0,
        "floor": "Erdgeschoss",
        "furnished": true,
        "contract_type": "temporary",
        "available_from": "2026-08-29",
        "available_to": "2026-12-20",
        "minimum_months": 2,
        "maximum_months": null,
        "pets": null,
        "smoking": null,
        "student_only": null,
        "gender": null,
        "description": "RENTAL PERIOD from August 29, 2026 to December 20, 2026 (min. 2 months) The perfect home for 2-3 people with a folding guest bed that can be extended...",
        "external_url": "https://ums.ch/offer-detail/68415?utm_source=ronorp&utm_content=68415"
      }
    },
    {
      "type": "Feature",
      "geometry": {
        "type": "Point",
        "coordinates": [
          8.53247356414795,
          47.331783294677734
        ]
      },
      "properties": {
        "source": "ronorp",
        "source_url": "https://ronorp.net/market/posts/2-room-apartment-in-zurich-kreis-2-wollishofen-furnished-temporary-5",
        "title": "2½ ROOM APARTMENT IN ZÜRICH - KREIS 2 WOLLISHOFEN, FURNISHED, TEMPORARY",
        "price_monthly": 3000.0,
        "currency": "CHF",
        "address": null,
        "postal_code": "8038",
        "city": "Zürich",
        "country": "CH",
        "location_precision": "postal_code_city",
        "property_type": "apartment",
        "rooms": 2.5,
        "size_m2": 90.0,
        "floor": "Erdgeschoss",
        "furnished": true,
        "contract_type": "temporary",
        "available_from": "2026-12-01",
        "available_to": "2026-12-31",
        "minimum_months": null,
        "maximum_months": null,
        "pets": null,
        "smoking": null,
        "student_only": null,
        "gender": null,
        "description": "RENTAL PERIOD from December 1, 2026 to December 31, 2026. Modern 2.5 room apartment Minergiestandard with lake view, quietly located yet centrally located...",
        "external_url": "https://ums.ch/offer-detail/69217?utm_source=ronorp&utm_content=69217"
      }
    },
    {
      "type": "Feature",
      "geometry": {
        "type": "Point",
        "coordinates": [
          8.509563446044922,
          47.36837387084961
        ]
      },
      "properties": {
        "source": "ronorp",
        "source_url": "https://ronorp.net/market/posts/2-room-apartment-in-zurich-wiedikon",
        "title": "2-Room Apartment in Zürich Wiedikon",
        "price_monthly": 2690.0,
        "currency": "CHF",
        "address": "Höfliweg 9",
        "postal_code": "8055",
        "city": "Zürich",
        "country": "CH",
        "location_precision": "address",
        "property_type": "studio",
        "rooms": 2.0,
        "size_m2": 66.0,
        "floor": "4. Etage",
        "furnished": false,
        "contract_type": "permanent",
        "available_from": null,
        "available_to": null,
        "minimum_months": null,
        "maximum_months": null,
        "pets": null,
        "smoking": null,
        "student_only": null,
        "gender": null,
        "description": "EN: I am looking for a new tenant to take over my rental contract on September 1, 2026. I have several items of furniture to sell at a discount...",
        "external_url": null
      }
    },
    {
      "type": "Feature",
      "geometry": {
        "type": "Point",
        "coordinates": [
          8.623187065124512,
          47.40739059448242
        ]
      },
      "properties": {
        "source": "ronorp",
        "source_url": "https://ronorp.net/market/posts/2-room-apartment-in-dubendorf-zh-furnished-temporary-5",
        "title": "2½ ROOM APARTMENT IN DÜBENDORF (ZH), FURNISHED, TEMPORARY",
        "price_monthly": 2499.0,
        "currency": "CHF",
        "address": null,
        "postal_code": "8600",
        "city": "Dübendorf",
        "country": "CH",
        "location_precision": "postal_code_city",
        "property_type": "apartment",
        "rooms": 2.5,
        "size_m2": 62.0,
        "floor": "Erdgeschoss",
        "furnished": true,
        "contract_type": "temporary",
        "available_from": "2027-02-01",
        "available_to": "2027-04-30",
        "minimum_months": 3,
        "maximum_months": null,
        "pets": null,
        "smoking": null,
        "student_only": null,
        "gender": null,
        "description": "RENTAL PERIOD from February 1, 2027 to April 30, 2027 (min. 3 months) Large apartment with modern furniture and great equipment...",
        "external_url": "https://ums.ch/offer-detail/69208?utm_source=ronorp&utm_content=69208"
      }
    },
    {
      "type": "Feature",
      "geometry": {
        "type": "Point",
        "coordinates": [
          8.801904678344727,
          47.321434020996094
        ]
      },
      "properties": {
        "source": "ronorp",
        "source_url": "https://ronorp.net/market/posts/2-room-apartment-in-wetzikon-zh-furnished-temporary-1",
        "title": "2½ ROOM APARTMENT IN WETZIKON (ZH), FURNISHED, TEMPORARY",
        "price_monthly": 2490.0,
        "currency": "CHF",
        "address": null,
        "postal_code": "8620",
        "city": "Wetzikon ZH",
        "country": "CH",
        "location_precision": "postal_code_city",
        "property_type": "apartment",
        "rooms": 2.5,
        "size_m2": 65.0,
        "floor": "Erdgeschoss",
        "furnished": true,
        "contract_type": "temporary",
        "available_from": "2026-09-01",
        "available_to": "2026-11-30",
        "minimum_months": 3,
        "maximum_months": null,
        "pets": null,
        "smoking": null,
        "student_only": null,
        "gender": null,
        "description": "RENTAL PERIOD from September 1, 2026 to November 30, 2026 (min. 3 months) Beautiful apartment with light-flooded rooms, modern living comfort as well...",
        "external_url": "https://ums.ch/offer-detail/69206?utm_source=ronorp&utm_content=69206"
      }
    },
    {
      "type": "Feature",
      "geometry": {
        "type": "Point",
        "coordinates": [
          8.697006225585938,
          47.21125411987305
        ]
      },
      "properties": {
        "source": "ronorp",
        "source_url": "https://ronorp.net/market/posts/7-room-house-in-richterswil-zh-furnished-temporary-1",
        "title": "7 ROOM HOUSE IN RICHTERSWIL (ZH), FURNISHED, TEMPORARY",
        "price_monthly": 7500.0,
        "currency": "CHF",
        "address": null,
        "postal_code": "8805",
        "city": "Richterswil",
        "country": "CH",
        "location_precision": "postal_code_city",
        "property_type": "other",
        "rooms": 7.0,
        "size_m2": 220.0,
        "floor": "Erdgeschoss",
        "furnished": true,
        "contract_type": "temporary",
        "available_from": "2026-12-14",
        "available_to": "2027-03-03",
        "minimum_months": 2,
        "maximum_months": null,
        "pets": null,
        "smoking": null,
        "student_only": null,
        "gender": null,
        "description": "RENTAL PERIOD from December 14, 2026 to March 3, 2027 (min. 2 months) Beautiful designer home with lake views, large garden...",
        "external_url": "https://ums.ch/offer-detail/68746?utm_source=ronorp&utm_content=68746"
      }
    },
    {
      "type": "Feature",
      "geometry": {
        "type": "Point",
        "coordinates": [
          8.52978229522705,
          47.37150192260742
        ]
      },
      "properties": {
        "source": "ronorp",
        "source_url": "https://ronorp.net/market/posts/bright-1br-with-2-balconies-kreis-4-parquet-fully-furnished-rooftop-views-2208-30092026",
        "title": "Bright 1BR with 2 Balconies Kreis 4, Parquet & Fully Furnished, Rooftop Views, 22.08 - 30.09.2026",
        "price_monthly": 1600.0,
        "currency": "CHF",
        "address": null,
        "postal_code": "8004",
        "city": "Zürich",
        "country": "CH",
        "location_precision": "postal_code_city",
        "property_type": "apartment",
        "rooms": 2.5,
        "size_m2": 60.0,
        "floor": "4. Etage",
        "furnished": true,
        "contract_type": "temporary",
        "available_from": null,
        "available_to": null,
        "minimum_months": null,
        "maximum_months": null,
        "pets": null,
        "smoking": null,
        "student_only": null,
        "gender": null,
        "description": "Welcome to my home in the heart of Zurich. A bright, design-forward 1-bedroom apartment on the 4th floor (with elevator), featuring two balconies...",
        "external_url": null
      }
    },
    {
      "type": "Feature",
      "geometry": {
        "type": "Point",
        "coordinates": [
          8.527311325073242,
          47.37721252441406
        ]
      },
      "properties": {
        "source": "ronorp",
        "source_url": "https://ronorp.net/market/posts/2-room-apartment-in-zurich-kreis-2-furnished-temporary-7",
        "title": "2½ ROOM APARTMENT IN ZÜRICH - KREIS 2, FURNISHED, TEMPORARY",
        "price_monthly": 2874.0,
        "currency": "CHF",
        "address": null,
        "postal_code": "8041",
        "city": "Zurich",
        "country": "CH",
        "location_precision": "postal_code_city",
        "property_type": "apartment",
        "rooms": 2.5,
        "size_m2": 72.0,
        "floor": "Erdgeschoss",
        "furnished": true,
        "contract_type": "temporary",
        "available_from": "2027-01-01",
        "available_to": "2027-06-30",
        "minimum_months": 4,
        "maximum_months": null,
        "pets": null,
        "smoking": null,
        "student_only": null,
        "gender": null,
        "description": "RENTAL PERIOD from January 1, 2027 to June 30, 2027 (min. 4 months) 72 m 4th floor with lift 1 double bedroom, large kitchen-diner Tumble dryer and washing...",
        "external_url": "https://ums.ch/offer-detail/69197?utm_source=ronorp&utm_content=69197"
      }
    },
    {
      "type": "Feature",
      "geometry": {
        "type": "Point",
        "coordinates": [
          8.494296073913574,
          47.38692092895508
        ]
      },
      "properties": {
        "source": "ronorp",
        "source_url": "https://ronorp.net/market/posts/shared-room-in-luxury-duplex-next-to-letzipark",
        "title": "Shared room in luxury duplex next to Letzipark",
        "price_monthly": 1750.0,
        "currency": "CHF",
        "address": null,
        "postal_code": "8048",
        "city": "Buckhauserstrasse 1",
        "country": "CH",
        "location_precision": "postal_code_city",
        "property_type": "apartment",
        "rooms": 3.5,
        "size_m2": null,
        "floor": "Höher als 6. Etage",
        "furnished": false,
        "contract_type": null,
        "available_from": null,
        "available_to": null,
        "minimum_months": null,
        "maximum_months": null,
        "pets": null,
        "smoking": null,
        "student_only": null,
        "gender": null,
        "description": "Hi everyone, Searching for a glatmate (1 person) for a 20m bedroom in a top floor penthouse. Details of the flat: * Location...",
        "external_url": null
      }
    },
    {
      "type": "Feature",
      "geometry": {
        "type": "Point",
        "coordinates": [
          8.58328914642334,
          47.4426155090332
        ]
      },
      "properties": {
        "source": "ronorp",
        "source_url": "https://ronorp.net/market/posts/3-room-apartment-in-kloten-zh-furnished-temporary-6",
        "title": "3½ ROOM APARTMENT IN KLOTEN (ZH), FURNISHED, TEMPORARY",
        "price_monthly": 2258.0,
        "currency": "CHF",
        "address": null,
        "postal_code": "8302",
        "city": "Kloten",
        "country": "CH",
        "location_precision": "postal_code_city",
        "property_type": "apartment",
        "rooms": 3.5,
        "size_m2": 100.0,
        "floor": "Erdgeschoss",
        "furnished": true,
        "contract_type": "temporary",
        "available_from": "2026-12-02",
        "available_to": "2027-06-25",
        "minimum_months": 6,
        "maximum_months": null,
        "pets": null,
        "smoking": null,
        "student_only": null,
        "gender": null,
        "description": "RENTAL PERIOD from December 2, 2026 to June 25, 2027 (min. 6 months) Spacious penthouse apartment in a quiet location, large balcony, modern furnishings...",
        "external_url": "https://ums.ch/offer-detail/69190?utm_source=ronorp&utm_content=69190"
      }
    },
    {
      "type": "Feature",
      "geometry": {
        "type": "Point",
        "coordinates": [
          8.513679504394531,
          47.391475677490234
        ]
      },
      "properties": {
        "source": "ronorp",
        "source_url": "https://ronorp.net/market/posts/2-room-apartment-in-zurich-kreis-5-furnished-temporary-2",
        "title": "2½ ROOM APARTMENT IN ZÜRICH - KREIS 5, FURNISHED, TEMPORARY",
        "price_monthly": 625.0,
        "currency": "CHF",
        "address": null,
        "postal_code": "8005",
        "city": "Zürich",
        "country": "CH",
        "location_precision": "postal_code_city",
        "property_type": "apartment",
        "rooms": 2.5,
        "size_m2": 65.0,
        "floor": "Erdgeschoss",
        "furnished": true,
        "contract_type": "temporary",
        "available_from": "2026-10-23",
        "available_to": "2026-11-28",
        "minimum_months": 1,
        "maximum_months": null,
        "pets": null,
        "smoking": null,
        "student_only": null,
        "gender": null,
        "description": "RENTAL PERIOD from October 23, 2026 to November 28, 2026 (min. 1 month) Central city apartment for 12 people in a prime location!, 65m, on 7...",
        "external_url": "https://ums.ch/offer-detail/69184?utm_source=ronorp&utm_content=69184"
      }
    },
    {
      "type": "Feature",
      "geometry": {
        "type": "Point",
        "coordinates": [
          8.450803756713867,
          47.38705825805664
        ]
      },
      "properties": {
        "source": "ronorp",
        "source_url": "https://ronorp.net/market/posts/3-room-apartment-in-schlieren-zh-furnished-temporary-1",
        "title": "3½ ROOM APARTMENT IN SCHLIEREN (ZH), FURNISHED, TEMPORARY",
        "price_monthly": 2948.0,
        "currency": "CHF",
        "address": null,
        "postal_code": "8952",
        "city": "Schlieren",
        "country": "CH",
        "location_precision": "postal_code_city",
        "property_type": "apartment",
        "rooms": 3.5,
        "size_m2": 104.0,
        "floor": "Erdgeschoss",
        "furnished": true,
        "contract_type": "temporary",
        "available_from": "2026-10-01",
        "available_to": "2027-01-31",
        "minimum_months": 2,
        "maximum_months": null,
        "pets": null,
        "smoking": null,
        "student_only": null,
        "gender": null,
        "description": "RENTAL PERIOD from October 1, 2026 to January 31, 2027 (min. 2 months) Spacious, furnished 3.5 room (two bedroom) apartment in Am Rietpark for subletting...",
        "external_url": "https://ums.ch/offer-detail/69170?utm_source=ronorp&utm_content=69170"
      }
    },
    {
      "type": "Feature",
      "geometry": {
        "type": "Point",
        "coordinates": [
          8.518587112426758,
          47.36949920654297
        ]
      },
      "properties": {
        "source": "ronorp",
        "source_url": "https://ronorp.net/market/posts/furnished-apartment-for-sublease-6-months-zurich-city-center-wiedikon-district",
        "title": "✨Furnished Apartment for Sublease – 6 months – Zurich city center, Wiedikon district✨",
        "price_monthly": 2300.0,
        "currency": "CHF",
        "address": null,
        "postal_code": "8003",
        "city": "Zürich",
        "country": "CH",
        "location_precision": "postal_code_city",
        "property_type": "apartment",
        "rooms": 2.5,
        "size_m2": 65.0,
        "floor": "3. Etage",
        "furnished": true,
        "contract_type": "temporary",
        "available_from": null,
        "available_to": null,
        "minimum_months": null,
        "maximum_months": null,
        "pets": null,
        "smoking": null,
        "student_only": null,
        "gender": null,
        "description": "Beautiful furnished apartment located in central Zurich, in the highly sought-after Wiedikon district (tram stop: Schmiede Wiedikon)...",
        "external_url": null
      }
    },
    {
      "type": "Feature",
      "geometry": {
        "type": "Point",
        "coordinates": [
          8.529056549072266,
          47.327171325683594
        ]
      },
      "properties": {
        "source": "ronorp",
        "source_url": "https://ronorp.net/market/posts/part-time-flatshare-near-zurich-anyone-interested",
        "title": "Part-time flatshare near Zurich – anyone interested?",
        "price_monthly": 800.0,
        "currency": "CHF",
        "address": null,
        "postal_code": "8134",
        "city": "Zürich",
        "country": "CH",
        "location_precision": "postal_code_city",
        "property_type": "shared_apartment",
        "rooms": 2.0,
        "size_m2": null,
        "floor": "Erdgeschoss",
        "furnished": false,
        "contract_type": null,
        "available_from": null,
        "available_to": null,
        "minimum_months": null,
        "maximum_months": null,
        "pets": null,
        "smoking": null,
        "student_only": null,
        "gender": null,
        "description": "Looking for someone to share my commuter apartment with ideal if you're also only around part of the month and want a fixed, reliable setup...",
        "external_url": null
      }
    },
    {
      "type": "Feature",
      "geometry": {
        "type": "Point",
        "coordinates": [
          8.653481483459473,
          47.20895767211914
        ]
      },
      "properties": {
        "source": "ronorp",
        "source_url": "https://ronorp.net/market/posts/5-room-apartment-in-wadenswil-zh-furnished-temporary",
        "title": "5½ ROOM APARTMENT IN WÄDENSWIL (ZH), FURNISHED, TEMPORARY",
        "price_monthly": 4800.0,
        "currency": "CHF",
        "address": null,
        "postal_code": "8820",
        "city": "Wädenswil",
        "country": "CH",
        "location_precision": "postal_code_city",
        "property_type": "apartment",
        "rooms": 5.5,
        "size_m2": 160.0,
        "floor": "Erdgeschoss",
        "furnished": true,
        "contract_type": "temporary",
        "available_from": "2026-10-01",
        "available_to": "2027-04-30",
        "minimum_months": 4,
        "maximum_months": null,
        "pets": null,
        "smoking": null,
        "student_only": null,
        "gender": null,
        "description": "RENTAL PERIOD from October 1, 2026 to April 30, 2027 (min. 4 months) 5-room furnished apartment 160m2 Lakefront, 160m, on 1...",
        "external_url": "https://ums.ch/offer-detail/69176?utm_source=ronorp&utm_content=69176"
      }
    },
    {
      "type": "Feature",
      "geometry": {
        "type": "Point",
        "coordinates": [
          8.564094543457031,
          47.273353576660156
        ]
      },
      "properties": {
        "source": "ronorp",
        "source_url": "https://ronorp.net/market/posts/3-room-apartment-in-oberrieden-zh-furnished-3",
        "title": "3½ ROOM APARTMENT IN OBERRIEDEN (ZH), FURNISHED",
        "price_monthly": 3480.0,
        "currency": "CHF",
        "address": null,
        "postal_code": "8942",
        "city": "Oberrieden",
        "country": "CH",
        "location_precision": "postal_code_city",
        "property_type": "apartment",
        "rooms": 3.5,
        "size_m2": 89.0,
        "floor": "Erdgeschoss",
        "furnished": true,
        "contract_type": "permanent",
        "available_from": null,
        "available_to": null,
        "minimum_months": 1,
        "maximum_months": null,
        "pets": null,
        "smoking": null,
        "student_only": null,
        "gender": null,
        "description": "RENTAL PERIOD from October 13, 2026 (min. 1 month) This apartment offers dedicated Work from Home facilities and is 2m from the railway for easy access...",
        "external_url": "https://ums.ch/offer-detail/68353?utm_source=ronorp&utm_content=68353"
      }
    },
    {
      "type": "Feature",
      "geometry": {
        "type": "Point",
        "coordinates": [
          9.159069061279297,
          47.64523696899414
        ]
      },
      "properties": {
        "source": "ronorp",
        "source_url": "https://ronorp.net/market/posts/2-room-apartment-in-kreuzlingen-tg-furnished-temporary-2",
        "title": "2½ ROOM APARTMENT IN KREUZLINGEN (TG), FURNISHED, TEMPORARY",
        "price_monthly": 1620.0,
        "currency": "CHF",
        "address": null,
        "postal_code": "8280",
        "city": "Kreuzlingen",
        "country": "CH",
        "location_precision": "postal_code_city",
        "property_type": "apartment",
        "rooms": 2.5,
        "size_m2": 60.0,
        "floor": "Erdgeschoss",
        "furnished": true,
        "contract_type": "temporary",
        "available_from": "2026-10-01",
        "available_to": "2027-05-01",
        "minimum_months": 7,
        "maximum_months": null,
        "pets": null,
        "smoking": null,
        "student_only": null,
        "gender": null,
        "description": "RENTAL PERIOD from October 1, 2026 to May 1, 2027 (min. 7 months) Furnished 2.5 room apartment for interim rent in Kreuzlingen October to May 2026, 60m...",
        "external_url": "https://ums.ch/offer-detail/69158?utm_source=ronorp&utm_content=69158"
      }
    },
    {
      "type": "Feature",
      "geometry": {
        "type": "Point",
        "coordinates": [
          8.58328914642334,
          47.4426155090332
        ]
      },
      "properties": {
        "source": "ronorp",
        "source_url": "https://ronorp.net/market/posts/3-room-apartment-in-kloten-zh-furnished-temporary-5",
        "title": "3½ ROOM APARTMENT IN KLOTEN (ZH), FURNISHED, TEMPORARY",
        "price_monthly": 3360.0,
        "currency": "CHF",
        "address": null,
        "postal_code": "8302",
        "city": "Kloten",
        "country": "CH",
        "location_precision": "postal_code_city",
        "property_type": "apartment",
        "rooms": 3.5,
        "size_m2": 111.0,
        "floor": "Erdgeschoss",
        "furnished": true,
        "contract_type": "temporary",
        "available_from": "2026-12-26",
        "available_to": "2027-03-31",
        "minimum_months": null,
        "maximum_months": null,
        "pets": null,
        "smoking": null,
        "student_only": null,
        "gender": null,
        "description": "RENTAL PERIOD from December 26, 2026 to March 31, 2027. Light-flooded apartment with a large balcony. The apartment is in excellent condition...",
        "external_url": "https://ums.ch/offer-detail/68740?utm_source=ronorp&utm_content=68740"
      }
    },
    {
      "type": "Feature",
      "geometry": {
        "type": "Point",
        "coordinates": [
          8.534347534179688,
          47.38077163696289
        ]
      },
      "properties": {
        "source": "ronorp",
        "source_url": "https://ronorp.net/market/posts/altbau-bijou-an-der-josefstrasse-zur-untermiete-1-vom-hb-zurich-1",
        "title": "Altbau Bijou an der Josefstrasse zur Untermiete (1' vom HB Zürich)",
        "price_monthly": 1900.0,
        "currency": "CHF",
        "address": "Josefstrasse",
        "postal_code": "8005",
        "city": "Zürich, Schweiz",
        "country": "CH",
        "location_precision": "address",
        "property_type": "apartment",
        "rooms": 2.5,
        "size_m2": 60.0,
        "floor": "1. Etage",
        "furnished": false,
        "contract_type": "temporary",
        "available_from": null,
        "available_to": null,
        "minimum_months": null,
        "maximum_months": null,
        "pets": null,
        "smoking": null,
        "student_only": null,
        "gender": null,
        "description": "Da ich für 1 Jahr im Ausland sein werde, suche ich eine vertrauenswürdige Untermieterin für meine komplett ausgestattete und hübsche 2.5 Zi...",
        "external_url": null
      }
    },
    {
      "type": "Feature",
      "geometry": {
        "type": "Point",
        "coordinates": [
          8.57462215423584,
          47.407894134521484
        ]
      },
      "properties": {
        "source": "ronorp",
        "source_url": "https://ronorp.net/market/posts/3-room-apartment-in-zurich-kreis-12-hirzenbach-furnished-temporary-1",
        "title": "3½ ROOM APARTMENT IN ZÜRICH - KREIS 12 HIRZENBACH, FURNISHED, TEMPORARY",
        "price_monthly": 3250.0,
        "currency": "CHF",
        "address": null,
        "postal_code": "8051",
        "city": "Zürich",
        "country": "CH",
        "location_precision": "postal_code_city",
        "property_type": "apartment",
        "rooms": 3.5,
        "size_m2": 76.0,
        "floor": "Erdgeschoss",
        "furnished": true,
        "contract_type": "temporary",
        "available_from": "2026-09-13",
        "available_to": "2026-12-27",
        "minimum_months": 1,
        "maximum_months": null,
        "pets": null,
        "smoking": null,
        "student_only": null,
        "gender": null,
        "description": "RENTAL PERIOD from September 13, 2026 to December 27, 2026 (min. 1 month) Cozy 3.5-room apartment on the top floor with a large balcony...",
        "external_url": "https://ums.ch/offer-detail/69137?utm_source=ronorp&utm_content=69137"
      }
    },
    {
      "type": "Feature",
      "geometry": {
        "type": "Point",
        "coordinates": [
          8.399182319641113,
          47.39715576171875
        ]
      },
      "properties": {
        "source": "ronorp",
        "source_url": "https://ronorp.net/market/posts/3-room-apartment-in-dietikon-zh-furnished-temporary-12",
        "title": "3½ ROOM APARTMENT IN DIETIKON (ZH), FURNISHED, TEMPORARY",
        "price_monthly": 2490.0,
        "currency": "CHF",
        "address": null,
        "postal_code": "8953",
        "city": "Dietikon",
        "country": "CH",
        "location_precision": "postal_code_city",
        "property_type": "apartment",
        "rooms": 3.5,
        "size_m2": 120.0,
        "floor": "Erdgeschoss",
        "furnished": true,
        "contract_type": "temporary",
        "available_from": "2026-09-01",
        "available_to": "2026-11-25",
        "minimum_months": 2,
        "maximum_months": null,
        "pets": null,
        "smoking": null,
        "student_only": null,
        "gender": null,
        "description": "RENTAL PERIOD from September 1, 2026 to November 25, 2026 (min. 2 months) Bright and modern apartment with two bathrooms, two offices, a 1...",
        "external_url": "https://ums.ch/offer-detail/68707?utm_source=ronorp&utm_content=68707"
      }
    },
    {
      "type": "Feature",
      "geometry": {
        "type": "Point",
        "coordinates": [
          8.82642936706543,
          47.15538787841797
        ]
      },
      "properties": {
        "source": "ronorp",
        "source_url": "https://ronorp.net/market/posts/individual-only-in-altendorf-sz-furnished-temporary-1",
        "title": "INDIVIDUAL ONLY IN ALTENDORF (SZ), FURNISHED, TEMPORARY",
        "price_monthly": 1452.0,
        "currency": "CHF",
        "address": null,
        "postal_code": "8852",
        "city": "Altendorf",
        "country": "CH",
        "location_precision": "postal_code_city",
        "property_type": "studio",
        "rooms": 1.0,
        "size_m2": 40.0,
        "floor": "Erdgeschoss",
        "furnished": true,
        "contract_type": "temporary",
        "available_from": "2026-10-01",
        "available_to": "2027-02-28",
        "minimum_months": null,
        "maximum_months": null,
        "pets": null,
        "smoking": null,
        "student_only": null,
        "gender": null,
        "description": "RENTAL PERIOD from October 1, 2026 to February 28, 2027. Studio as good as new, modernly furnished and ready to move in with all equipment...",
        "external_url": "https://ums.ch/offer-detail/67853?utm_source=ronorp&utm_content=67853"
      }
    },
    {
      "type": "Feature",
      "geometry": {
        "type": "Point",
        "coordinates": [
          8.529428482055664,
          47.394630432128906
        ]
      },
      "properties": {
        "source": "ronorp",
        "source_url": "https://ronorp.net/market/posts/3-room-maisonette-apartment-in-zurich-kreis-10-wipkingen-furnished-temporary",
        "title": "3½ ROOM MAISONETTE APARTMENT IN ZÜRICH - KREIS 10 WIPKINGEN, FURNISHED, TEMPORARY",
        "price_monthly": 4320.0,
        "currency": "CHF",
        "address": null,
        "postal_code": "8037",
        "city": "Zürich",
        "country": "CH",
        "location_precision": "postal_code_city",
        "property_type": "apartment",
        "rooms": 3.5,
        "size_m2": 90.0,
        "floor": "Erdgeschoss",
        "furnished": true,
        "contract_type": "temporary",
        "available_from": "2026-11-07",
        "available_to": "2027-04-10",
        "minimum_months": 3,
        "maximum_months": null,
        "pets": null,
        "smoking": null,
        "student_only": null,
        "gender": null,
        "description": "RENTAL PERIOD from November 7, 2026 to April 10, 2027 (min. 3 months) Exceptional furnished duplex with 40m terrace, panoramic view of Zürich, fireplace...",
        "external_url": "https://ums.ch/offer-detail/69099?utm_source=ronorp&utm_content=69099"
      }
    },
    {
      "type": "Feature",
      "geometry": {
        "type": "Point",
        "coordinates": [
          8.715413093566895,
          47.490478515625
        ]
      },
      "properties": {
        "source": "ronorp",
        "source_url": "https://ronorp.net/market/posts/5-room-house-in-winterthur-toss-furnished-temporary-10",
        "title": "5 ROOM HOUSE IN WINTERTHUR - TÖSS, FURNISHED, TEMPORARY",
        "price_monthly": 3125.0,
        "currency": "CHF",
        "address": null,
        "postal_code": "8406",
        "city": "Winterthur",
        "country": "CH",
        "location_precision": "postal_code_city",
        "property_type": "other",
        "rooms": 5.0,
        "size_m2": 140.0,
        "floor": "Erdgeschoss",
        "furnished": true,
        "contract_type": "temporary",
        "available_from": "2026-10-07",
        "available_to": "2027-04-01",
        "minimum_months": 3,
        "maximum_months": null,
        "pets": null,
        "smoking": null,
        "student_only": null,
        "gender": null,
        "description": "RENTAL PERIOD from October 7, 2026 to April 1, 2027 (min. 3 months) Ground floor: 1 unfurnished room, toilet, toilet, cellar, first floor...",
        "external_url": "https://ums.ch/offer-detail/69095?utm_source=ronorp&utm_content=69095"
      }
    },
    {
      "type": "Feature",
      "geometry": {
        "type": "Point",
        "coordinates": [
          8.703439712524414,
          47.50920104980469
        ]
      },
      "properties": {
        "source": "ronorp",
        "source_url": "https://ronorp.net/market/posts/2-room-apartment-in-winterthur-wulflingen-furnished-temporary-2",
        "title": "2½ ROOM APARTMENT IN WINTERTHUR - WÜLFLINGEN, FURNISHED, TEMPORARY",
        "price_monthly": 2250.0,
        "currency": "CHF",
        "address": null,
        "postal_code": "8408",
        "city": "Winterthur",
        "country": "CH",
        "location_precision": "postal_code_city",
        "property_type": "apartment",
        "rooms": 2.5,
        "size_m2": null,
        "floor": "Erdgeschoss",
        "furnished": true,
        "contract_type": "temporary",
        "available_from": "2026-10-01",
        "available_to": "2027-09-30",
        "minimum_months": 6,
        "maximum_months": null,
        "pets": null,
        "smoking": null,
        "student_only": null,
        "gender": null,
        "description": "RENTAL PERIOD from October 1, 2026 to September 30, 2027 (min. 6 months) Cute and cozy apartment with all amenities. Location 3 minutes from the train...",
        "external_url": "https://ums.ch/offer-detail/69090?utm_source=ronorp&utm_content=69090"
      }
    },
    {
      "type": "Feature",
      "geometry": {
        "type": "Point",
        "coordinates": [
          8.518587112426758,
          47.36949920654297
        ]
      },
      "properties": {
        "source": "ronorp",
        "source_url": "https://ronorp.net/market/posts/3-room-apartment-in-zurich-kreis-3-sihlfeld-furnished-temporary-2",
        "title": "3½ ROOM APARTMENT IN ZÜRICH - KREIS 3 SIHLFELD, FURNISHED, TEMPORARY",
        "price_monthly": 2640.0,
        "currency": "CHF",
        "address": null,
        "postal_code": "8003",
        "city": "Zürich",
        "country": "CH",
        "location_precision": "postal_code_city",
        "property_type": "apartment",
        "rooms": 3.5,
        "size_m2": 75.0,
        "floor": "Erdgeschoss",
        "furnished": true,
        "contract_type": "temporary",
        "available_from": "2026-11-01",
        "available_to": "2027-01-31",
        "minimum_months": 3,
        "maximum_months": null,
        "pets": null,
        "smoking": null,
        "student_only": null,
        "gender": null,
        "description": "RENTAL PERIOD from November 1, 2026 to January 31, 2027 (min. 3 months) Quiet yet centrally located, in a lively neighborhood with bars and cafés...",
        "external_url": "https://ums.ch/offer-detail/69072?utm_source=ronorp&utm_content=69072"
      }
    },
    {
      "type": "Feature",
      "geometry": {
        "type": "Point",
        "coordinates": [
          8.555002212524414,
          47.37373352050781
        ]
      },
      "properties": {
        "source": "ronorp",
        "source_url": "https://ronorp.net/market/posts/4-room-apartment-in-zurich-kreis-7-fluntern-furnished-temporary-6",
        "title": "4 ROOM APARTMENT IN ZÜRICH - KREIS 7 FLUNTERN, FURNISHED, TEMPORARY",
        "price_monthly": 3600.0,
        "currency": "CHF",
        "address": null,
        "postal_code": "8044",
        "city": "Zürich",
        "country": "CH",
        "location_precision": "postal_code_city",
        "property_type": "apartment",
        "rooms": 4.0,
        "size_m2": 98.0,
        "floor": "Erdgeschoss",
        "furnished": true,
        "contract_type": "temporary",
        "available_from": "2026-11-01",
        "available_to": "2027-12-30",
        "minimum_months": 1,
        "maximum_months": null,
        "pets": null,
        "smoking": null,
        "student_only": null,
        "gender": null,
        "description": "RENTAL PERIOD from November 1, 2026 to December 30, 2027 (min. 1 month) Stylish, bright apartment with high ceilings and a conservatory in a very quiet...",
        "external_url": "https://ums.ch/offer-detail/68283?utm_source=ronorp&utm_content=68283"
      }
    },
    {
      "type": "Feature",
      "geometry": {
        "type": "Point",
        "coordinates": [
          8.332115173339844,
          47.409027099609375
        ]
      },
      "properties": {
        "source": "ronorp",
        "source_url": "https://ronorp.net/market/posts/studio-in-remetschwil-ag-furnished-temporary-6",
        "title": "STUDIO IN REMETSCHWIL (AG), FURNISHED, TEMPORARY",
        "price_monthly": 1999.0,
        "currency": "CHF",
        "address": null,
        "postal_code": "5453",
        "city": "Remetschwil",
        "country": "CH",
        "location_precision": "postal_code_city",
        "property_type": "studio",
        "rooms": 1.5,
        "size_m2": 47.0,
        "floor": "Erdgeschoss",
        "furnished": true,
        "contract_type": "temporary",
        "available_from": "2026-09-18",
        "available_to": "2026-12-31",
        "minimum_months": 1,
        "maximum_months": null,
        "pets": null,
        "smoking": null,
        "student_only": null,
        "gender": null,
        "description": "RENTAL PERIOD from September 18, 2026 to December 31, 2026 (min. 1 month) Relax in this special and quiet studio with panoramic views...",
        "external_url": "https://ums.ch/offer-detail/68685?utm_source=ronorp&utm_content=68685"
      }
    },
    {
      "type": "Feature",
      "geometry": {
        "type": "Point",
        "coordinates": [
          8.14948558807373,
          47.43483352661133
        ]
      },
      "properties": {
        "source": "ronorp",
        "source_url": "https://ronorp.net/market/posts/4-room-apartment-in-veltheim-ag-furnished-temporary-1",
        "title": "4½ ROOM APARTMENT IN VELTHEIM (AG), FURNISHED, TEMPORARY",
        "price_monthly": 1925.0,
        "currency": "CHF",
        "address": null,
        "postal_code": "5106",
        "city": "Veltheim AG",
        "country": "CH",
        "location_precision": "postal_code_city",
        "property_type": "apartment",
        "rooms": 4.5,
        "size_m2": 80.0,
        "floor": "Erdgeschoss",
        "furnished": true,
        "contract_type": "temporary",
        "available_from": null,
        "available_to": null,
        "minimum_months": 5,
        "maximum_months": null,
        "pets": null,
        "smoking": null,
        "student_only": null,
        "gender": null,
        "description": "RENTAL PERIOD from now to February 15, 2027 (min. 5 months) Well-kept, functional apartment with separate workplace, modern kitchen and practical built-in...",
        "external_url": "https://ums.ch/offer-detail/68687?utm_source=ronorp&utm_content=68687"
      }
    },
    {
      "type": "Feature",
      "geometry": {
        "type": "Point",
        "coordinates": [
          8.513679504394531,
          47.391475677490234
        ]
      },
      "properties": {
        "source": "ronorp",
        "source_url": "https://ronorp.net/market/posts/4-room-apartment-in-zurich-kreis-5-furnished-temporary-8",
        "title": "4½ ROOM APARTMENT IN ZÜRICH - KREIS 5, FURNISHED, TEMPORARY",
        "price_monthly": 4980.0,
        "currency": "CHF",
        "address": null,
        "postal_code": "8005",
        "city": "Zürich",
        "country": "CH",
        "location_precision": "postal_code_city",
        "property_type": "apartment",
        "rooms": 4.5,
        "size_m2": 120.0,
        "floor": "Erdgeschoss",
        "furnished": true,
        "contract_type": "temporary",
        "available_from": "2026-10-01",
        "available_to": "2027-03-31",
        "minimum_months": 3,
        "maximum_months": null,
        "pets": null,
        "smoking": null,
        "student_only": null,
        "gender": null,
        "description": "RENTAL PERIOD from October 1, 2026 to March 31, 2027 (min. 3 months, by arrangement) Modern, furnished apartment in trendy district 5...",
        "external_url": "https://ums.ch/offer-detail/67299?utm_source=ronorp&utm_content=67299"
      }
    },
    {
      "type": "Feature",
      "geometry": {
        "type": "Point",
        "coordinates": [
          8.518587112426758,
          47.36949920654297
        ]
      },
      "properties": {
        "source": "ronorp",
        "source_url": "https://ronorp.net/market/posts/2-room-apartment-in-zurich-kreis-3-furnished-temporary-7",
        "title": "2½ ROOM APARTMENT IN ZÜRICH - KREIS 3, FURNISHED, TEMPORARY",
        "price_monthly": 3626.0,
        "currency": "CHF",
        "address": null,
        "postal_code": "8003",
        "city": "Zürich",
        "country": "CH",
        "location_precision": "postal_code_city",
        "property_type": "apartment",
        "rooms": 2.5,
        "size_m2": 70.0,
        "floor": "Erdgeschoss",
        "furnished": true,
        "contract_type": "temporary",
        "available_from": "2026-11-01",
        "available_to": "2027-04-30",
        "minimum_months": 6,
        "maximum_months": null,
        "pets": null,
        "smoking": null,
        "student_only": null,
        "gender": null,
        "description": "RENTAL PERIOD from November 1, 2026 to April 30, 2027 (min. 6 months) Helles Design-Apartment mit zwei Balkonen im Herzen von Zuerich...",
        "external_url": "https://ums.ch/offer-detail/69068?utm_source=ronorp&utm_content=69068"
      }
    },
    {
      "type": "Feature",
      "geometry": {
        "type": "Point",
        "coordinates": [
          8.71705150604248,
          47.314701080322266
        ]
      },
      "properties": {
        "source": "ronorp",
        "source_url": "https://ronorp.net/market/posts/3-room-apartment-in-monchaltorf-zh-furnished-temporary",
        "title": "3 ROOM APARTMENT IN MÖNCHALTORF (ZH), FURNISHED, TEMPORARY",
        "price_monthly": 2904.0,
        "currency": "CHF",
        "address": null,
        "postal_code": "8617",
        "city": "Mönchaltorf",
        "country": "CH",
        "location_precision": "postal_code_city",
        "property_type": "apartment",
        "rooms": 3.0,
        "size_m2": 65.0,
        "floor": "Erdgeschoss",
        "furnished": true,
        "contract_type": "temporary",
        "available_from": "2027-03-01",
        "available_to": "2027-10-23",
        "minimum_months": 7,
        "maximum_months": null,
        "pets": null,
        "smoking": null,
        "student_only": null,
        "gender": null,
        "description": "RENTAL PERIOD from March 1, 2027 to October 23, 2027 (min. 7 months) We are renting out our beautiful, bright, and newly renovated apartment in Mönchaltorf...",
        "external_url": "https://ums.ch/offer-detail/69065?utm_source=ronorp&utm_content=69065"
      }
    },
    {
      "type": "Feature",
      "geometry": {
        "type": "Point",
        "coordinates": [
          8.371909141540527,
          47.353240966796875
        ]
      },
      "properties": {
        "source": "ronorp",
        "source_url": "https://ronorp.net/market/posts/5-room-maisonette-apartment-in-berikon-ag-furnished-temporary-5",
        "title": "5½ ROOM MAISONETTE APARTMENT IN BERIKON (AG), FURNISHED, TEMPORARY",
        "price_monthly": 2940.0,
        "currency": "CHF",
        "address": null,
        "postal_code": "8965",
        "city": "Berikon",
        "country": "CH",
        "location_precision": "postal_code_city",
        "property_type": "apartment",
        "rooms": 5.5,
        "size_m2": 136.0,
        "floor": "Erdgeschoss",
        "furnished": true,
        "contract_type": "temporary",
        "available_from": "2027-01-01",
        "available_to": "2027-08-01",
        "minimum_months": 3,
        "maximum_months": null,
        "pets": null,
        "smoking": null,
        "student_only": null,
        "gender": null,
        "description": "RENTAL PERIOD from January 1, 2027 to August 1, 2027 (min. 3 months) Spacious, bright 5.5-room house with a gallery and private entrance spread over three...",
        "external_url": "https://ums.ch/offer-detail/68657?utm_source=ronorp&utm_content=68657"
      }
    },
    {
      "type": "Feature",
      "geometry": {
        "type": "Point",
        "coordinates": [
          8.703439712524414,
          47.50920104980469
        ]
      },
      "properties": {
        "source": "ronorp",
        "source_url": "https://ronorp.net/market/posts/4-room-apartment-in-winterthur-wulflingen-furnished-temporary-1",
        "title": "4½ ROOM APARTMENT IN WINTERTHUR - WÜLFLINGEN, FURNISHED, TEMPORARY",
        "price_monthly": 3500.0,
        "currency": "CHF",
        "address": null,
        "postal_code": "8408",
        "city": "Winterthur",
        "country": "CH",
        "location_precision": "postal_code_city",
        "property_type": "apartment",
        "rooms": 4.5,
        "size_m2": 107.0,
        "floor": "Erdgeschoss",
        "furnished": true,
        "contract_type": "temporary",
        "available_from": "2026-12-16",
        "available_to": "2027-03-10",
        "minimum_months": 2,
        "maximum_months": null,
        "pets": null,
        "smoking": null,
        "student_only": null,
        "gender": null,
        "description": "RENTAL PERIOD from December 16, 2026 to March 10, 2027 (min. 2 months) Bright, comfortable apartment with modern finishes in a family-friendly neighborhood...",
        "external_url": "https://ums.ch/offer-detail/68011?utm_source=ronorp&utm_content=68011"
      }
    },
    {
      "type": "Feature",
      "geometry": {
        "type": "Point",
        "coordinates": [
          8.551040649414062,
          47.37275695800781
        ]
      },
      "properties": {
        "source": "ronorp",
        "source_url": "https://ronorp.net/market/posts/3-room-apartment-in-zurich-kreis-7-hottingen-furnished-temporary-9",
        "title": "3½ ROOM APARTMENT IN ZÜRICH - KREIS 7 HOTTINGEN, FURNISHED, TEMPORARY",
        "price_monthly": 3240.0,
        "currency": "CHF",
        "address": null,
        "postal_code": "8032",
        "city": "Zürich",
        "country": "CH",
        "location_precision": "postal_code_city",
        "property_type": "apartment",
        "rooms": 3.5,
        "size_m2": 80.0,
        "floor": "Erdgeschoss",
        "furnished": true,
        "contract_type": "temporary",
        "available_from": "2026-10-12",
        "available_to": "2027-02-14",
        "minimum_months": 2,
        "maximum_months": null,
        "pets": null,
        "smoking": null,
        "student_only": null,
        "gender": null,
        "description": "RENTAL PERIOD from October 12, 2026 to February 14, 2027 (min. 2 months) Perfectly located and bright 3.5 room old apartment with modern elements...",
        "external_url": "https://ums.ch/offer-detail/69054?utm_source=ronorp&utm_content=69054"
      }
    },
    {
      "type": "Feature",
      "geometry": {
        "type": "Point",
        "coordinates": [
          8.545095443725586,
          47.433006286621094
        ]
      },
      "properties": {
        "source": "ronorp",
        "source_url": "https://ronorp.net/market/posts/2-room-apartment-in-zurich-kreis-11-furnished-temporary-5",
        "title": "2½ ROOM APARTMENT IN ZÜRICH - KREIS 11, FURNISHED, TEMPORARY",
        "price_monthly": 2760.0,
        "currency": "CHF",
        "address": null,
        "postal_code": "8052",
        "city": "Zürich",
        "country": "CH",
        "location_precision": "postal_code_city",
        "property_type": "apartment",
        "rooms": 2.5,
        "size_m2": 70.0,
        "floor": "Erdgeschoss",
        "furnished": true,
        "contract_type": "temporary",
        "available_from": "2026-09-15",
        "available_to": "2027-03-15",
        "minimum_months": 5,
        "maximum_months": null,
        "pets": null,
        "smoking": null,
        "student_only": null,
        "gender": null,
        "description": "RENTAL PERIOD from September 15, 2026 to March 15, 2027 (min. 5 months) Charming 2-room apartment in Zurich Oerlikon - quiet and ideally located...",
        "external_url": "https://ums.ch/offer-detail/68602?utm_source=ronorp&utm_content=68602"
      }
    },
    {
      "type": "Feature",
      "geometry": {
        "type": "Point",
        "coordinates": [
          8.527311325073242,
          47.37721252441406
        ]
      },
      "properties": {
        "source": "ronorp",
        "source_url": "https://ronorp.net/market/posts/3-room-apartment-in-zurich-kreis-6-furnished-temporary-17",
        "title": "3½ ROOM APARTMENT IN ZÜRICH - KREIS 6, FURNISHED, TEMPORARY",
        "price_monthly": 3914.0,
        "currency": "CHF",
        "address": null,
        "postal_code": "8006",
        "city": "Zurich",
        "country": "CH",
        "location_precision": "postal_code_city",
        "property_type": "apartment",
        "rooms": 3.5,
        "size_m2": 78.0,
        "floor": "Erdgeschoss",
        "furnished": true,
        "contract_type": "temporary",
        "available_from": null,
        "available_to": null,
        "minimum_months": 5,
        "maximum_months": null,
        "pets": null,
        "smoking": null,
        "student_only": null,
        "gender": null,
        "description": "RENTAL PERIOD from now to February 28, 2027 (min. 5 months, by arrangement) 78m, on 3. floor, with elevator. Heating, electricity, water, internet incl., .....",
        "external_url": "https://ums.ch/offer-detail/69046?utm_source=ronorp&utm_content=69046"
      }
    },
    {
      "type": "Feature",
      "geometry": {
        "type": "Point",
        "coordinates": [
          8.354776382446289,
          47.524314880371094
        ]
      },
      "properties": {
        "source": "ronorp",
        "source_url": "https://ronorp.net/market/posts/3-room-apartment-in-schneisingen-ag-furnished-temporary-51",
        "title": "3½ ROOM APARTMENT IN SCHNEISINGEN (AG), FURNISHED, TEMPORARY",
        "price_monthly": 2400.0,
        "currency": "CHF",
        "address": null,
        "postal_code": "5425",
        "city": "Schneisingen",
        "country": "CH",
        "location_precision": "postal_code_city",
        "property_type": "apartment",
        "rooms": 3.5,
        "size_m2": 100.0,
        "floor": "Erdgeschoss",
        "furnished": true,
        "contract_type": "temporary",
        "available_from": "2026-12-02",
        "available_to": "2027-01-24",
        "minimum_months": null,
        "maximum_months": null,
        "pets": null,
        "smoking": null,
        "student_only": null,
        "gender": null,
        "description": "RENTAL PERIOD from December 2, 2026 to January 24, 2027. Bright, quiet, and modern 3.5-room apartment, ideal for couples who live in the countryside...",
        "external_url": "https://ums.ch/offer-detail/69043?utm_source=ronorp&utm_content=69043"
      }
    },
    {
      "type": "Feature",
      "geometry": {
        "type": "Point",
        "coordinates": [
          8.506275177001953,
          47.40013122558594
        ]
      },
      "properties": {
        "source": "ronorp",
        "source_url": "https://ronorp.net/market/posts/4-room-apartment-in-zurich-kreis-10-hongg-furnished-temporary-4",
        "title": "4½ ROOM APARTMENT IN ZÜRICH - KREIS 10 HÖNGG, FURNISHED, TEMPORARY",
        "price_monthly": 4499.0,
        "currency": "CHF",
        "address": null,
        "postal_code": "8049",
        "city": "Zürich",
        "country": "CH",
        "location_precision": "postal_code_city",
        "property_type": "apartment",
        "rooms": 4.5,
        "size_m2": 100.0,
        "floor": "Erdgeschoss",
        "furnished": true,
        "contract_type": "temporary",
        "available_from": null,
        "available_to": null,
        "minimum_months": 3,
        "maximum_months": null,
        "pets": null,
        "smoking": null,
        "student_only": null,
        "gender": null,
        "description": "RENTAL PERIOD from now to July 31, 2027 (min. 3 months) Spacious and light filled apartment with garden access and patio, 100m, on 2...",
        "external_url": "https://ums.ch/offer-detail/68972?utm_source=ronorp&utm_content=68972"
      }
    },
    {
      "type": "Feature",
      "geometry": {
        "type": "Point",
        "coordinates": [
          8.82642936706543,
          47.15538787841797
        ]
      },
      "properties": {
        "source": "ronorp",
        "source_url": "https://ronorp.net/market/posts/2-room-apartment-in-altendorf-sz-furnished-temporary-1",
        "title": "2½ ROOM APARTMENT IN ALTENDORF (SZ), FURNISHED, TEMPORARY",
        "price_monthly": 2438.0,
        "currency": "CHF",
        "address": null,
        "postal_code": "8852",
        "city": "Altendorf",
        "country": "CH",
        "location_precision": "postal_code_city",
        "property_type": "apartment",
        "rooms": 2.5,
        "size_m2": null,
        "floor": "Erdgeschoss",
        "furnished": true,
        "contract_type": "temporary",
        "available_from": "2026-09-15",
        "available_to": "2027-04-30",
        "minimum_months": 4,
        "maximum_months": null,
        "pets": null,
        "smoking": null,
        "student_only": null,
        "gender": null,
        "description": "RENTAL PERIOD from September 15, 2026 to April 30, 2027 (min. 4 months) Spacious ground floor apartment with garden seating in a very pleasant...",
        "external_url": "https://ums.ch/offer-detail/69029?utm_source=ronorp&utm_content=69029"
      }
    },
    {
      "type": "Feature",
      "geometry": {
        "type": "Point",
        "coordinates": [
          8.755475997924805,
          47.38729476928711
        ]
      },
      "properties": {
        "source": "ronorp",
        "source_url": "https://ronorp.net/market/posts/3-room-apartment-in-fehraltorf-zh-furnished-temporary-2",
        "title": "3½ ROOM APARTMENT IN FEHRALTORF (ZH), FURNISHED, TEMPORARY",
        "price_monthly": 2125.0,
        "currency": "CHF",
        "address": null,
        "postal_code": "8320",
        "city": "Fehraltorf",
        "country": "CH",
        "location_precision": "postal_code_city",
        "property_type": "apartment",
        "rooms": 3.5,
        "size_m2": 85.0,
        "floor": "Erdgeschoss",
        "furnished": true,
        "contract_type": "temporary",
        "available_from": null,
        "available_to": null,
        "minimum_months": 1,
        "maximum_months": null,
        "pets": null,
        "smoking": null,
        "student_only": null,
        "gender": null,
        "description": "RENTAL PERIOD from now to October 18, 2026 (min. 1 month) Good location in the village. Train station approx. 8 minutes on foot...",
        "external_url": "https://ums.ch/offer-detail/68232?utm_source=ronorp&utm_content=68232"
      }
    },
    {
      "type": "Feature",
      "geometry": {
        "type": "Point",
        "coordinates": [
          8.527311325073242,
          47.37721252441406
        ]
      },
      "properties": {
        "source": "ronorp",
        "source_url": "https://ronorp.net/market/posts/loft-in-zurich-zh-furnished-temporary-2",
        "title": "LOFT IN ZURICH (ZH), FURNISHED, TEMPORARY",
        "price_monthly": 3300.0,
        "currency": "CHF",
        "address": null,
        "postal_code": "8045",
        "city": "Zurich",
        "country": "CH",
        "location_precision": "postal_code_city",
        "property_type": "other",
        "rooms": 1.0,
        "size_m2": 138.0,
        "floor": "Erdgeschoss",
        "furnished": true,
        "contract_type": "temporary",
        "available_from": null,
        "available_to": null,
        "minimum_months": null,
        "maximum_months": null,
        "pets": null,
        "smoking": null,
        "student_only": null,
        "gender": null,
        "description": "RENTAL PERIOD from now to October 31, 2026. Loft near the heart of Zurich, nothing fancy, 138m, on 2. floor, with elevator, Public parking spaces nearby...",
        "external_url": "https://ums.ch/offer-detail/68078?utm_source=ronorp&utm_content=68078"
      }
    },
    {
      "type": "Feature",
      "geometry": {
        "type": "Point",
        "coordinates": [
          8.51434326171875,
          47.37013626098633
        ]
      },
      "properties": {
        "source": "ronorp",
        "source_url": "https://ronorp.net/market/posts/3-room-apartment-in-zurich-kreis-3-furnished-temporary-10",
        "title": "3 ROOM APARTMENT IN ZÜRICH - KREIS 3, FURNISHED, TEMPORARY",
        "price_monthly": 2640.0,
        "currency": "CHF",
        "address": null,
        "postal_code": "8055",
        "city": "Zürich",
        "country": "CH",
        "location_precision": "postal_code_city",
        "property_type": "apartment",
        "rooms": 3.0,
        "size_m2": 75.0,
        "floor": "Erdgeschoss",
        "furnished": true,
        "contract_type": "temporary",
        "available_from": "2026-09-04",
        "available_to": "2026-11-28",
        "minimum_months": 2,
        "maximum_months": null,
        "pets": null,
        "smoking": null,
        "student_only": null,
        "gender": null,
        "description": "RENTAL PERIOD from September 4, 2026 to November 28, 2026 (min. 2 months) Charming, fully furnished 3-room apartment. Excellent...",
        "external_url": "https://ums.ch/offer-detail/67763?utm_source=ronorp&utm_content=67763"
      }
    },
    {
      "type": "Feature",
      "geometry": {
        "type": "Point",
        "coordinates": [
          9.012992858886719,
          47.67182540893555
        ]
      },
      "properties": {
        "source": "ronorp",
        "source_url": "https://ronorp.net/market/posts/2-room-apartment-in-berlingen-tg-furnished-temporary-4",
        "title": "2 ROOM APARTMENT IN BERLINGEN (TG), FURNISHED, TEMPORARY",
        "price_monthly": 1500.0,
        "currency": "CHF",
        "address": null,
        "postal_code": "8267",
        "city": "Berlingen",
        "country": "CH",
        "location_precision": "postal_code_city",
        "property_type": "apartment",
        "rooms": 2.0,
        "size_m2": 30.0,
        "floor": "Erdgeschoss",
        "furnished": true,
        "contract_type": "temporary",
        "available_from": "2026-10-01",
        "available_to": "2027-03-31",
        "minimum_months": 1,
        "maximum_months": null,
        "pets": null,
        "smoking": null,
        "student_only": null,
        "gender": null,
        "description": "RENTAL PERIOD from October 1, 2026 to March 31, 2027 (min. 1 month) Small apartment right on Lake Constance/Untersee with a view of the port of Berlingen...",
        "external_url": "https://ums.ch/offer-detail/67356?utm_source=ronorp&utm_content=67356"
      }
    },
    {
      "type": "Feature",
      "geometry": {
        "type": "Point",
        "coordinates": [
          9.159069061279297,
          47.64523696899414
        ]
      },
      "properties": {
        "source": "ronorp",
        "source_url": "https://ronorp.net/market/posts/3-room-apartment-in-kreuzlingen-tg-furnished-temporary-1",
        "title": "3½ ROOM APARTMENT IN KREUZLINGEN (TG), FURNISHED, TEMPORARY",
        "price_monthly": 2490.0,
        "currency": "CHF",
        "address": null,
        "postal_code": "8280",
        "city": "Kreuzlingen",
        "country": "CH",
        "location_precision": "postal_code_city",
        "property_type": "apartment",
        "rooms": 3.5,
        "size_m2": 90.0,
        "floor": "Erdgeschoss",
        "furnished": true,
        "contract_type": "temporary",
        "available_from": null,
        "available_to": null,
        "minimum_months": 3,
        "maximum_months": null,
        "pets": null,
        "smoking": null,
        "student_only": null,
        "gender": null,
        "description": "RENTAL PERIOD from now to April 30, 2027 (min. 3 months) Stylish furnished 3.5-room apartment in Kreuzlingen, quiet & ready to move in, 10 min...",
        "external_url": "https://ums.ch/offer-detail/68629?utm_source=ronorp&utm_content=68629"
      }
    },
    {
      "type": "Feature",
      "geometry": {
        "type": "Point",
        "coordinates": [
          8.276301383972168,
          47.4613151550293
        ]
      },
      "properties": {
        "source": "ronorp",
        "source_url": "https://ronorp.net/market/posts/3-room-apartment-in-baden-ag-furnished-temporary-10",
        "title": "3½ ROOM APARTMENT IN BADEN (AG), FURNISHED, TEMPORARY",
        "price_monthly": 2995.0,
        "currency": "CHF",
        "address": null,
        "postal_code": "5400",
        "city": "Baden",
        "country": "CH",
        "location_precision": "postal_code_city",
        "property_type": "apartment",
        "rooms": 3.5,
        "size_m2": 93.0,
        "floor": "Erdgeschoss",
        "furnished": true,
        "contract_type": "temporary",
        "available_from": "2026-11-01",
        "available_to": "2027-10-31",
        "minimum_months": 6,
        "maximum_months": null,
        "pets": null,
        "smoking": null,
        "student_only": null,
        "gender": null,
        "description": "RENTAL PERIOD from November 1, 2026 to October 31, 2027 (min. 6 months) Beautiful and bright 3.5 room apartment in the Kappelerhof in Baden with convenient...",
        "external_url": "https://ums.ch/offer-detail/68586?utm_source=ronorp&utm_content=68586"
      }
    },
    {
      "type": "Feature",
      "geometry": {
        "type": "Point",
        "coordinates": [
          8.66782283782959,
          47.26142501831055
        ]
      },
      "properties": {
        "source": "ronorp",
        "source_url": "https://ronorp.net/market/posts/5-room-house-in-uetikon-am-see-zh-furnished-temporary",
        "title": "5½ ROOM HOUSE IN UETIKON AM SEE (ZH), FURNISHED, TEMPORARY",
        "price_monthly": 4800.0,
        "currency": "CHF",
        "address": null,
        "postal_code": "8707",
        "city": "Uetikon am See",
        "country": "CH",
        "location_precision": "postal_code_city",
        "property_type": "other",
        "rooms": 5.5,
        "size_m2": 140.0,
        "floor": "Erdgeschoss",
        "furnished": true,
        "contract_type": "temporary",
        "available_from": "2026-11-22",
        "available_to": "2027-01-30",
        "minimum_months": null,
        "maximum_months": null,
        "pets": null,
        "smoking": null,
        "student_only": null,
        "gender": null,
        "description": "RENTAL PERIOD from November 22, 2026 to January 30, 2027. Fully renovated semi-detached house with garden, spacious terrace and view on the lake of Zurich...",
        "external_url": "https://ums.ch/offer-detail/69023?utm_source=ronorp&utm_content=69023"
      }
    },
    {
      "type": "Feature",
      "geometry": {
        "type": "Point",
        "coordinates": [
          8.544629096984863,
          47.50325012207031
        ]
      },
      "properties": {
        "source": "ronorp",
        "source_url": "https://ronorp.net/market/posts/4-room-apartment-in-bachenbulach-zh-furnished-temporary-5",
        "title": "4½ ROOM APARTMENT IN BACHENBÜLACH (ZH), FURNISHED, TEMPORARY",
        "price_monthly": 4490.0,
        "currency": "CHF",
        "address": null,
        "postal_code": "8184",
        "city": "Bachenbülach",
        "country": "CH",
        "location_precision": "postal_code_city",
        "property_type": "apartment",
        "rooms": 4.5,
        "size_m2": 108.0,
        "floor": "Erdgeschoss",
        "furnished": true,
        "contract_type": "temporary",
        "available_from": "2027-04-01",
        "available_to": "2027-07-01",
        "minimum_months": 3,
        "maximum_months": null,
        "pets": null,
        "smoking": null,
        "student_only": null,
        "gender": null,
        "description": "RENTAL PERIOD from April 1, 2027 to July 1, 2027 (min. 3 months) Exclusive 4.5 room newly built apartment (2026), quiet & central near airport, 2 bathrooms...",
        "external_url": "https://ums.ch/offer-detail/68616?utm_source=ronorp&utm_content=68616"
      }
    },
    {
      "type": "Feature",
      "geometry": {
        "type": "Point",
        "coordinates": [
          8.544629096984863,
          47.50325012207031
        ]
      },
      "properties": {
        "source": "ronorp",
        "source_url": "https://ronorp.net/market/posts/4-room-apartment-in-bachenbulach-zh-furnished-temporary-4",
        "title": "4½ ROOM APARTMENT IN BACHENBÜLACH (ZH), FURNISHED, TEMPORARY",
        "price_monthly": 4490.0,
        "currency": "CHF",
        "address": null,
        "postal_code": "8184",
        "city": "Bachenbülach",
        "country": "CH",
        "location_precision": "postal_code_city",
        "property_type": "apartment",
        "rooms": 4.5,
        "size_m2": 108.0,
        "floor": "Erdgeschoss",
        "furnished": true,
        "contract_type": "temporary",
        "available_from": "2026-10-01",
        "available_to": "2026-12-31",
        "minimum_months": 3,
        "maximum_months": null,
        "pets": null,
        "smoking": null,
        "student_only": null,
        "gender": null,
        "description": "RENTAL PERIOD from October 1, 2026 to December 31, 2026 (min. 3 months) Exclusive 4.5 room newly built apartment (2026), quiet & central near airport...",
        "external_url": "https://ums.ch/offer-detail/68615?utm_source=ronorp&utm_content=68615"
      }
    },
    {
      "type": "Feature",
      "geometry": {
        "type": "Point",
        "coordinates": [
          8.513679504394531,
          47.391475677490234
        ]
      },
      "properties": {
        "source": "ronorp",
        "source_url": "https://ronorp.net/market/posts/3-room-apartment-in-zurich-kreis-5-escher-wyss-furnished-temporary-4",
        "title": "3 ROOM APARTMENT IN ZÜRICH - KREIS 5 ESCHER WYSS, FURNISHED, TEMPORARY",
        "price_monthly": 3120.0,
        "currency": "CHF",
        "address": null,
        "postal_code": "8005",
        "city": "Zürich",
        "country": "CH",
        "location_precision": "postal_code_city",
        "property_type": "apartment",
        "rooms": 3.0,
        "size_m2": 98.0,
        "floor": "Erdgeschoss",
        "furnished": true,
        "contract_type": "temporary",
        "available_from": "2026-10-05",
        "available_to": "2026-11-25",
        "minimum_months": null,
        "maximum_months": null,
        "pets": null,
        "smoking": null,
        "student_only": null,
        "gender": null,
        "description": "RENTAL PERIOD from October 5, 2026 to November 25, 2026. Bright and quiet apartment for sublet in the urban district 5 on the top floor with excellent...",
        "external_url": "https://ums.ch/offer-detail/68993?utm_source=ronorp&utm_content=68993"
      }
    },
    {
      "type": "Feature",
      "geometry": {
        "type": "Point",
        "coordinates": [
          8.540556907653809,
          47.41447830200195
        ]
      },
      "properties": {
        "source": "ronorp",
        "source_url": "https://ronorp.net/market/posts/4-room-apartment-in-zurich-kreis-12-furnished-temporary",
        "title": "4½ ROOM APARTMENT IN ZÜRICH - KREIS 12, FURNISHED, TEMPORARY",
        "price_monthly": 2388.0,
        "currency": "CHF",
        "address": null,
        "postal_code": "8050",
        "city": "Zürich",
        "country": "CH",
        "location_precision": "postal_code_city",
        "property_type": "apartment",
        "rooms": 4.5,
        "size_m2": 87.0,
        "floor": "Erdgeschoss",
        "furnished": true,
        "contract_type": "temporary",
        "available_from": "2026-11-07",
        "available_to": "2027-02-24",
        "minimum_months": 3,
        "maximum_months": null,
        "pets": null,
        "smoking": null,
        "student_only": null,
        "gender": null,
        "description": "RENTAL PERIOD from November 7, 2026 to February 24, 2027 (min. 3 months) Bright, modern, and conveniently located family apartment in the sustainable...",
        "external_url": "https://ums.ch/offer-detail/68976?utm_source=ronorp&utm_content=68976"
      }
    },
    {
      "type": "Feature",
      "geometry": {
        "type": "Point",
        "coordinates": [
          8.595848083496094,
          47.25806427001953
        ]
      },
      "properties": {
        "source": "ronorp",
        "source_url": "https://ronorp.net/market/posts/4-room-apartment-in-horgen-zh-furnished-1",
        "title": "4½ ROOM APARTMENT IN HORGEN (ZH), FURNISHED",
        "price_monthly": 4908.0,
        "currency": "CHF",
        "address": null,
        "postal_code": "8810",
        "city": "Horgen",
        "country": "CH",
        "location_precision": "postal_code_city",
        "property_type": "apartment",
        "rooms": 4.5,
        "size_m2": 137.0,
        "floor": "Erdgeschoss",
        "furnished": true,
        "contract_type": "permanent",
        "available_from": null,
        "available_to": null,
        "minimum_months": 3,
        "maximum_months": null,
        "pets": null,
        "smoking": null,
        "student_only": null,
        "gender": null,
        "description": "RENTAL PERIOD from September 1, 2026 (min. 3 months) 137m, on 1. floor, with elevator, 2 private parking spaces (optional CHF 360.-), Access to motorway...",
        "external_url": "https://ums.ch/offer-detail/68581?utm_source=ronorp&utm_content=68581"
      }
    },
    {
      "type": "Feature",
      "geometry": {
        "type": "Point",
        "coordinates": [
          8.788897514343262,
          47.543373107910156
        ]
      },
      "properties": {
        "source": "ronorp",
        "source_url": "https://ronorp.net/market/posts/3-room-apartment-in-rickenbach-sulz-zh-furnished-temporary-5",
        "title": "3 ROOM APARTMENT IN RICKENBACH SULZ (ZH), FURNISHED, TEMPORARY",
        "price_monthly": 2148.0,
        "currency": "CHF",
        "address": null,
        "postal_code": "8545",
        "city": "Rickenbach Sulz",
        "country": "CH",
        "location_precision": "postal_code_city",
        "property_type": "apartment",
        "rooms": 3.0,
        "size_m2": null,
        "floor": "Erdgeschoss",
        "furnished": true,
        "contract_type": "temporary",
        "available_from": "2026-10-01",
        "available_to": "2027-05-31",
        "minimum_months": 1,
        "maximum_months": null,
        "pets": null,
        "smoking": null,
        "student_only": null,
        "gender": null,
        "description": "RENTAL PERIOD from October 1, 2026 to May 31, 2027 (min. 1 month) Charming, bright apartment in a two-family house, ground floor...",
        "external_url": "https://ums.ch/offer-detail/68578?utm_source=ronorp&utm_content=68578"
      }
    },
    {
      "type": "Feature",
      "geometry": {
        "type": "Point",
        "coordinates": [
          8.475785255432129,
          47.4381217956543
        ]
      },
      "properties": {
        "source": "ronorp",
        "source_url": "https://ronorp.net/market/posts/2-room-maisonette-apartment-in-watt-zh-furnished-temporary",
        "title": "2½ ROOM MAISONETTE APARTMENT IN WATT (ZH), FURNISHED, TEMPORARY",
        "price_monthly": 2188.0,
        "currency": "CHF",
        "address": null,
        "postal_code": "8105",
        "city": "Watt",
        "country": "CH",
        "location_precision": "postal_code_city",
        "property_type": "apartment",
        "rooms": 2.5,
        "size_m2": 91.0,
        "floor": "Erdgeschoss",
        "furnished": true,
        "contract_type": "temporary",
        "available_from": "2026-11-28",
        "available_to": "2027-02-26",
        "minimum_months": 2,
        "maximum_months": null,
        "pets": null,
        "smoking": null,
        "student_only": null,
        "gender": null,
        "description": "RENTAL PERIOD from November 28, 2026 to February 26, 2027 (min. 2 months) Very spacious rooms, plenty of natural light, ample storage space thanks...",
        "external_url": "https://ums.ch/offer-detail/68966?utm_source=ronorp&utm_content=68966"
      }
    },
    {
      "type": "Feature",
      "geometry": {
        "type": "Point",
        "coordinates": [
          8.641592025756836,
          47.43012619018555
        ]
      },
      "properties": {
        "source": "ronorp",
        "source_url": "https://ronorp.net/market/posts/6-room-house-in-bassersdorf-zh-furnished-temporary-1",
        "title": "6½ ROOM HOUSE IN BASSERSDORF (ZH), FURNISHED, TEMPORARY",
        "price_monthly": 4740.0,
        "currency": "CHF",
        "address": null,
        "postal_code": "8303",
        "city": "Bassersdorf",
        "country": "CH",
        "location_precision": "postal_code_city",
        "property_type": "other",
        "rooms": 6.5,
        "size_m2": 130.0,
        "floor": "Erdgeschoss",
        "furnished": true,
        "contract_type": "temporary",
        "available_from": "2026-08-29",
        "available_to": "2026-10-01",
        "minimum_months": 1,
        "maximum_months": null,
        "pets": null,
        "smoking": null,
        "student_only": null,
        "gender": null,
        "description": "RENTAL PERIOD from August 29, 2026 to October 1, 2026 (min. 1 month) Furnished family house with child room, playroom, garden, terrace, good neighbours...",
        "external_url": "https://ums.ch/offer-detail/68543?utm_source=ronorp&utm_content=68543"
      }
    },
    {
      "type": "Feature",
      "geometry": {
        "type": "Point",
        "coordinates": [
          8.74656867980957,
          47.497718811035156
        ]
      },
      "properties": {
        "source": "ronorp",
        "source_url": "https://ronorp.net/market/posts/2-room-apartment-in-winterthur-oberwinterthur-furnished-temporary-2",
        "title": "2½ ROOM APARTMENT IN WINTERTHUR - OBERWINTERTHUR, FURNISHED, TEMPORARY",
        "price_monthly": 2450.0,
        "currency": "CHF",
        "address": null,
        "postal_code": "8404",
        "city": "Winterthur",
        "country": "CH",
        "location_precision": "postal_code_city",
        "property_type": "apartment",
        "rooms": 2.5,
        "size_m2": 84.0,
        "floor": "Erdgeschoss",
        "furnished": true,
        "contract_type": "temporary",
        "available_from": "2027-03-01",
        "available_to": "2028-03-31",
        "minimum_months": 4,
        "maximum_months": null,
        "pets": null,
        "smoking": null,
        "student_only": null,
        "gender": null,
        "description": "RENTAL PERIOD from March 1, 2027 to March 31, 2028 (min. 4 months) Beautiful, sunny, and modern 2.5-room apartment with stunning views and surroundings...",
        "external_url": "https://ums.ch/offer-detail/68948?utm_source=ronorp&utm_content=68948"
      }
    },
    {
      "type": "Feature",
      "geometry": {
        "type": "Point",
        "coordinates": [
          8.78083610534668,
          47.50569152832031
        ]
      },
      "properties": {
        "source": "ronorp",
        "source_url": "https://ronorp.net/market/posts/3-room-apartment-in-winterthur-furnished-temporary-2",
        "title": "3½ ROOM APARTMENT IN WINTERTHUR, FURNISHED, TEMPORARY",
        "price_monthly": 2298.0,
        "currency": "CHF",
        "address": null,
        "postal_code": "8409",
        "city": "Winterthur",
        "country": "CH",
        "location_precision": "postal_code_city",
        "property_type": "apartment",
        "rooms": 3.5,
        "size_m2": 79.0,
        "floor": "Erdgeschoss",
        "furnished": true,
        "contract_type": "temporary",
        "available_from": "2026-11-01",
        "available_to": "2027-02-28",
        "minimum_months": 4,
        "maximum_months": null,
        "pets": null,
        "smoking": null,
        "student_only": null,
        "gender": null,
        "description": "RENTAL PERIOD from November 1, 2026 to February 28, 2027 (min. 4 months, by arrangement) Spacious, bright apartment in a quiet neighborhood near the train...",
        "external_url": "https://ums.ch/offer-detail/68942?utm_source=ronorp&utm_content=68942"
      }
    },
    {
      "type": "Feature",
      "geometry": {
        "type": "Point",
        "coordinates": [
          8.518587112426758,
          47.36949920654297
        ]
      },
      "properties": {
        "source": "ronorp",
        "source_url": "https://ronorp.net/market/posts/1-room-apartment-in-zurich-kreis-3-furnished-temporary-2",
        "title": "1½ ROOM APARTMENT IN ZÜRICH - KREIS 3, FURNISHED, TEMPORARY",
        "price_monthly": 2124.0,
        "currency": "CHF",
        "address": null,
        "postal_code": "8003",
        "city": "Zürich",
        "country": "CH",
        "location_precision": "postal_code_city",
        "property_type": "studio",
        "rooms": 1.5,
        "size_m2": 42.0,
        "floor": "Erdgeschoss",
        "furnished": true,
        "contract_type": "temporary",
        "available_from": "2026-10-19",
        "available_to": "2027-07-31",
        "minimum_months": 9,
        "maximum_months": null,
        "pets": null,
        "smoking": null,
        "student_only": null,
        "gender": null,
        "description": "RENTAL PERIOD from October 19, 2026 to July 31, 2027 (min. 9 months) Modern, fully furnished, spacious 1.5-room studio apartment on the mezzanine floor...",
        "external_url": "https://ums.ch/offer-detail/68937?utm_source=ronorp&utm_content=68937"
      }
    },
    {
      "type": "Feature",
      "geometry": {
        "type": "Point",
        "coordinates": [
          8.980149269104004,
          47.16918182373047
        ]
      },
      "properties": {
        "source": "ronorp",
        "source_url": "https://ronorp.net/market/posts/1-room-apartment-in-reichenburg-sz-furnished-13",
        "title": "1 ROOM APARTMENT IN REICHENBURG (SZ), FURNISHED",
        "price_monthly": 1680.0,
        "currency": "CHF",
        "address": null,
        "postal_code": "8864",
        "city": "Reichenburg",
        "country": "CH",
        "location_precision": "postal_code_city",
        "property_type": "apartment",
        "rooms": 1.0,
        "size_m2": 35.0,
        "floor": "Erdgeschoss",
        "furnished": true,
        "contract_type": "permanent",
        "available_from": null,
        "available_to": null,
        "minimum_months": 2,
        "maximum_months": null,
        "pets": null,
        "smoking": null,
        "student_only": null,
        "gender": null,
        "description": "RENTAL PERIOD from December 1, 2026 (min. 2 months, by arrangement) 35m, ground floor, with elevator. Heating, electricity, water, internet, TV (incl...",
        "external_url": "https://ums.ch/offer-detail/67962?utm_source=ronorp&utm_content=67962"
      }
    },
    {
      "type": "Feature",
      "geometry": {
        "type": "Point",
        "coordinates": [
          8.506275177001953,
          47.40013122558594
        ]
      },
      "properties": {
        "source": "ronorp",
        "source_url": "https://ronorp.net/market/posts/4-room-apartment-in-zurich-kreis-10-hongg-furnished-temporary-3",
        "title": "4½ ROOM APARTMENT IN ZÜRICH - KREIS 10 HÖNGG, FURNISHED, TEMPORARY",
        "price_monthly": 3875.0,
        "currency": "CHF",
        "address": null,
        "postal_code": "8049",
        "city": "Zürich",
        "country": "CH",
        "location_precision": "postal_code_city",
        "property_type": "apartment",
        "rooms": 4.5,
        "size_m2": 100.0,
        "floor": "Erdgeschoss",
        "furnished": true,
        "contract_type": "temporary",
        "available_from": "2026-10-01",
        "available_to": "2027-04-01",
        "minimum_months": 2,
        "maximum_months": null,
        "pets": null,
        "smoking": null,
        "student_only": null,
        "gender": null,
        "description": "RENTAL PERIOD from October 1, 2026 to April 1, 2027 (min. 2 months) Furnished 4.5-room apartment on the ground floor in a quiet location...",
        "external_url": "https://ums.ch/offer-detail/68496?utm_source=ronorp&utm_content=68496"
      }
    },
    {
      "type": "Feature",
      "geometry": {
        "type": "Point",
        "coordinates": [
          7.879179954528809,
          46.26982498168945
        ]
      },
      "properties": {
        "source": "ronorp",
        "source_url": "https://ronorp.net/market/posts/370-m2-apartment-with-separate-wellness-area",
        "title": "370 m² apartment with separate wellness area",
        "price_monthly": 5000.0,
        "currency": "CHF",
        "address": null,
        "postal_code": "4000",
        "city": null,
        "country": "CH",
        "location_precision": "postal_code",
        "property_type": "apartment",
        "rooms": 4.5,
        "size_m2": 370.0,
        "floor": "1. Etage",
        "furnished": false,
        "contract_type": null,
        "available_from": null,
        "available_to": null,
        "minimum_months": null,
        "maximum_months": null,
        "pets": null,
        "smoking": null,
        "student_only": null,
        "gender": null,
        "description": "370 m apartment with separate wellness area: Thank you for your interest in this wonderful apartment with 370 m of living space...",
        "external_url": null
      }
    },
    {
      "type": "Feature",
      "geometry": {
        "type": "Point",
        "coordinates": [
          8.552281379699707,
          47.369571685791016
        ]
      },
      "properties": {
        "source": "ronorp",
        "source_url": "https://ronorp.net/market/posts/art-design-apartment-close-to-kunsthaus-excellent-for-expats-temporary-rental",
        "title": "Art Design Apartment close to Kunsthaus/ Excellent for Expats/ Temporary Rental",
        "price_monthly": 3950.0,
        "currency": "CHF",
        "address": "Minervastrasse",
        "postal_code": "8032",
        "city": "Zürich",
        "country": "CH",
        "location_precision": "address",
        "property_type": "studio",
        "rooms": 3.5,
        "size_m2": 75.0,
        "floor": "4. Etage",
        "furnished": false,
        "contract_type": "temporary",
        "available_from": null,
        "available_to": null,
        "minimum_months": null,
        "maximum_months": null,
        "pets": null,
        "smoking": null,
        "student_only": null,
        "gender": null,
        "description": "In the heart of Zurich, you find this fantastic art design apartment, fully equipped and with high- quality interior design...",
        "external_url": null
      }
    }
  ]
}