{
  "type": "FeatureCollection",
  "metadata": {
    "total": 151,
    "areas": {
      "lausanne": 151
    },
    "sources": [
      "ronorp"
    ]
  },
  "features": [
    {
      "type": "Feature",
      "geometry": {
        "type": "Point",
        "coordinates": [
          6.637651443481445,
          46.52045822143555
        ]
      },
      "properties": {
        "source": "flatfox",
        "source_section": "lausanne_shared",
        "source_id": "86172051",
        "source_url": "https://flatfox.ch/fr/flat/rue-saint-francois-1005-lausanne/86172051",
        "area": "lausanne",
        "title": "Chambre en colocation à louer à Lausanne",
        "description_title": "Chambre en colocation à Lausanne",
        "price_monthly": 1298.0,
        "price_net": null,
        "charges": null,
        "currency": "CHF",
        "address": "Rue Saint-François",
        "postal_code": "1005",
        "city": "Lausanne",
        "country": "CH",
        "latitude": 46.52045822143555,
        "longitude": 6.637651443481445,
        "location_precision": "address",
        "distance_from_lausanne_km": 0.42,
        "property_type": "private_room",
        "rooms": 1.0,
        "bedrooms": null,
        "bathrooms": null,
        "size_m2": 32.0,
        "usable_area_m2": null,
        "floor": null,
        "furnished": true,
        "contract_type": null,
        "availability_text": "Immédiatement",
        "available_from": null,
        "available_now": true,
        "available_to": null,
        "minimum_months": null,
        "maximum_months": null,
        "pets": null,
        "smoking": null,
        "student_only": null,
        "gender": null,
        "minimum_age": null,
        "maximum_age": null,
        "description": "Appartement meublé de 2 pièces, de 32 mètres carré. Comprenant 1 séjour, 2 chambre avec un lit de 140x200, une petite cuisine avec frigo/congélateur et four micro-onde, douche et WC séparé machine à laver. Contacter l'annonceur Nom E-mail Téléphone Créer un abonnement de recherche pour les annonces similaires Veuillez patienter... Toujours accompagné dans vos affaires juridiques Assurance protection juridique avec consultation gratuite et prise en charge des frais de justice. Découvrez tous les avantages Inscrivez-vous pour annonces à Lausanne Être averti instantanément lorsque des annonces similaires à Lausanne arrivent. Créer une alerte e-mail Annonces similaires autour de Lausanne Location 1’190 CHF Meublé Chambre en colocation 1004 Lausanne Location 1’290 CHF Meublé Chambre en colocation 1004 Lausanne Location 990 CHF Meublé Chambre en colocation 1003 Lausanne Afficher plus..."
      }
    },
    {
      "type": "Feature",
      "geometry": {
        "type": "Point",
        "coordinates": [
          6.628596305847168,
          46.522544860839844
        ]
      },
      "properties": {
        "source": "flatfox",
        "source_section": "lausanne_shared",
        "source_id": "86301859",
        "source_url": "https://flatfox.ch/fr/flat/place-belair-rue-des-terreaux-1003-lausanne/86301859",
        "area": "lausanne",
        "title": "Chambre en colocation à louer à Lausanne",
        "description_title": "Nice room rent in shared colocation",
        "price_monthly": 900.0,
        "price_net": 900.0,
        "charges": null,
        "currency": "CHF",
        "address": "Place Belair, Rue des Terreaux",
        "postal_code": "1003",
        "city": "Lausanne",
        "country": "CH",
        "latitude": 46.522544860839844,
        "longitude": 6.628596305847168,
        "location_precision": "address",
        "distance_from_lausanne_km": 0.42,
        "property_type": "private_room",
        "rooms": 1.0,
        "bedrooms": null,
        "bathrooms": null,
        "size_m2": 25.0,
        "usable_area_m2": 60.0,
        "floor": "3e étage",
        "furnished": true,
        "contract_type": null,
        "availability_text": "Immédiatement",
        "available_from": null,
        "available_now": true,
        "available_to": null,
        "minimum_months": null,
        "maximum_months": null,
        "pets": null,
        "smoking": null,
        "student_only": null,
        "gender": null,
        "minimum_age": null,
        "maximum_age": null,
        "description": "In lovely historical building recently redone, located in city center Lausanne (Place Belair), lovely room for rent as co-locataire in artist's apartment, near shops, bus lines, underground. Preference for long term, mature professional co-locataire. Contacter l'annonceur Nom E-mail Téléphone Créer un abonnement de recherche pour les annonces similaires Veuillez patienter... Obtenez votre attestation gratuite Renforcez votre dossier de location avec l'attestation provisoire de SwissCaution. Commander maintenant Inscrivez-vous pour annonces à Lausanne Être averti instantanément lorsque des annonces similaires à Lausanne arrivent. Créer une alerte e-mail Annonces similaires autour de Lausanne Location 750 CHF Meublé Chambre en colocation 1018 Lausanne Location 1’000 CHF Meublé Chambre en colocation 1018 Lausanne Location 880 CHF Chambre en colocation Rue de Genève 77 1004 Lausanne Afficher plus..."
      }
    },
    {
      "type": "Feature",
      "geometry": {
        "type": "Point",
        "coordinates": [
          6.62973690032959,
          46.523712158203125
        ]
      },
      "properties": {
        "source": "immobilier.ch",
        "source_section": "lausanne",
        "source_id": "1549368",
        "source_url": "https://www.immobilier.ch/fr/louer/appartement/vaud/lausanne/cogestim-lausanne-237/bel-appartement-35-pieces-centre-ville-1549368",
        "area": "lausanne",
        "title": "Bel appartement de 3.5 pièces au centre-ville",
        "description_title": "Votre garantie de loyer",
        "price_monthly": 1528.0,
        "price_net": null,
        "charges": null,
        "currency": "CHF",
        "address": "Rue du Pré-du-Marché 11",
        "postal_code": "1004",
        "city": "Lausanne",
        "country": "CH",
        "latitude": 46.523712158203125,
        "longitude": 6.62973690032959,
        "location_precision": "address",
        "distance_from_lausanne_km": 0.49,
        "property_type": "apartment",
        "rooms": 3.5,
        "bedrooms": 2.0,
        "bathrooms": 1.0,
        "size_m2": 52.0,
        "usable_area_m2": null,
        "floor": "5ème étage",
        "furnished": null,
        "contract_type": null,
        "availability_text": "Disponible dès le 01.11.2026",
        "available_from": "2026-11-01",
        "available_now": false,
        "available_to": null,
        "minimum_months": null,
        "maximum_months": null,
        "pets": null,
        "smoking": null,
        "student_only": null,
        "gender": null,
        "minimum_age": null,
        "maximum_age": null,
        "description": "Bel appartement de 3.5 pièces au centre-ville Description du bien Ce logement de 3.5 pièces se trouve au 5ème étage avec vue dégagée et est idéalement situé proche de toutes les commodités. Ce dernier sera disponible dès le 1er novembre 2026 et se décompose comme suit : - Hall d'entrée - Séjour lumineux - Cuisine fermée entièrement agencée - Deux chambres à coucher - Salle-de-bains avec WC Une cave est également à disposition. En raison d'une décision cantonale, le loyer est échelonné. En effet, le loyer mensuel du logement sera à : CHF 1'528.- + CHF 210.- de charges Dès le 16 avril 2030, le loyer mensuel definitif entrera en vigueur, soit CHF 1'710.- + CHF 210.- de charges. --- CONTACT VISITES --- Le locataire actuel, Monsieur Costa est joignable — EN CAS D'INTÉRÊT — Merci de bien vouloir effectuer votre candidature en ligne. Ladite candidature est à remplir depuis l'annonce de cet appartement sur notre site www.cogestim.ch. ———————————————————————————————————– La société propriétaire étant soucieuse du bien-être de ces locataires, vous pourrez bénéficier des prestations suivantes avec la location de ce bien, à savoir : – Garantie de loyer : Un rabais de 15% vous sera octroyé sur toutes les primes de cautionnement si vous choisissez l'entreprise Firstcaution SA ;"
      }
    },
    {
      "type": "Feature",
      "geometry": {
        "type": "Point",
        "coordinates": [
          6.63023567199707,
          46.524051666259766
        ]
      },
      "properties": {
        "source": "immobilier.ch",
        "source_section": "lausanne",
        "source_id": "1033280",
        "source_url": "https://www.immobilier.ch/fr/louer/appartement/vaud/lausanne/globe-plan-cie-1082/cdb5-lot-417-1033280",
        "area": "lausanne",
        "title": "Réf - CDB5 lot 417",
        "description_title": "Votre garantie de loyer",
        "price_monthly": 1600.0,
        "price_net": null,
        "charges": null,
        "currency": "CHF",
        "address": "Rue du Clos-de-Bulle 5",
        "postal_code": "1004",
        "city": "Lausanne",
        "country": "CH",
        "latitude": 46.524051666259766,
        "longitude": 6.63023567199707,
        "location_precision": "address",
        "distance_from_lausanne_km": 0.51,
        "property_type": "apartment",
        "rooms": 1.0,
        "bedrooms": 1.0,
        "bathrooms": null,
        "size_m2": 26.0,
        "usable_area_m2": null,
        "floor": "4ème étage",
        "furnished": true,
        "contract_type": null,
        "availability_text": "Disponible dès le 01.11.2026",
        "available_from": "2026-11-01",
        "available_now": false,
        "available_to": null,
        "minimum_months": null,
        "maximum_months": null,
        "pets": null,
        "smoking": null,
        "student_only": null,
        "gender": null,
        "minimum_age": null,
        "maximum_age": null,
        "description": "Réf - CDB5 lot 417 Description du bien SITUATION Depuis cet immeuble rénové situé à seulement 3 minutes de l'arrêt du métro de Riponne, vous pourrez facilement rejoindre le centre-ville de Lausanne et profiter de tous les commerces et autres commodités. Les accès autoroutiers sont à moins de 10 minutes en voiture. Vous pourrez également bénéficier de la Coop qui est à 3 minutes à pied. APPARTEMENT 1.5 pièces au 4ème étage, meublé. DESCRIPTIF Entrée, 1 chambre à coucher-salon, salle de bain-wc-lavabo, cuisine agencée. APPAREILS L'appartement est entièrement équipé avec télévision (250 chaines), internet Wi-Fi, sèche-cheveux, micro-ondes, machine à café Nespresso, toaster et bouilloire électrique. LOYER CHF. 1'600.00 Charges comprises. FRAIS ANNEXES CHF. 100.00 (HT) Forfait électricité, internet et assurance ECA. AUTRES PRESTATIONS POSSIBLES Ménage sur demande 48 heures à l'avance : CHF. 40.00/h. (HT) Changement hebdomadaire ou bimensuel de la literie. DISPONIBILITÉ 1er novembre 2026 VIDEO YOUTUBE https://youtube.com/shorts/x1p-cmAdGOA?"
      }
    },
    {
      "type": "Feature",
      "geometry": {
        "type": "Point",
        "coordinates": [
          6.63023567199707,
          46.524051666259766
        ]
      },
      "properties": {
        "source": "immobilier.ch",
        "source_section": "lausanne",
        "source_id": "1455203",
        "source_url": "https://www.immobilier.ch/fr/louer/appartement/vaud/lausanne/globe-plan-cie-1082/lot-410-10-piece-4eme-etage-10-piece-4eme-etage-1455203",
        "area": "lausanne",
        "title": "Lot 410 de 1.0 pièce au 4ème étage de 1.0 pièce au 4ème étage",
        "description_title": "Votre garantie de loyer",
        "price_monthly": 1600.0,
        "price_net": null,
        "charges": null,
        "currency": "CHF",
        "address": "Rue du Clos-de-Bulle 5",
        "postal_code": "1004",
        "city": "Lausanne",
        "country": "CH",
        "latitude": 46.524051666259766,
        "longitude": 6.63023567199707,
        "location_precision": "address",
        "distance_from_lausanne_km": 0.51,
        "property_type": "studio",
        "rooms": 1.0,
        "bedrooms": null,
        "bathrooms": null,
        "size_m2": 1.0,
        "usable_area_m2": null,
        "floor": "4ème étage",
        "furnished": true,
        "contract_type": null,
        "availability_text": "Disponible dès le 01.11.2026",
        "available_from": "2026-11-01",
        "available_now": false,
        "available_to": null,
        "minimum_months": null,
        "maximum_months": null,
        "pets": true,
        "smoking": null,
        "student_only": null,
        "gender": null,
        "minimum_age": null,
        "maximum_age": null,
        "description": "Lot 410 de 1.0 pièce au 4ème étage de 1.0 pièce au 4ème étage Description du bien Situation Studio rénové au coeur de Lausanne donnant sur une route piétonne. A seulement 190 mètres de l'arrêt métro Riponne. Proche des magasins et des restaurants. Appartement 1.5 pièces au 4ème étage, meublé. Descriptif Petit hall d'entrée, une pièce, cuisine et salle de bain/WCAppareilsL'appartement est entièrement équipé avec télévision (250 chaines), internet Wi-Fi, micro-ondes, machine à café Nespresso, sèche-cheveux, machine à laver. Loyer CHF. 1'600.00 Charges comprises. Prestations complémentaires CHF. 100.00 HT (assurance ECA. internet, wifi) Autres prestations possibles Ménage sur demande 48 heures à l'avance : CHF. 40.00/h. (HT)Changement hebdomadaire ou bimensuel de la literie. Disponibilité 1er novembre 2026 Vidéo YouTube https://youtube.com/shorts/x1p-cmAdGOA?"
      }
    },
    {
      "type": "Feature",
      "geometry": {
        "type": "Point",
        "coordinates": [
          6.63023567199707,
          46.524051666259766
        ]
      },
      "properties": {
        "source": "immobilier.ch",
        "source_section": "lausanne",
        "source_id": "1438927",
        "source_url": "https://www.immobilier.ch/fr/louer/appartement/vaud/lausanne/globe-plan-cie-1082/lot-408-15-pieces-4eme-etage-1438927",
        "area": "lausanne",
        "title": "Lot 408 de 1.5 pièces au 4ème étage",
        "description_title": null,
        "price_monthly": 1900.0,
        "price_net": null,
        "charges": null,
        "currency": "CHF",
        "address": "Rue du Clos-de-Bulle 5",
        "postal_code": "1004",
        "city": "Lausanne",
        "country": "CH",
        "latitude": 46.524051666259766,
        "longitude": 6.63023567199707,
        "location_precision": "address",
        "distance_from_lausanne_km": 0.51,
        "property_type": "studio",
        "rooms": 1.5,
        "bedrooms": 1.0,
        "bathrooms": null,
        "size_m2": null,
        "usable_area_m2": null,
        "floor": "4ème étage",
        "furnished": true,
        "contract_type": null,
        "availability_text": "Disponible dès le 01.09.2026",
        "available_from": "2026-09-01",
        "available_now": false,
        "available_to": null,
        "minimum_months": null,
        "maximum_months": null,
        "pets": null,
        "smoking": null,
        "student_only": null,
        "gender": null,
        "minimum_age": null,
        "maximum_age": null,
        "description": null
      }
    },
    {
      "type": "Feature",
      "geometry": {
        "type": "Point",
        "coordinates": [
          6.628551483154297,
          46.5236930847168
        ]
      },
      "properties": {
        "source": "immobilier.ch",
        "source_section": "lausanne",
        "source_id": "1554629",
        "source_url": "https://www.immobilier.ch/fr/louer/appartement/vaud/lausanne/immo62-sarl-2211/beau-3-pieces-coeur-lausanne-1554629",
        "area": "lausanne",
        "title": "Beau 3 pièces au coeur de Lausanne",
        "description_title": "Votre garantie de loyer",
        "price_monthly": 2300.0,
        "price_net": null,
        "charges": null,
        "currency": "CHF",
        "address": "Rue de la Tour 21",
        "postal_code": "1004",
        "city": "Lausanne",
        "country": "CH",
        "latitude": 46.5236930847168,
        "longitude": 6.628551483154297,
        "location_precision": "address",
        "distance_from_lausanne_km": 0.53,
        "property_type": "apartment",
        "rooms": 3.0,
        "bedrooms": 2.0,
        "bathrooms": 1.0,
        "size_m2": 83.0,
        "usable_area_m2": null,
        "floor": "2ème étage",
        "furnished": null,
        "contract_type": null,
        "availability_text": "Disponible dès le 01.10.2026",
        "available_from": "2026-10-01",
        "available_now": false,
        "available_to": null,
        "minimum_months": null,
        "maximum_months": null,
        "pets": null,
        "smoking": null,
        "student_only": null,
        "gender": null,
        "minimum_age": null,
        "maximum_age": null,
        "description": "Beau 3 pièces au coeur de Lausanne Description du bien A deux pas de la Cathédrale et au centre de Lausanne, ce logement vous offre une proximité avec les commerces et accès aux transports publics. Un couloir vitré dessert le salon avec terrasse et coin-à-manger, donnant sur la cuisine agencée avec vitrocéram et lave-vaisselle, salle-de-douche/WC et WC séparés, chambres en mezzanine. Avec galetas, buanderie commune et accès entrée avec digicode. Contact pour visiter"
      }
    },
    {
      "type": "Feature",
      "geometry": {
        "type": "Point",
        "coordinates": [
          6.628551483154297,
          46.5236930847168
        ]
      },
      "properties": {
        "source": "immobilier.ch",
        "source_section": "lausanne",
        "source_id": "1554630",
        "source_url": "https://www.immobilier.ch/fr/louer/appartement/vaud/lausanne/immo62-sarl-2211/centre-lausanne-1554630",
        "area": "lausanne",
        "title": "Au centre de Lausanne",
        "description_title": "Votre garantie de loyer",
        "price_monthly": 1400.0,
        "price_net": null,
        "charges": null,
        "currency": "CHF",
        "address": "Rue de la Tour 21",
        "postal_code": "1004",
        "city": "Lausanne",
        "country": "CH",
        "latitude": 46.5236930847168,
        "longitude": 6.628551483154297,
        "location_precision": "address",
        "distance_from_lausanne_km": 0.53,
        "property_type": "apartment",
        "rooms": 2.0,
        "bedrooms": 1.0,
        "bathrooms": 1.0,
        "size_m2": 39.0,
        "usable_area_m2": null,
        "floor": "2ème étage",
        "furnished": null,
        "contract_type": null,
        "availability_text": "Disponible dès le 01.10.2026",
        "available_from": "2026-10-01",
        "available_now": false,
        "available_to": null,
        "minimum_months": null,
        "maximum_months": null,
        "pets": null,
        "smoking": null,
        "student_only": null,
        "gender": null,
        "minimum_age": null,
        "maximum_age": null,
        "description": "Au centre de Lausanne Description du bien 2 pièces proche de toutes commodités, offrant : - séjour, cuisine entièrement agencée avec vitrocéram et lave-vaisselle et salle-de-bains/wc. Accès immeuble avec digicode. Contact visites"
      }
    },
    {
      "type": "Feature",
      "geometry": {
        "type": "Point",
        "coordinates": [
          6.629736423492432,
          46.5244026184082
        ]
      },
      "properties": {
        "source": "immobilier.ch",
        "source_section": "lausanne",
        "source_id": "1547291",
        "source_url": "https://www.immobilier.ch/fr/louer/appartement/vaud/lausanne/galland-cie-254/charmant-appartement-5-pieces-balcons-immeuble-caractere-1547291",
        "area": "lausanne",
        "title": "Charmant appartement de 5 pièces avec balcons dans un immeuble de caractère",
        "description_title": "Votre garantie de loyer",
        "price_monthly": 2500.0,
        "price_net": null,
        "charges": null,
        "currency": "CHF",
        "address": "Rue Pré-du-Marché 34",
        "postal_code": "1004",
        "city": "Lausanne",
        "country": "CH",
        "latitude": 46.5244026184082,
        "longitude": 6.629736423492432,
        "location_precision": "address",
        "distance_from_lausanne_km": 0.56,
        "property_type": "apartment",
        "rooms": 5.0,
        "bedrooms": null,
        "bathrooms": null,
        "size_m2": 111.0,
        "usable_area_m2": null,
        "floor": "2ème étage",
        "furnished": null,
        "contract_type": null,
        "availability_text": "Disponible de suite",
        "available_from": null,
        "available_now": true,
        "available_to": null,
        "minimum_months": null,
        "maximum_months": null,
        "pets": null,
        "smoking": null,
        "student_only": null,
        "gender": null,
        "minimum_age": null,
        "maximum_age": null,
        "description": "Charmant appartement de 5 pièces avec balcons dans un immeuble de caractère Description du bien Situé au Pré-du-Marché 34 à Lausanne, au 2? étage d'un élégant immeuble des années 1930, ce spacieux appartement de 5 pièces séduira les amateurs de cachet et de vie urbaine. Niché au cour du quartier prisé de Saint-Roch, il bénéficie d'un environnement dynamique, à proximité immédiate des commerces, des transports publics et de toutes les commodités. Les arrêts de bus, le métro ainsi que le parking de la Riponne sont accessibles en quelques minutes à pied. L'appartement se compose d'un hall d'entrée, d'une cuisine partiellement agencée, d'un lumineux séjour agrémenté d'une cheminée décorative et ouvrant sur un balcon, ainsi que d'une salle à manger disposant également d'un balcon. L'espace nuit comprend trois chambres à coucher, une salle de bains et un WC séparé, offrant un agencement idéal pour une famille ou toute personne à la recherche de beaux volumes. Alliant le charme de l'ancien à une situation centrale privilégiée, ce bien constitue une belle opportunité de vivre dans l'un des quartiers les plus appréciés de Lausanne."
      }
    },
    {
      "type": "Feature",
      "geometry": {
        "type": "Point",
        "coordinates": [
          6.629061222076416,
          46.52444839477539
        ]
      },
      "properties": {
        "source": "immobilier.ch",
        "source_section": "lausanne",
        "source_id": "1522728",
        "source_url": "https://www.immobilier.ch/fr/louer/appartement/vaud/lausanne/livit-ag-real-estate-management-675/coeur-ville-cdd-28022028-1522728",
        "area": "lausanne",
        "title": "Au coeur de la ville - CDD au 28.02.2028",
        "description_title": "Votre garantie de loyer",
        "price_monthly": 1890.0,
        "price_net": null,
        "charges": null,
        "currency": "CHF",
        "address": "Rue St-Roch 4",
        "postal_code": "1004",
        "city": "Lausanne",
        "country": "CH",
        "latitude": 46.52444839477539,
        "longitude": 6.629061222076416,
        "location_precision": "address",
        "distance_from_lausanne_km": 0.58,
        "property_type": "apartment",
        "rooms": 3.0,
        "bedrooms": 2.0,
        "bathrooms": null,
        "size_m2": 78.0,
        "usable_area_m2": null,
        "floor": "5ème étage",
        "furnished": null,
        "contract_type": null,
        "availability_text": "Disponible dès le 01.09.2026",
        "available_from": "2026-09-01",
        "available_now": false,
        "available_to": null,
        "minimum_months": null,
        "maximum_months": null,
        "pets": null,
        "smoking": null,
        "student_only": null,
        "gender": null,
        "minimum_age": null,
        "maximum_age": null,
        "description": "Au coeur de la ville - CDD au 28.02.2028 Description du bien En plein coeur de la ville de Lausanne, nous vous proposons ce 3 pièces joliment agencé: - Cuisine agencée habitable - 2 Chambres à coucher avec du parquet - Salon avec du parquet - Hall avec du carrelage - Salle de bain - WC-séparés - Balcon (côté cuisine) et terrasse orientée sud - Réduit - Cave, ascenseur En quelques minutes à pied seulement, vous pourrez vous rendre à la rue de l'Ale et à la place St-Laurent. Le logement est à louer jusqu'au 28 février 2028. Avons-nous attiré votre intérêt ? Contactez-nous directement dans l'annonce via \"Contacter l’annonceur\". Vous recevrez ensuite un mail automatisé contenant les informations relatives à la visite ainsi qu’un lien pour postuler directement en ligne après la visite et/ou nous poser vos questions"
      }
    },
    {
      "type": "Feature",
      "geometry": {
        "type": "Point",
        "coordinates": [
          6.6302337646484375,
          46.525020599365234
        ]
      },
      "properties": {
        "source": "immobilier.ch",
        "source_section": "lausanne",
        "source_id": "1556709",
        "source_url": "https://www.immobilier.ch/fr/louer/appartement/vaud/lausanne/rham-location-residentielle-787/appartement-renove-centre-lausannois-1556709",
        "area": "lausanne",
        "title": "Appartement rénové dans le centre Lausannois",
        "description_title": "Votre garantie de loyer",
        "price_monthly": 1400.0,
        "price_net": null,
        "charges": null,
        "currency": "CHF",
        "address": "Avenue Vinet 17",
        "postal_code": "1004",
        "city": "Lausanne",
        "country": "CH",
        "latitude": 46.525020599365234,
        "longitude": 6.6302337646484375,
        "location_precision": "address",
        "distance_from_lausanne_km": 0.61,
        "property_type": "apartment",
        "rooms": 2.0,
        "bedrooms": null,
        "bathrooms": null,
        "size_m2": 48.0,
        "usable_area_m2": null,
        "floor": "1er étage",
        "furnished": null,
        "contract_type": null,
        "availability_text": "Disponible dès le 01.09.2026",
        "available_from": "2026-09-01",
        "available_now": false,
        "available_to": null,
        "minimum_months": null,
        "maximum_months": null,
        "pets": null,
        "smoking": null,
        "student_only": null,
        "gender": null,
        "minimum_age": null,
        "maximum_age": null,
        "description": "Appartement rénové dans le centre Lausannois Description du bien Commerces, restaurants, cinémas et boîtes de nuit : ce quartier dynamique est fait pour les épicuriens. On y danse, on s'y restaure et on s'y divertit. Bienvenue dans le Lausanne festif et vibrant! Ce logement se compose de la manière suivante: - Hall d'entrée - Salle de bains / WC - Cuisine agencée - Séjour - Chambre à coucher Pour toute information complémentaire sur ce bien ou pour organiser une visite, nous vous invitons à remplir le formulaire de contact."
      }
    },
    {
      "type": "Feature",
      "geometry": {
        "type": "Point",
        "coordinates": [
          6.6273112297058105,
          46.52393341064453
        ]
      },
      "properties": {
        "source": "immobilier.ch",
        "source_section": "lausanne",
        "source_id": "1561555",
        "source_url": "https://www.immobilier.ch/fr/louer/appartement/vaud/lausanne/room-estate-1443/espace-coliving-moderne-quartier-vivant-maupas-lausanne-1561555",
        "area": "lausanne",
        "title": "Un espace de coliving moderne dans le quartier vivant de Maupas à Lausanne",
        "description_title": "Votre garantie de loyer",
        "price_monthly": 1290.0,
        "price_net": null,
        "charges": null,
        "currency": "CHF",
        "address": "Rue du Maupas",
        "postal_code": "1004",
        "city": "Lausanne",
        "country": "CH",
        "latitude": 46.52393341064453,
        "longitude": 6.6273112297058105,
        "location_precision": "address",
        "distance_from_lausanne_km": 0.61,
        "property_type": "private_room",
        "rooms": 1.0,
        "bedrooms": null,
        "bathrooms": null,
        "size_m2": 18.0,
        "usable_area_m2": null,
        "floor": "5ème étage",
        "furnished": true,
        "contract_type": null,
        "availability_text": null,
        "available_from": null,
        "available_now": null,
        "available_to": null,
        "minimum_months": null,
        "maximum_months": null,
        "pets": null,
        "smoking": null,
        "student_only": null,
        "gender": null,
        "minimum_age": null,
        "maximum_age": null,
        "description": "Un espace de coliving moderne dans le quartier vivant de Maupas à Lausanne Description du bien Bienvenue à Romain, un appartement de coliving moderne et chaleureux situé Rue du Maupas, 1004 Lausanne. Conçu pour les jeunes professionnels, cet appartement propose trois chambres spacieuses que vous partagerez avec deux colocataires. L’appartement allie fonctionnalité et élégance, avec une cuisine moderne partagée entièrement équipée avec lave-vaisselle, four, plaque de cuisson et réfrigérateur, idéale pour cuisiner ensemble. La salle de bain commune dispose d'une baignoire, d'un lavabo et de toilettes, offrant tout le nécessaire pour un confort optimal. Un espace salle à manger pour quatre personnes est parfait pour les repas ou les soirées conviviales, tandis que les placards intégrés dans le couloir garantissent un espace de rangement suffisant. Le mobilier moderne apporte une touche élégante et rend l’appartement chaleureux. Situé dans le quartier animé de Maupas/Valency, cet appartement est proche de toutes les commodités. Les transports publics sont facilement accessibles : l’arrêt de bus Maupas, desservi par plusieurs lignes, vous relie rapidement à la gare de Lausanne et à d’autres quartiers clés de la ville. Le métro M2 est à quelques minutes en bus ou à 15 minutes à pied et permet d’accéder rapidement à des destinations telles qu’Ouchy au bord du lac ou le quartier de Flon. Pour vos besoins quotidiens, les supermarchés comme Migros et Coop Prélaz sont accessibles à pied, et le quartier propose une variété de commerces locaux et de restaurants. Que vous soyez étudiant ou professionnel, l’Université de Lausanne (UNIL) et l’EPFL sont facilement accessibles en transports en commun, faisant de cet emplacement un choix idéal pour ceux qui fréquentent ces institutions. Pour vous détendre, le quartier magnifique d’Ouchy au bord du lac Léman est à seulement 10–15 minutes en transport. Vous pourrez profiter des belles promenades au bord du lac, des restaurants et des balades en bateau. L’équilibre entre les commodités urbaines et les loisirs en plein air fait de Romain un excellent choix pour un mode de vie dynamique et connecté. Room Estate 🏡 - Le leader du coliving en Suisse! Chez nous, tu peux simplement emménager avec ta valise et commencer à vivre - tout est prêt pour toi. Pas de paperasse, pas d'effort, pas de stress. Tout ce dont tu as besoin est déjà organisé et tous les services sont compris dans un seul prix. Coliving signifie ici un habitat simple et moderne et une véritable communauté. Profite de ta vie, nous nous occupons du reste. Bienvenue chez Room Estate - ton nouveau chez-toi en Suisse! Tu es intéressé(e)? Réserve ta place dès maintenant et mets-toi à l'aise chez nous! 🏡"
      }
    },
    {
      "type": "Feature",
      "geometry": {
        "type": "Point",
        "coordinates": [
          6.6273112297058105,
          46.52393341064453
        ]
      },
      "properties": {
        "source": "immobilier.ch",
        "source_section": "lausanne",
        "source_id": "1535359",
        "source_url": "https://www.immobilier.ch/fr/louer/appartement/vaud/lausanne/room-estate-1443/espace-coliving-moderne-quartier-vivant-maupas-lausanne-1535359",
        "area": "lausanne",
        "title": "Un espace de coliving moderne dans le quartier vivant de Maupas à Lausanne",
        "description_title": "Votre garantie de loyer",
        "price_monthly": 1290.0,
        "price_net": null,
        "charges": null,
        "currency": "CHF",
        "address": "Rue du Maupas",
        "postal_code": "1004",
        "city": "Lausanne",
        "country": "CH",
        "latitude": 46.52393341064453,
        "longitude": 6.6273112297058105,
        "location_precision": "address",
        "distance_from_lausanne_km": 0.61,
        "property_type": "private_room",
        "rooms": 1.0,
        "bedrooms": null,
        "bathrooms": null,
        "size_m2": 18.0,
        "usable_area_m2": null,
        "floor": "5ème étage",
        "furnished": true,
        "contract_type": null,
        "availability_text": null,
        "available_from": null,
        "available_now": null,
        "available_to": null,
        "minimum_months": null,
        "maximum_months": null,
        "pets": null,
        "smoking": null,
        "student_only": null,
        "gender": null,
        "minimum_age": null,
        "maximum_age": null,
        "description": "Un espace de coliving moderne dans le quartier vivant de Maupas à Lausanne Description du bien Bienvenue à Romain, un appartement de coliving moderne et chaleureux situé Rue du Maupas, 1004 Lausanne. Conçu pour les jeunes professionnels, cet appartement propose trois chambres spacieuses que vous partagerez avec deux colocataires. L’appartement allie fonctionnalité et élégance, avec une cuisine moderne partagée entièrement équipée avec lave-vaisselle, four, plaque de cuisson et réfrigérateur, idéale pour cuisiner ensemble. La salle de bain commune dispose d'une baignoire, d'un lavabo et de toilettes, offrant tout le nécessaire pour un confort optimal. Un espace salle à manger pour quatre personnes est parfait pour les repas ou les soirées conviviales, tandis que les placards intégrés dans le couloir garantissent un espace de rangement suffisant. Le mobilier moderne apporte une touche élégante et rend l’appartement chaleureux. Situé dans le quartier animé de Maupas/Valency, cet appartement est proche de toutes les commodités. Les transports publics sont facilement accessibles : l’arrêt de bus Maupas, desservi par plusieurs lignes, vous relie rapidement à la gare de Lausanne et à d’autres quartiers clés de la ville. Le métro M2 est à quelques minutes en bus ou à 15 minutes à pied et permet d’accéder rapidement à des destinations telles qu’Ouchy au bord du lac ou le quartier de Flon. Pour vos besoins quotidiens, les supermarchés comme Migros et Coop Prélaz sont accessibles à pied, et le quartier propose une variété de commerces locaux et de restaurants. Que vous soyez étudiant ou professionnel, l’Université de Lausanne (UNIL) et l’EPFL sont facilement accessibles en transports en commun, faisant de cet emplacement un choix idéal pour ceux qui fréquentent ces institutions. Pour vous détendre, le quartier magnifique d’Ouchy au bord du lac Léman est à seulement 10–15 minutes en transport. Vous pourrez profiter des belles promenades au bord du lac, des restaurants et des balades en bateau. L’équilibre entre les commodités urbaines et les loisirs en plein air fait de Romain un excellent choix pour un mode de vie dynamique et connecté. Room Estate 🏡 - Le leader du coliving en Suisse! Chez nous, tu peux simplement emménager avec ta valise et commencer à vivre - tout est prêt pour toi. Pas de paperasse, pas d'effort, pas de stress. Tout ce dont tu as besoin est déjà organisé et tous les services sont compris dans un seul prix. Coliving signifie ici un habitat simple et moderne et une véritable communauté. Profite de ta vie, nous nous occupons du reste. Bienvenue chez Room Estate - ton nouveau chez-toi en Suisse! Tu es intéressé(e)? Réserve ta place dès maintenant et mets-toi à l'aise chez nous! 🏡"
      }
    },
    {
      "type": "Feature",
      "geometry": {
        "type": "Point",
        "coordinates": [
          6.6273112297058105,
          46.52393341064453
        ]
      },
      "properties": {
        "source": "immobilier.ch",
        "source_section": "lausanne",
        "source_id": "1546183",
        "source_url": "https://www.immobilier.ch/fr/louer/appartement/vaud/lausanne/room-estate-1443/penthouse-collocation-centre-lausanne-1546183",
        "area": "lausanne",
        "title": "Penthouse en collocation au centre de Lausanne",
        "description_title": "Votre garantie de loyer",
        "price_monthly": 1190.0,
        "price_net": null,
        "charges": null,
        "currency": "CHF",
        "address": "Rue du Maupas",
        "postal_code": "1004",
        "city": "Lausanne",
        "country": "CH",
        "latitude": 46.52393341064453,
        "longitude": 6.6273112297058105,
        "location_precision": "address",
        "distance_from_lausanne_km": 0.61,
        "property_type": "private_room",
        "rooms": 1.0,
        "bedrooms": null,
        "bathrooms": null,
        "size_m2": 12.0,
        "usable_area_m2": null,
        "floor": "6ème étage",
        "furnished": true,
        "contract_type": null,
        "availability_text": "Disponible de suite",
        "available_from": null,
        "available_now": true,
        "available_to": null,
        "minimum_months": null,
        "maximum_months": null,
        "pets": null,
        "smoking": null,
        "student_only": null,
        "gender": null,
        "minimum_age": null,
        "maximum_age": null,
        "description": "Traduction automatique Google à partir de la version originale (EN) Penthouse en collocation au centre de Lausanne Description du bien Cet appartement en colocation est en plein centre de Lausanne, proche de toutes le commodité. Il est meublé avec goût, au 6ème étage de l’immeuble. La cuisine et la salle de bain sont en partage avec tes futurs colocataires. La chambre soigneusement meublée t’offrira tout le confort nécessaire et une vue imprenable sur la ville et le lac. Les services suivants complètent l’offre de colocation : Service de nettoyage pour les parties communes l'Internet Électricité + eau L'assurance dépôts Nos locataires ne paient qu'un prix et n'ont pas à souscrire d’autre abonnement, cela garantit une flexibilité et indépendance maximale. La cuisine est également entièrement équipée avec tous les ustensiles nécessaires. Nos meubles, neufs et choisis avec soin, contribuent à l'ambiance accueillante de l'appartement"
      }
    },
    {
      "type": "Feature",
      "geometry": {
        "type": "Point",
        "coordinates": [
          6.6273112297058105,
          46.52393341064453
        ]
      },
      "properties": {
        "source": "immobilier.ch",
        "source_section": "lausanne",
        "source_id": "1535388",
        "source_url": "https://www.immobilier.ch/fr/louer/appartement/vaud/lausanne/room-estate-1443/penthouse-collocation-centre-lausanne-1535388",
        "area": "lausanne",
        "title": "Penthouse en collocation au centre de Lausanne",
        "description_title": "Votre garantie de loyer",
        "price_monthly": 1190.0,
        "price_net": null,
        "charges": null,
        "currency": "CHF",
        "address": "Rue du Maupas",
        "postal_code": "1004",
        "city": "Lausanne",
        "country": "CH",
        "latitude": 46.52393341064453,
        "longitude": 6.6273112297058105,
        "location_precision": "address",
        "distance_from_lausanne_km": 0.61,
        "property_type": "private_room",
        "rooms": 1.0,
        "bedrooms": null,
        "bathrooms": null,
        "size_m2": 12.0,
        "usable_area_m2": null,
        "floor": "6ème étage",
        "furnished": true,
        "contract_type": null,
        "availability_text": "Disponible de suite",
        "available_from": null,
        "available_now": true,
        "available_to": null,
        "minimum_months": null,
        "maximum_months": null,
        "pets": null,
        "smoking": null,
        "student_only": null,
        "gender": null,
        "minimum_age": null,
        "maximum_age": null,
        "description": "Penthouse en collocation au centre de Lausanne Description du bien Cet appartement en colocation est en plein centre de Lausanne, proche de toutes le commodité. Il est meublé avec goût, au 6ème étage de l’immeuble. La cuisine et la salle de bain sont en partage avec tes futurs colocataires. La chambre soigneusement meublée t’offrira tout le confort nécessaire et une vue imprenable sur la ville et le lac. Les services suivants complètent l’offre de colocation : Service de nettoyage pour les parties communes l'Internet Électricité + eau L'assurance dépôts Nos locataires ne paient qu'un prix et n'ont pas à souscrire d’autre abonnement, cela garantit une flexibilité et indépendance maximale. La cuisine est également entièrement équipée avec tous les ustensiles nécessaires. Nos meubles, neufs et choisis avec soin, contribuent à l'ambiance accueillante de l'appartement."
      }
    },
    {
      "type": "Feature",
      "geometry": {
        "type": "Point",
        "coordinates": [
          6.62898588180542,
          46.524967193603516
        ]
      },
      "properties": {
        "source": "immobilier.ch",
        "source_section": "lausanne",
        "source_id": "1513743",
        "source_url": "https://www.immobilier.ch/fr/louer/appartement/vaud/lausanne/apleona-schweiz-ag-670/appartement-magnifique-vue-centre-ville-1513743",
        "area": "lausanne",
        "title": "Appartement avec magnifique vue au centre-ville",
        "description_title": "Votre garantie de loyer",
        "price_monthly": 1460.0,
        "price_net": null,
        "charges": null,
        "currency": "CHF",
        "address": "Rue Pré-du-Marché 23",
        "postal_code": "1004",
        "city": "Lausanne",
        "country": "CH",
        "latitude": 46.524967193603516,
        "longitude": 6.62898588180542,
        "location_precision": "address",
        "distance_from_lausanne_km": 0.64,
        "property_type": "apartment",
        "rooms": 2.0,
        "bedrooms": null,
        "bathrooms": null,
        "size_m2": 45.0,
        "usable_area_m2": null,
        "floor": "8ème étage",
        "furnished": null,
        "contract_type": null,
        "availability_text": "Disponible de suite",
        "available_from": null,
        "available_now": true,
        "available_to": null,
        "minimum_months": null,
        "maximum_months": null,
        "pets": null,
        "smoking": null,
        "student_only": null,
        "gender": null,
        "minimum_age": null,
        "maximum_age": null,
        "description": "Appartement avec magnifique vue au centre-ville Description du bien Ce logement de 2 pièces de 45 m2 bénéfice d'une magnifique vue. Aménagé au 8ème étage avec ascenseur, il est implanté à deux pas du centre-ville et des transports publics. Cet appartement se répartit comme suit : - Une cuisine agencée (petit frigo, cuisinière/four, hotte) - Un salon - Une chambre - Une salle de bains avec baignoire - Un balcon - Une cave BAIL FIXE DE DURÉE DÉTERMINÉE DE 5 ANS, AVEC POSSIBILITÉS DE RESILIATION UNILATÉRALE PAR LE LOCATAIRE. A louer dès le 15.08.2026 ou 01.09.2026"
      }
    },
    {
      "type": "Feature",
      "geometry": {
        "type": "Point",
        "coordinates": [
          6.6276044845581055,
          46.52462387084961
        ]
      },
      "properties": {
        "source": "immobilier.ch",
        "source_section": "lausanne",
        "source_id": "856914",
        "source_url": "https://www.immobilier.ch/fr/louer/appartement/vaud/lausanne/rham-location-residentielle-787/appartement-2-pieces-centre-ville-856914",
        "area": "lausanne",
        "title": "Appartement de 2 pièces au centre ville",
        "description_title": "Votre garantie de loyer",
        "price_monthly": 1520.0,
        "price_net": null,
        "charges": null,
        "currency": "CHF",
        "address": "Rue St-Roch 21",
        "postal_code": "1004",
        "city": "Lausanne",
        "country": "CH",
        "latitude": 46.52462387084961,
        "longitude": 6.6276044845581055,
        "location_precision": "address",
        "distance_from_lausanne_km": 0.65,
        "property_type": "apartment",
        "rooms": 2.0,
        "bedrooms": null,
        "bathrooms": null,
        "size_m2": 50.0,
        "usable_area_m2": null,
        "floor": "3ème étage",
        "furnished": null,
        "contract_type": null,
        "availability_text": "Disponible de suite",
        "available_from": null,
        "available_now": true,
        "available_to": null,
        "minimum_months": null,
        "maximum_months": null,
        "pets": null,
        "smoking": null,
        "student_only": null,
        "gender": null,
        "minimum_age": null,
        "maximum_age": null,
        "description": "Appartement de 2 pièces au centre ville Description du bien Dans le rayonnement du Palais de Beaulieu, vous bénéficierez d'une offre culturelle variée, entre musées, salle de spectacles et bibliothèque. Autour de son gymnase, les infrastructures sportives et les cafés de ce quartier hétéroclite n'attendent plus que vous. Cet appartement est composé comme suit : - Un hall d'entrée - Une cuisine - Un séjour - Une chambre à coucher - Une salle de bains avec WC Une cuisinière sera installée dans l'appartement. La date d'entrée est encore à déterminer. La location de l'appartement est d'une durée déterminée jusqu'au 31 janvier 2028. Pour toute information complémentaire sur ce bien ou pour organiser une visite, nous vous invitons à remplir le formulaire de contact."
      }
    },
    {
      "type": "Feature",
      "geometry": {
        "type": "Point",
        "coordinates": [
          6.632730484008789,
          46.525604248046875
        ]
      },
      "properties": {
        "source": "immobilier.ch",
        "source_section": "lausanne",
        "source_id": "1467449",
        "source_url": "https://www.immobilier.ch/fr/louer/appartement/vaud/lausanne/bernard-nicod-lausanne-gare-gerance-2201/attique-exception-15-piece-vue-imprenable-lac-1467449",
        "area": "lausanne",
        "title": "Attique d'exception de 1.5 pièce avec vue imprenable sur le lac",
        "description_title": "Votre garantie de loyer",
        "price_monthly": 1740.0,
        "price_net": null,
        "charges": null,
        "currency": "CHF",
        "address": "23, avenue de Riant-Mont",
        "postal_code": "1004",
        "city": "Lausanne",
        "country": "CH",
        "latitude": 46.525604248046875,
        "longitude": 6.632730484008789,
        "location_precision": "address",
        "distance_from_lausanne_km": 0.66,
        "property_type": "apartment",
        "rooms": 1.5,
        "bedrooms": 1.0,
        "bathrooms": 1.0,
        "size_m2": 51.0,
        "usable_area_m2": null,
        "floor": "4ème étage",
        "furnished": null,
        "contract_type": null,
        "availability_text": "Disponible de suite",
        "available_from": null,
        "available_now": true,
        "available_to": null,
        "minimum_months": null,
        "maximum_months": null,
        "pets": null,
        "smoking": null,
        "student_only": null,
        "gender": null,
        "minimum_age": null,
        "maximum_age": null,
        "description": "Attique d'exception de 1.5 pièce avec vue imprenable sur le lac Description du bien Idéalement situé en plein centre-ville de Lausanne, à seulement quelques pas du métro M2, cet appartement de 1.5 pièce de 51 m² offre un cadre de vie pratique et agréable, proche de toutes les commodités. L'appartement se compose d'un hall d'entrée, d'un séjour/chambre lumineux, d'une cuisine équipée, ainsi que d'une salle de bains. Un balcon vient compléter ce bien et permet de profiter d'un agréable espace extérieur. Grâce à sa localisation centrale, vous bénéficiez d'un accès rapide aux transports publics, commerces, restaurants et services."
      }
    },
    {
      "type": "Feature",
      "geometry": {
        "type": "Point",
        "coordinates": [
          6.6245036125183105,
          46.52387619018555
        ]
      },
      "properties": {
        "source": "immobilier.ch",
        "source_section": "lausanne",
        "source_id": "1557249",
        "source_url": "https://www.immobilier.ch/fr/louer/appartement/vaud/lausanne/room-estate-1443/appartement-coliving-moderne-avenue-france-lausanne-1557249",
        "area": "lausanne",
        "title": "Un Appartement Coliving Moderne à l'Avenue de France à Lausanne",
        "description_title": "Votre garantie de loyer",
        "price_monthly": 1290.0,
        "price_net": null,
        "charges": null,
        "currency": "CHF",
        "address": "Avenue de France",
        "postal_code": "1004",
        "city": "Lausanne",
        "country": "CH",
        "latitude": 46.52387619018555,
        "longitude": 6.6245036125183105,
        "location_precision": "address",
        "distance_from_lausanne_km": 0.76,
        "property_type": "private_room",
        "rooms": 1.0,
        "bedrooms": null,
        "bathrooms": null,
        "size_m2": 25.0,
        "usable_area_m2": null,
        "floor": "2ème étage",
        "furnished": true,
        "contract_type": null,
        "availability_text": null,
        "available_from": null,
        "available_now": null,
        "available_to": null,
        "minimum_months": null,
        "maximum_months": null,
        "pets": null,
        "smoking": null,
        "student_only": null,
        "gender": null,
        "minimum_age": null,
        "maximum_age": null,
        "description": "Un Appartement Coliving Moderne à l'Avenue de France à Lausanne Description du bien Découvrez \"Pierre\", notre appartement de coliving moderne situé au 23 Avenue de France, 1004 Lausanne. Cet appartement élégamment meublé comprend trois chambres spacieuses que vous partagerez avec deux colocataires. La cuisine commune, moderne et entièrement équipée avec lave-vaisselle, four, cuisinière et réfrigérateur, est idéale pour des soirées culinaires partagées. La salle de bain offre une baignoire et un lavabo ; une toilette séparée est également disponible pour plus de confort. L'espace salle à manger, prévu pour deux personnes, est parfait pour des repas en commun ou des discussions détendues. Le couloir avec placards intégrés offre un espace de rangement suffisant pour les effets personnels. L'emplacement de l'appartement est idéal pour de jeunes professionnels. À proximité immédiate se trouve Ouchy et le lac Léman, propices à des promenades le long de la promenade, des pique-niques dans le parc ou des activités sportives comme le jogging ou le vélo. Le Parc de Milan et le Parc de Montriond offrent d'autres espaces verts pour la détente et les loisirs. Grâce à une excellente desserte des transports publics, y compris la ligne de métro M2 et plusieurs lignes de bus, vous atteignez rapidement le centre-ville, la gare et d'autres points clés de Lausanne. Des supermarchés tels que Migros et Coop ainsi que des commerces locaux couvrent les besoins quotidiens, tandis que le quartier du Flon à proximité propose une variété de boutiques et une vie nocturne animée. De nombreux restaurants et cafés dans les environs offrent une diversité culinaire et invitent à des explorations communes. La proximité de l'Université de Lausanne (UNIL) et de l'École Polytechnique Fédérale de Lausanne (EPFL) rend également l'emplacement attrayant pour les étudiants et les universitaires. Ainsi, \"Pierre\" offre non seulement un cadre de vie confortable, mais aussi de multiples opportunités pour des activités communautaires et une vie urbaine dynamique. Room Estate 🏡 - Le leader du coliving en Suisse! Chez nous, tu peux simplement emménager avec ta valise et commencer à vivre - tout est prêt pour toi. Pas de paperasse, pas d'effort, pas de stress. Tout ce dont tu as besoin est déjà organisé et tous les services sont compris dans un seul prix. Coliving signifie ici un habitat simple et moderne et une véritable communauté. Profite de ta vie, nous nous occupons du reste. Bienvenue chez Room Estate - ton nouveau chez-toi en Suisse! Tu es intéressé(e)? Réserve ta place dès maintenant et mets-toi à l'aise chez nous! 🏡"
      }
    },
    {
      "type": "Feature",
      "geometry": {
        "type": "Point",
        "coordinates": [
          6.6245036125183105,
          46.52387619018555
        ]
      },
      "properties": {
        "source": "immobilier.ch",
        "source_section": "lausanne",
        "source_id": "1532544",
        "source_url": "https://www.immobilier.ch/fr/louer/appartement/vaud/lausanne/room-estate-1443/coliving-moderne-entre-lac-ville-lausanne-1532544",
        "area": "lausanne",
        "title": "Coliving Moderne entre le Lac et la Ville à Lausanne",
        "description_title": "Votre garantie de loyer",
        "price_monthly": 1090.0,
        "price_net": null,
        "charges": null,
        "currency": "CHF",
        "address": "Avenue de France",
        "postal_code": "1004",
        "city": "Lausanne",
        "country": "CH",
        "latitude": 46.52387619018555,
        "longitude": 6.6245036125183105,
        "location_precision": "address",
        "distance_from_lausanne_km": 0.76,
        "property_type": "private_room",
        "rooms": 1.0,
        "bedrooms": null,
        "bathrooms": null,
        "size_m2": 14.0,
        "usable_area_m2": null,
        "floor": "2ème étage",
        "furnished": true,
        "contract_type": null,
        "availability_text": null,
        "available_from": null,
        "available_now": null,
        "available_to": null,
        "minimum_months": null,
        "maximum_months": null,
        "pets": null,
        "smoking": null,
        "student_only": null,
        "gender": null,
        "minimum_age": null,
        "maximum_age": null,
        "description": "Coliving Moderne entre le Lac et la Ville à Lausanne Description du bien Bienvenue à Elliot, ton nouveau logement en coliving situé à l’Avenue de France 23, 1004 Lausanne. Avec trois grandes chambres, tu partageras cet appartement moderne avec deux colocataires et profiteras d’un excellent équilibre entre intimité et convivialité. La cuisine entièrement équipée avec lave-vaisselle, four, plaques de cuisson et réfrigérateur est idéale pour cuisiner ensemble, que ce soit pour un dîner après le travail ou un brunch le week-end. L’espace repas offre un cadre chaleureux pour partager un repas ou discuter. La salle de bain avec baignoire et lavabo, les toilettes séparées ainsi que les placards intégrés dans le couloir rendent le quotidien pratique et confortable. Le mobilier moderne apporte une ambiance accueillante dès ton arrivée. Les caractéristiques de l’appartement sont basées sur les informations d’origine de ce logement à cette adresse. Situé dans l’un des quartiers les plus agréables de Lausanne, Elliot permet de profiter pleinement de la ville et du lac. Ouchy et les rives du Léman sont facilement accessibles et constituent l’endroit idéal pour des promenades, des pique-niques, du sport ou des apéros au coucher du soleil avec tes colocataires. Les parcs de Milan et de Montriond offrent également de beaux espaces verts pour courir, se détendre ou passer du temps à l’extérieur. Grâce à la ligne M2 du métro et à plusieurs lignes de bus, le centre-ville, la gare et les autres quartiers de Lausanne sont rapidement accessibles. Les supermarchés Migros et Coop, ainsi que de nombreux commerces, cafés et restaurants, se trouvent à proximité. Les quartiers animés du Flon et de Saint-François offrent encore plus de possibilités pour les sorties, le shopping et la culture. Les étudiant·e·s et jeunes professionnel·le·s apprécieront la proximité de l’UNIL et de l’EPFL. Entre repas partagés, balades au bord du lac et découvertes de Lausanne, Elliot offre un cadre de vie moderne, convivial et parfaitement connecté. Room Estate 🏡 - Le leader du coliving en Suisse! Chez nous, tu peux simplement emménager avec ta valise et commencer à vivre - tout est prêt pour toi. Pas de paperasse, pas d'effort, pas de stress. Tout ce dont tu as besoin est déjà organisé et tous les services sont compris dans un seul prix. Coliving signifie ici un habitat simple et moderne et une véritable communauté. Profite de ta vie, nous nous occupons du reste. Bienvenue chez Room Estate - ton nouveau chez-toi en Suisse! Tu es intéressé(e)? Réserve ta place dès maintenant et mets-toi à l'aise chez nous! 🏡"
      }
    },
    {
      "type": "Feature",
      "geometry": {
        "type": "Point",
        "coordinates": [
          6.6245036125183105,
          46.52387619018555
        ]
      },
      "properties": {
        "source": "immobilier.ch",
        "source_section": "lausanne",
        "source_id": "1542840",
        "source_url": "https://www.immobilier.ch/fr/louer/appartement/vaud/lausanne/room-estate-1443/lakeside-coliving-haven-lavenue-france-lausanne-1542840",
        "area": "lausanne",
        "title": "Lakeside Coliving Haven à l’Avenue de France à Lausanne",
        "description_title": null,
        "price_monthly": 1290.0,
        "price_net": null,
        "charges": null,
        "currency": "CHF",
        "address": "Avenue de France",
        "postal_code": "1004",
        "city": "Lausanne",
        "country": "CH",
        "latitude": 46.52387619018555,
        "longitude": 6.6245036125183105,
        "location_precision": "address",
        "distance_from_lausanne_km": 0.76,
        "property_type": "private_room",
        "rooms": null,
        "bedrooms": null,
        "bathrooms": null,
        "size_m2": 18.0,
        "usable_area_m2": null,
        "floor": "1er étage",
        "furnished": true,
        "contract_type": null,
        "availability_text": "Disponible dès le 01.10.2026",
        "available_from": "2026-10-01",
        "available_now": false,
        "available_to": null,
        "minimum_months": null,
        "maximum_months": null,
        "pets": null,
        "smoking": null,
        "student_only": null,
        "gender": null,
        "minimum_age": null,
        "maximum_age": null,
        "description": null
      }
    },
    {
      "type": "Feature",
      "geometry": {
        "type": "Point",
        "coordinates": [
          6.6245036125183105,
          46.52387619018555
        ]
      },
      "properties": {
        "source": "immobilier.ch",
        "source_section": "lausanne",
        "source_id": "1532625",
        "source_url": "https://www.immobilier.ch/fr/louer/appartement/vaud/lausanne/room-estate-1443/lakeside-coliving-haven-lavenue-france-lausanne-1532625",
        "area": "lausanne",
        "title": "Lakeside Coliving Haven à l’Avenue de France à Lausanne",
        "description_title": "Votre garantie de loyer",
        "price_monthly": 1290.0,
        "price_net": null,
        "charges": null,
        "currency": "CHF",
        "address": "Avenue de France",
        "postal_code": "1004",
        "city": "Lausanne",
        "country": "CH",
        "latitude": 46.52387619018555,
        "longitude": 6.6245036125183105,
        "location_precision": "address",
        "distance_from_lausanne_km": 0.76,
        "property_type": "private_room",
        "rooms": 1.0,
        "bedrooms": null,
        "bathrooms": null,
        "size_m2": 18.0,
        "usable_area_m2": null,
        "floor": "1er étage",
        "furnished": true,
        "contract_type": null,
        "availability_text": "Disponible dès le 01.10.2026",
        "available_from": "2026-10-01",
        "available_now": false,
        "available_to": null,
        "minimum_months": null,
        "maximum_months": null,
        "pets": null,
        "smoking": null,
        "student_only": null,
        "gender": null,
        "minimum_age": null,
        "maximum_age": null,
        "description": "Lakeside Coliving Haven à l’Avenue de France à Lausanne Description du bien Bienvenue chez Christina, ton nouvel espace de coliving situé au Avenue de France, 1004 Lausanne, où la vie moderne rencontre commodité et communauté. Cet appartement élégant offre trois chambres spacieuses, ce qui en fait une maison idéale pour les jeunes professionnels cherchant à partager un espace de vie confortable et bien meublé avec deux colocataires. La cuisine est entièrement équipée avec un lave-vaisselle, un four, une cuisinière et un réfrigérateur, te garantissant tout le nécessaire pour préparer des repas ensemble. La salle à manger partagée, conçue pour accueillir confortablement trois personnes, est l'endroit parfait pour profiter du dîner et des conversations après une longue journée. L’appartement comprend également une salle de bain avec baignoire et lavabo, ainsi qu’un WC séparé, assurant à tous les résidents à la fois intimité et commodité. Le mobilier moderne et épuré de l’appartement renforce le sentiment de style et de confort, créant un environnement accueillant où tu peux te détendre, travailler et socialiser avec facilité. Situé dans un quartier privilégié de Lausanne, l’appartement Christina se trouve à une courte distance du magnifique quartier d’Ouchy et du lac Léman. La promenade pittoresque d’Ouchy offre des vues imprenables sur les Alpes et de nombreuses opportunités pour des activités en plein air, des promenades tranquilles aux tours en bateau. À proximité, le Parc de Milan et Montriond offrent des espaces verts luxuriants parfaits pour le jogging, les pique-niques ou simplement se détendre dans la nature. Le Jardin Botanique de Lausanne, niché dans le Parc de Milan, ajoute une touche supplémentaire de sérénité et de beauté à la région. Les transports publics sont facilement accessibles, avec la ligne de métro M2 et plusieurs lignes de bus à proximité, garantissant que le reste de Lausanne est facilement joignable. Que tu te rendes à l’EPFL ou à l’Université de Lausanne pour le travail ou les études, ou que tu explores les quartiers commerçants animés de Flon et Saint-François, te déplacer est simple et efficace. La gare de Lausanne est également proche, offrant des connexions vers d’autres parties de la Suisse et au-delà. Dans les environs immédiats, tu trouveras des supermarchés comme Migros et Coop, ainsi qu’une variété de magasins locaux pour répondre à tes besoins quotidiens. La culture des cafés de la région est vibrante, avec de nombreux restaurants et cafés offrant tout, de la cuisine suisse traditionnelle aux saveurs internationales, garantissant que tes aventures culinaires ne sont jamais loin. Pour les amateurs de fitness, plusieurs salles de sport se trouvent à proximité et, avec le lac Léman à quelques minutes, les sports nautiques et autres activités de plein air sont toujours une option. Chez Christina, tu découvriras un parfait mélange de tranquillité, de communauté et de vie citadine, le tout dans l'un des endroits les plus recherchés de Lausanne. Room Estate 🏡 - Le leader du coliving en Suisse! Chez nous, tu peux simplement emménager avec ta valise et commencer à vivre - tout est prêt pour toi. Pas de paperasse, pas d'effort, pas de stress. Tout ce dont tu as besoin est déjà organisé et tous les services sont compris dans un seul prix. Coliving signifie ici un habitat simple et moderne et une véritable communauté. Profite de ta vie, nous nous occupons du reste. Bienvenue chez Room Estate - ton nouveau chez-toi en Suisse! Tu es intéressé(e)? Réserve ta place dès maintenant et mets-toi à l'aise chez nous! 🏡"
      }
    },
    {
      "type": "Feature",
      "geometry": {
        "type": "Point",
        "coordinates": [
          6.6245036125183105,
          46.52387619018555
        ]
      },
      "properties": {
        "source": "immobilier.ch",
        "source_section": "lausanne",
        "source_id": "1551347",
        "source_url": "https://www.immobilier.ch/fr/louer/appartement/vaud/lausanne/helvetia-assurances-gerance-immobiliere-lausanne-1222/cherchez-vous-logement-cente-ville-proche-chauderon-1551347",
        "area": "lausanne",
        "title": "Cherchez-vous un logement au Cente-ville proche de Chauderon ?",
        "description_title": "Votre garantie de loyer",
        "price_monthly": 1730.0,
        "price_net": null,
        "charges": null,
        "currency": "CHF",
        "address": "Avenue de France 38",
        "postal_code": "1004",
        "city": "Lausanne",
        "country": "CH",
        "latitude": 46.52387619018555,
        "longitude": 6.6245036125183105,
        "location_precision": "address",
        "distance_from_lausanne_km": 0.76,
        "property_type": "apartment",
        "rooms": 2.0,
        "bedrooms": null,
        "bathrooms": null,
        "size_m2": 60.0,
        "usable_area_m2": null,
        "floor": "2ème étage",
        "furnished": null,
        "contract_type": null,
        "availability_text": "DISPONIBLE DES LE 16 OCTOBRE 2026",
        "available_from": "2026-10-16",
        "available_now": false,
        "available_to": null,
        "minimum_months": null,
        "maximum_months": null,
        "pets": null,
        "smoking": null,
        "student_only": null,
        "gender": null,
        "minimum_age": null,
        "maximum_age": null,
        "description": "Cherchez-vous un logement au Cente-ville proche de Chauderon ? Description du bien Situation Vous habitez ici dans un quartier en plein centre-ville offrant l'accès à tous les différents services et commerces, à pied. L'immeuble vient d'être rénové. Tour de votre appartement Le plan a été conçu de telle façon que vous pouvez aménager à votre convenance les 60 m2 de surface. Ce logement présente en outre les avantages suivants : - hall-corridor avec armoires - séjour avec parquet - cuisine agencée - salle de bain-WC - balcon - cave Détails Ce logement ne possède pas de place de parc. DISPONIBLE DES LE 16 OCTOBRE 2026 Appeler. Visiter. Louer. Souhaitez-vous habiter dans un quartier centré? Nous nous ferons un plaisir de vous aider. EN CAS D'INTERET MERCI DE COMPLETER LE FORMULAIRE DE CONTACT DANS L'ANNONCE Les photos publiées représentent des logements de même type ou de type analogue. Des différences par rapport à l'offre effective sont par conséquent possibles. Vous trouverez d'autres objets intéressants à louer sous: www.helvetia.ch/immobilier"
      }
    },
    {
      "type": "Feature",
      "geometry": {
        "type": "Point",
        "coordinates": [
          6.6245036125183105,
          46.52387619018555
        ]
      },
      "properties": {
        "source": "immobilier.ch",
        "source_section": "lausanne",
        "source_id": "1552253",
        "source_url": "https://www.immobilier.ch/fr/louer/appartement/vaud/lausanne/room-estate-1443/coliving-moderne-entre-lac-ville-lausanne-1552253",
        "area": "lausanne",
        "title": "Coliving Moderne entre le Lac et la Ville à Lausanne",
        "description_title": "Votre garantie de loyer",
        "price_monthly": 1290.0,
        "price_net": null,
        "charges": null,
        "currency": "CHF",
        "address": "Avenue de France",
        "postal_code": "1004",
        "city": "Lausanne",
        "country": "CH",
        "latitude": 46.52387619018555,
        "longitude": 6.6245036125183105,
        "location_precision": "address",
        "distance_from_lausanne_km": 0.76,
        "property_type": "private_room",
        "rooms": 1.0,
        "bedrooms": null,
        "bathrooms": null,
        "size_m2": 19.0,
        "usable_area_m2": null,
        "floor": "2ème étage",
        "furnished": true,
        "contract_type": null,
        "availability_text": null,
        "available_from": null,
        "available_now": null,
        "available_to": null,
        "minimum_months": null,
        "maximum_months": null,
        "pets": null,
        "smoking": null,
        "student_only": null,
        "gender": null,
        "minimum_age": null,
        "maximum_age": null,
        "description": "Traduction automatique Google à partir de la version originale (EN) Coliving Moderne entre le Lac et la Ville à Lausanne Description du bien Bienvenue à Elliot, ton nouveau logement en coliving situé à l’Avenue de France 23, 1004 Lausanne. Avec trois grandes chambres, tu partageras cet appartement moderne avec deux colocataires et profiteras d’un excellent équilibre entre intimité et convivialité. La cuisine entièrement équipée avec lave-vaisselle, four, plaques de cuisson et réfrigérateur est idéale pour cuisiner ensemble, que ce soit pour un dîner après le travail ou un brunch le week-end. L’espace repas offre un cadre chaleureux pour partager un repas ou discuter. La salle de bain avec baignoire et lavabo, les toilettes séparées ainsi que les placards intégrés dans le couloir rendent le quotidien pratique et confortable. Le mobilier moderne apporte une ambiance accueillante dès ton arrivée. Les caractéristiques de l’appartement sont basées sur les informations d’origine de ce logement à cette adresse. Situé dans l’un des quartiers les plus agréables de Lausanne, Elliot permet de profiter pleinement de la ville et du lac. Ouchy et les rives du Léman sont facilement accessibles et constituent l’endroit idéal pour des promenades, des pique-niques, du sport ou des apéros au coucher du soleil avec tes colocataires. Les parcs de Milan et de Montriond offrent également de beaux espaces verts pour courir, se détendre ou passer du temps à l’extérieur. Grâce à la ligne M2 du métro et à plusieurs lignes de bus, le centre-ville, la gare et les autres quartiers de Lausanne sont rapidement accessibles. Les supermarchés Migros et Coop, ainsi que de nombreux commerces, cafés et restaurants, se trouvent à proximité. Les quartiers animés du Flon et de Saint-François offrent encore plus de possibilités pour les sorties, le shopping et la culture. Les étudiant·e·s et jeunes professionnel·le·s apprécieront la proximité de l’UNIL et de l’EPFL. Entre repas partagés, balades au bord du lac et découvertes de Lausanne, Elliot offre un cadre de vie moderne, convivial et parfaitement connecté. Room Estate 🏡 - Le leader du coliving en Suisse! Chez nous, tu peux simplement emménager avec ta valise et commencer à vivre - tout est prêt pour toi. Pas de paperasse, pas d'effort, pas de stress. Tout ce dont tu as besoin est déjà organisé et tous les services sont compris dans un seul prix. Coliving signifie ici un habitat simple et moderne et une véritable communauté. Profite de ta vie, nous nous occupons du reste. Bienvenue chez Room Estate - ton nouveau chez-toi en Suisse! Tu es intéressé(e)? Réserve ta place dès maintenant et mets-toi à l'aise chez nous! 🏡"
      }
    },
    {
      "type": "Feature",
      "geometry": {
        "type": "Point",
        "coordinates": [
          6.6245036125183105,
          46.52387619018555
        ]
      },
      "properties": {
        "source": "immobilier.ch",
        "source_section": "lausanne",
        "source_id": "1542820",
        "source_url": "https://www.immobilier.ch/fr/louer/appartement/vaud/lausanne/room-estate-1443/vivez-coliving-confortable-cur-lausanne-1542820",
        "area": "lausanne",
        "title": "Vivez le coliving confortable au cœur de Lausanne",
        "description_title": "Votre garantie de loyer",
        "price_monthly": 1190.0,
        "price_net": null,
        "charges": null,
        "currency": "CHF",
        "address": "Avenue de France",
        "postal_code": "1004",
        "city": "Lausanne",
        "country": "CH",
        "latitude": 46.52387619018555,
        "longitude": 6.6245036125183105,
        "location_precision": "address",
        "distance_from_lausanne_km": 0.76,
        "property_type": "private_room",
        "rooms": 1.0,
        "bedrooms": null,
        "bathrooms": null,
        "size_m2": 13.0,
        "usable_area_m2": null,
        "floor": "2ème étage",
        "furnished": true,
        "contract_type": null,
        "availability_text": null,
        "available_from": null,
        "available_now": null,
        "available_to": null,
        "minimum_months": null,
        "maximum_months": null,
        "pets": null,
        "smoking": null,
        "student_only": null,
        "gender": null,
        "minimum_age": null,
        "maximum_age": null,
        "description": "Vivez le coliving confortable au cœur de Lausanne Description du bien Courtney est un appartement accueillant situé à l'Avenue de France 20, 1004 Lausanne, conçu pour les jeunes professionnels à la recherche d'un cadre de vie confortable et social. Composé de trois grandes chambres, il offre à chaque résident un espace privé tout en mettant à disposition des espaces partagés, comme une cuisine moderne équipée d’un lave-vaisselle, d’un four et d’une cuisinière, une salle de bain bien entretenue avec douche, lavabo et toilettes, ainsi qu’une salle à manger conviviale pour deux personnes. Un espace de rangement commun et des meubles modernes et élégants complètent les installations. Situé dans le quartier dynamique de Sébeillon, l'appartement offre un accès facile aux commodités urbaines et aux espaces extérieurs paisibles. La gare de Lausanne est accessible en 15 minutes à pied ou en bus, permettant des connexions locales, régionales et internationales. La station de métro Montelly (M1) relie le quartier à Flon, l’UNIL et l’EPFL, un atout idéal pour les étudiants et les professionnels. Les supermarchés Migros et Coop, à proximité, facilitent le quotidien. Pour les loisirs et les activités communes, le parc de Montbenon, avec ses vues imprenables sur le lac Léman et les Alpes, constitue un lieu parfait pour des pique-niques et des rencontres détendues. Un court trajet en métro jusqu’à Ouchy permet de profiter de promenades au bord du lac, de restaurants et d’excursions en bateau. Le parc de Milan, réputé pour son atmosphère conviviale et ses espaces verts, renforce l'attrait de la région. L'Avenue de France offre une combinaison idéale entre la vie urbaine dynamique et les opportunités de détente en plein air, favorisant ainsi un esprit de communauté et de découverte. Room Estate 🏡 - Le leader du coliving en Suisse! Chez nous, tu peux simplement emménager avec ta valise et commencer à vivre - tout est prêt pour toi. Pas de paperasse, pas d'effort, pas de stress. Tout ce dont tu as besoin est déjà organisé et tous les services sont compris dans un seul prix. Coliving signifie ici un habitat simple et moderne et une véritable communauté. Profite de ta vie, nous nous occupons du reste. Bienvenue chez Room Estate - ton nouveau chez-toi en Suisse! Tu es intéressé(e)? Réserve ta place dès maintenant et mets-toi à l'aise chez nous! 🏡"
      }
    },
    {
      "type": "Feature",
      "geometry": {
        "type": "Point",
        "coordinates": [
          6.622183799743652,
          46.51984405517578
        ]
      },
      "properties": {
        "source": "flatfox",
        "source_section": "lausanne_shared",
        "source_id": "86292154",
        "source_url": "https://flatfox.ch/fr/flat/marc-dufour-1007-lausanne/86292154",
        "area": "lausanne",
        "title": "Chambre en colocation à louer à Lausanne",
        "description_title": "Near epfl",
        "price_monthly": 1050.0,
        "price_net": null,
        "charges": null,
        "currency": "CHF",
        "address": "Marc Dufour",
        "postal_code": "1007",
        "city": "Lausanne",
        "country": "CH",
        "latitude": 46.51984405517578,
        "longitude": 6.622183799743652,
        "location_precision": "address",
        "distance_from_lausanne_km": 0.77,
        "property_type": "private_room",
        "rooms": 1.0,
        "bedrooms": null,
        "bathrooms": null,
        "size_m2": null,
        "usable_area_m2": null,
        "floor": "rez-de-chaussée",
        "furnished": true,
        "contract_type": null,
        "availability_text": "1. septembre 2026",
        "available_from": "2026-09-01",
        "available_now": false,
        "available_to": null,
        "minimum_months": null,
        "maximum_months": null,
        "pets": null,
        "smoking": null,
        "student_only": null,
        "gender": null,
        "minimum_age": null,
        "maximum_age": null,
        "description": "Carefully and nice furnished room in a co location for students only. All included . For the 1 September 2026 !! Contacter l'annonceur Nom E-mail Téléphone Créer un abonnement de recherche pour les annonces similaires Veuillez patienter... Obtenez votre attestation gratuite Renforcez votre dossier de location avec l'attestation provisoire de SwissCaution. Commander maintenant Inscrivez-vous pour annonces à Lausanne Être averti instantanément lorsque des annonces similaires à Lausanne arrivent. Créer une alerte e-mail Annonces similaires autour de Lausanne Location 1’000 CHF Meublé Chambre en colocation 1018 Lausanne Location 880 CHF Chambre en colocation Rue de Genève 77 1004 Lausanne Location 1’090 CHF Meublé Chambre en colocation 1004 Lausanne Afficher plus..."
      }
    },
    {
      "type": "Feature",
      "geometry": {
        "type": "Point",
        "coordinates": [
          6.626677989959717,
          46.52569580078125
        ]
      },
      "properties": {
        "source": "immobilier.ch",
        "source_section": "lausanne",
        "source_id": "858302",
        "source_url": "https://www.immobilier.ch/fr/louer/appartement/vaud/lausanne/zivag-gerances-293/appartement-35-pieces-terrasse-privative-1er-loyer-offert-858302",
        "area": "lausanne",
        "title": "Appartement de 3,5 pièces avec terrasse privative - 1ER LOYER OFFERT",
        "description_title": "Votre garantie de loyer",
        "price_monthly": 2200.0,
        "price_net": null,
        "charges": null,
        "currency": "CHF",
        "address": "Rue St-Roch 40",
        "postal_code": "1004",
        "city": "Lausanne",
        "country": "CH",
        "latitude": 46.52569580078125,
        "longitude": 6.626677989959717,
        "location_precision": "address",
        "distance_from_lausanne_km": 0.79,
        "property_type": "apartment",
        "rooms": 3.5,
        "bedrooms": 2.0,
        "bathrooms": null,
        "size_m2": 96.0,
        "usable_area_m2": null,
        "floor": "Rez-de-chaussée",
        "furnished": null,
        "contract_type": null,
        "availability_text": "Disponible de suite",
        "available_from": null,
        "available_now": true,
        "available_to": null,
        "minimum_months": null,
        "maximum_months": null,
        "pets": null,
        "smoking": null,
        "student_only": null,
        "gender": null,
        "minimum_age": null,
        "maximum_age": null,
        "description": "Appartement de 3,5 pièces avec terrasse privative - 1ER LOYER OFFERT Description du bien Situé au coeur de Lausanne, à proximité immédiate des transports publics, des commerces et de toutes les commodités, ce bel appartement de 3,5 pièces au rez-supérieur se compose comme suit : - Hall d'entrée, - Spacieux séjour, - Cuisine agencée, - 2 chambres à coucher, - Salle de bains avec baignoire. Une cave complète ce bien. L'immeuble dispose d'une buanderie commune. Un logement idéal pour profiter pleinement de la vie urbaine dans un environnement pratique et agréable. Disponibilité : à convenir POUR LES VISITES, MERCI DE CONTACTER LE En cas d'intérêt, merci de nous envoyer les documents suivants : - Demande de location dûment complétée (distribuée uniquement lors de la visite) - 3 dernières fiches salaire - Extrait de l'office des poursuites (datée de moins de 2 mois) - Copie pièce d'identité et/ou titre de séjour valable"
      }
    },
    {
      "type": "Feature",
      "geometry": {
        "type": "Point",
        "coordinates": [
          6.627013206481934,
          46.52593994140625
        ]
      },
      "properties": {
        "source": "immobilier.ch",
        "source_section": "lausanne",
        "source_id": "1557551",
        "source_url": "https://www.immobilier.ch/fr/louer/appartement/vaud/lausanne/rham-location-residentielle-787/studio-balcon-deux-pas-centre-ville-1557551",
        "area": "lausanne",
        "title": "Studio avec balcon à deux pas du centre ville",
        "description_title": "Votre garantie de loyer",
        "price_monthly": 960.0,
        "price_net": null,
        "charges": null,
        "currency": "CHF",
        "address": "Avenue de Beaulieu 20",
        "postal_code": "1004",
        "city": "Lausanne",
        "country": "CH",
        "latitude": 46.52593994140625,
        "longitude": 6.627013206481934,
        "location_precision": "address",
        "distance_from_lausanne_km": 0.8,
        "property_type": "studio",
        "rooms": 1.0,
        "bedrooms": null,
        "bathrooms": null,
        "size_m2": 28.0,
        "usable_area_m2": null,
        "floor": "4ème étage",
        "furnished": null,
        "contract_type": null,
        "availability_text": "Disponible dès le 16.09.2026",
        "available_from": "2026-09-16",
        "available_now": false,
        "available_to": null,
        "minimum_months": null,
        "maximum_months": null,
        "pets": null,
        "smoking": null,
        "student_only": null,
        "gender": null,
        "minimum_age": null,
        "maximum_age": null,
        "description": "Studio avec balcon à deux pas du centre ville Description du bien Une zone mixte des plus dynamiques s'étale sous le Palais de Beaulieu. Entre hôtels, commerces, restaurants et habitations, la place s'avère particulièrement bien desservie par les transports publics. Un des plus grands parkings de Lausanne, la Riponne, se trouve à proximité quasi immédiate. Un endroit stratégique pour doper vos affaires. Ce logement au 4ème étage est disposé comme suit : - Pièce à vivre - Cuisine agencée - Salle de bains / WC La réfection complète des peintures du logement sera effectuée. Ce quartier n'attend plus que vous ! Pour toute information complémentaire sur ce bien ou pour organiser une visite, nous vous invitons à remplir le formulaire de contact."
      }
    },
    {
      "type": "Feature",
      "geometry": {
        "type": "Point",
        "coordinates": [
          6.623371601104736,
          46.52356719970703
        ]
      },
      "properties": {
        "source": "immobilier.ch",
        "source_section": "lausanne",
        "source_id": "1558476",
        "source_url": "https://www.immobilier.ch/fr/louer/appartement/vaud/lausanne/zimmermann-immobilier-772/appartement369-1558476",
        "area": "lausanne",
        "title": "Appartement,3,69",
        "description_title": "Votre garantie de loyer",
        "price_monthly": 1920.0,
        "price_net": null,
        "charges": null,
        "currency": "CHF",
        "address": "Chemin de Boston",
        "postal_code": "1004",
        "city": "Lausanne",
        "country": "CH",
        "latitude": 46.52356719970703,
        "longitude": 6.623371601104736,
        "location_precision": "address",
        "distance_from_lausanne_km": 0.81,
        "property_type": "apartment",
        "rooms": 3.0,
        "bedrooms": null,
        "bathrooms": null,
        "size_m2": 69.0,
        "usable_area_m2": null,
        "floor": "2ème étage",
        "furnished": null,
        "contract_type": null,
        "availability_text": "Disponible dès le 01.10.2026",
        "available_from": "2026-10-01",
        "available_now": false,
        "available_to": null,
        "minimum_months": null,
        "maximum_months": null,
        "pets": null,
        "smoking": null,
        "student_only": null,
        "gender": null,
        "minimum_age": null,
        "maximum_age": null,
        "description": "Appartement,3,69 Description du bien Joli appartement de 3 pièces à Lausanne disponible au 1er octobre 2026 ! À proximité du centre-ville et de toutes les commodités, ce bel appartement de 3 pièces offre un cadre de vie agréable. Il se compose comme suit : - Un grand hall d'entrée - Une grande cuisine équipée et agencée - Un grand séjour - Une salle de bains - Deux chambres à coucher avec balcons Dates de visites : - Vendredi 28 août 2026, de 9h à 12h - Jeudi 3 septembre 2026, de 13h à 17h - Samedi 12 septembre, de 13h à 17h Merci de vous présenter directement sur place à l'adresse sis Chemin de Boston 19, 1004 Lausanne. Intéressé(e) par cet appartement ? Pour déposer votre candidature, veuillez utiliser le lien suivant : https://rentalapplication.zimmermannimmobilier.ch/?ref=5914-201 Les charges mentionnées, ci-dessus, sont composées comme suit : CHF 110.- de charges CHF 110.- de frais accessoires"
      }
    },
    {
      "type": "Feature",
      "geometry": {
        "type": "Point",
        "coordinates": [
          6.624398231506348,
          46.5247802734375
        ]
      },
      "properties": {
        "source": "immobilier.ch",
        "source_section": "lausanne",
        "source_id": "1492502",
        "source_url": "https://www.immobilier.ch/fr/louer/appartement/vaud/lausanne/apleona-schweiz-ag-670/recemment-renove-centre-ville-1492502",
        "area": "lausanne",
        "title": "Récemment rénové au centre ville",
        "description_title": "Votre garantie de loyer",
        "price_monthly": 1600.0,
        "price_net": null,
        "charges": null,
        "currency": "CHF",
        "address": "Rue des Echelettes 11",
        "postal_code": "1004",
        "city": "Lausanne",
        "country": "CH",
        "latitude": 46.5247802734375,
        "longitude": 6.624398231506348,
        "location_precision": "address",
        "distance_from_lausanne_km": 0.83,
        "property_type": "apartment",
        "rooms": 2.0,
        "bedrooms": null,
        "bathrooms": null,
        "size_m2": 51.0,
        "usable_area_m2": null,
        "floor": "1er étage",
        "furnished": null,
        "contract_type": null,
        "availability_text": "Disponible de suite ou à convenir.",
        "available_from": null,
        "available_now": true,
        "available_to": null,
        "minimum_months": null,
        "maximum_months": null,
        "pets": null,
        "smoking": null,
        "student_only": null,
        "gender": null,
        "minimum_age": null,
        "maximum_age": null,
        "description": "Récemment rénové au centre ville Description du bien Bel appartement dans un immeuble rénové avec ascenseur, comprenant: - cuisine agencée, - séjour, - grand hall avec armoire murale, - chambre avec parquet et armoire murale, - salle-de-bain/WC, - une cave à bien plaire. Disponible de suite ou à convenir. Documents nécessaires pour déposer une inscription auprès de notre agence : - attestation de l Office des Poursuites récente (max. 3 mois) - dernières fiches de salaire - copie de pièce d identité ou du permis de séjour (B ou C) Photos non contractuelles"
      }
    },
    {
      "type": "Feature",
      "geometry": {
        "type": "Point",
        "coordinates": [
          6.624398231506348,
          46.5247802734375
        ]
      },
      "properties": {
        "source": "immobilier.ch",
        "source_section": "lausanne",
        "source_id": "1483168",
        "source_url": "https://www.immobilier.ch/fr/louer/appartement/vaud/lausanne/apleona-schweiz-ag-670/appartement-moderne-centre-ville-1483168",
        "area": "lausanne",
        "title": "Appartement moderne au centre-ville",
        "description_title": "Votre garantie de loyer",
        "price_monthly": 1645.0,
        "price_net": null,
        "charges": null,
        "currency": "CHF",
        "address": "Rue des Echelettes 11",
        "postal_code": "1004",
        "city": "Lausanne",
        "country": "CH",
        "latitude": 46.5247802734375,
        "longitude": 6.624398231506348,
        "location_precision": "address",
        "distance_from_lausanne_km": 0.83,
        "property_type": "apartment",
        "rooms": 2.0,
        "bedrooms": null,
        "bathrooms": null,
        "size_m2": 55.0,
        "usable_area_m2": null,
        "floor": "Rez-de-chaussée",
        "furnished": null,
        "contract_type": null,
        "availability_text": "Disponible à la location de suite ou à convenir.",
        "available_from": null,
        "available_now": true,
        "available_to": null,
        "minimum_months": null,
        "maximum_months": null,
        "pets": null,
        "smoking": null,
        "student_only": null,
        "gender": null,
        "minimum_age": null,
        "maximum_age": null,
        "description": "Appartement moderne au centre-ville Description du bien Bel appartement récemment rénové et proche de toutes les commodités, comprenant: - grand hall avec armoire murale, - cuisine agencée et habitable, - chambre avec parquet, armoire murale et moulures au plafond, - salon avec parquet, armoire murale et moulures au plafond, - une salle de bains, - une cave à bien plaire. Disponible à la location de suite ou à convenir. Votre dossier d'inscription doit comporter les pièces suivantes, pour tous les titulaires du bail, y compris l'éventuel garant : - attestation de l'Office des Poursuites récente (max. 3 mois) - 3 dernières fiches de salaire - copie de la pièce d'identité ou du permis de séjour (B ou C) *Photos non contractuelles*"
      }
    },
    {
      "type": "Feature",
      "geometry": {
        "type": "Point",
        "coordinates": [
          6.6269683837890625,
          46.526344299316406
        ]
      },
      "properties": {
        "source": "immobilier.ch",
        "source_section": "lausanne",
        "source_id": "1551150",
        "source_url": "https://www.immobilier.ch/fr/louer/appartement/vaud/lausanne/livit-ag-real-estate-management-675/votre-logement-centre-ville-lausanne-1551150",
        "area": "lausanne",
        "title": "Votre logement au centre-ville de Lausanne !",
        "description_title": "Votre garantie de loyer",
        "price_monthly": 2010.0,
        "price_net": null,
        "charges": null,
        "currency": "CHF",
        "address": "Avenue de Beaulieu 22",
        "postal_code": "1004",
        "city": "Lausanne",
        "country": "CH",
        "latitude": 46.526344299316406,
        "longitude": 6.6269683837890625,
        "location_precision": "address",
        "distance_from_lausanne_km": 0.84,
        "property_type": "apartment",
        "rooms": 4.0,
        "bedrooms": 3.0,
        "bathrooms": null,
        "size_m2": 76.0,
        "usable_area_m2": null,
        "floor": "2ème étage",
        "furnished": null,
        "contract_type": null,
        "availability_text": "Disponible dès le 16.09.2026",
        "available_from": "2026-09-16",
        "available_now": false,
        "available_to": null,
        "minimum_months": null,
        "maximum_months": null,
        "pets": true,
        "smoking": null,
        "student_only": null,
        "gender": null,
        "minimum_age": null,
        "maximum_age": null,
        "description": "Votre logement au centre-ville de Lausanne ! Description du bien Cet appartement est situé à cinq minutes à pied du centre-ville et proche de toutes commodités. Il se compose ainsi : - Grand hall meublable avec armoires murales - Salon / Séjour avec parquet au sol et accès balcon - Cuisine agencée et équipée - 3 chambres à coucher avec parquet au sol - Salle-de-bains avec WC - Balcon - Cave - Buanderie commune - Immeuble avec ascenseur Possibilité de louer un garage / boxe à CHF 250.-/mois Un arrêt de bus se trouve à moins de 100m de l'immeuble avec les lignes 1, 3, 4, 6, 8 et 21 qui desservent notamment la Blécherette, la gare et le centre-ville. Avons-nous attiré votre intérêt ? Contactez-nous directement dans l'annonce via \"Contacter l’annonceur\". Vous recevrez ensuite un mail automatisé contenant les informations relatives à la visite ainsi qu’un lien pour postuler directement en ligne après la visite et/ou nous poser vos questions."
      }
    },
    {
      "type": "Feature",
      "geometry": {
        "type": "Point",
        "coordinates": [
          6.627072811126709,
          46.52656936645508
        ]
      },
      "properties": {
        "source": "immobilier.ch",
        "source_section": "lausanne",
        "source_id": "1480198",
        "source_url": "https://www.immobilier.ch/fr/louer/appartement/vaud/lausanne/apleona-schweiz-ag-670/quartier-beaulieu-joli-appartement-2-pieces-1480198",
        "area": "lausanne",
        "title": "Quartier Beaulieu, joli appartement de 2 pièces",
        "description_title": "Votre garantie de loyer",
        "price_monthly": 1735.0,
        "price_net": null,
        "charges": null,
        "currency": "CHF",
        "address": "Av. de Beaulieu 26",
        "postal_code": "1004",
        "city": "Lausanne",
        "country": "CH",
        "latitude": 46.52656936645508,
        "longitude": 6.627072811126709,
        "location_precision": "address",
        "distance_from_lausanne_km": 0.86,
        "property_type": "apartment",
        "rooms": 2.0,
        "bedrooms": null,
        "bathrooms": null,
        "size_m2": 46.0,
        "usable_area_m2": null,
        "floor": "4ème étage",
        "furnished": null,
        "contract_type": null,
        "availability_text": "Disponible de suite",
        "available_from": null,
        "available_now": true,
        "available_to": null,
        "minimum_months": null,
        "maximum_months": null,
        "pets": null,
        "smoking": null,
        "student_only": null,
        "gender": null,
        "minimum_age": null,
        "maximum_age": null,
        "description": "Quartier Beaulieu, joli appartement de 2 pièces Description du bien Charmant 2 pièces d'une surface de 46 m2, proche de toutes les commodités et des transports publics. Aménagé au 4ème et dernier étage d'un immeuble rénové en 2012 avec ascenseur, il comprend : - une cuisine entièrement agencée - un hall avec une armoire murale - une salle de bains/WC - un salon - une chambre - un balcon - une cave Immeuble avec ascenseur Relocation : à convenir BAIL FIXE DE DURÉE DÉTERMINÉE DE 5 ANS, AVEC POSSIBILITÉS DE RESILIATION UNILATÉRALE PAR LE LOCATAIRE."
      }
    },
    {
      "type": "Feature",
      "geometry": {
        "type": "Point",
        "coordinates": [
          6.623439311981201,
          46.524810791015625
        ]
      },
      "properties": {
        "source": "immobilier.ch",
        "source_section": "lausanne",
        "source_id": "1391325",
        "source_url": "https://www.immobilier.ch/fr/louer/appartement/vaud/lausanne/wincasa-siege-602/appartement-centre-ville-1-mois-loyer-offert-garantie-loyer-offerte-1391325",
        "area": "lausanne",
        "title": "Appartement au centre ville - 1 mois de loyer offert Garantie loyer offerte !",
        "description_title": "Votre garantie de loyer",
        "price_monthly": 2060.0,
        "price_net": null,
        "charges": null,
        "currency": "CHF",
        "address": "av. de France 18a",
        "postal_code": "1004",
        "city": "Lausanne",
        "country": "CH",
        "latitude": 46.524810791015625,
        "longitude": 6.623439311981201,
        "location_precision": "address",
        "distance_from_lausanne_km": 0.88,
        "property_type": "apartment",
        "rooms": 3.0,
        "bedrooms": 2.0,
        "bathrooms": null,
        "size_m2": 74.0,
        "usable_area_m2": null,
        "floor": "4ème étage",
        "furnished": null,
        "contract_type": null,
        "availability_text": "Disponible de suite",
        "available_from": null,
        "available_now": true,
        "available_to": null,
        "minimum_months": null,
        "maximum_months": null,
        "pets": true,
        "smoking": null,
        "student_only": null,
        "gender": null,
        "minimum_age": null,
        "maximum_age": null,
        "description": "Appartement au centre ville - 1 mois de loyer offert Garantie loyer offerte ! Description du bien Bel appartement de trois pièces au 4ème étage à louer proche du centre-ville composé comme suit : - Hall d'entrée - Séjour - Cuisine agencée - 2 chambres à coucher - Salle de bains/WC - WC séparés - Cave Immeuble avec ascenseur, sans place de parc."
      }
    },
    {
      "type": "Feature",
      "geometry": {
        "type": "Point",
        "coordinates": [
          6.626364707946777,
          46.52659225463867
        ]
      },
      "properties": {
        "source": "immobilier.ch",
        "source_section": "lausanne",
        "source_id": "1557277",
        "source_url": "https://www.immobilier.ch/fr/louer/appartement/vaud/lausanne/retraites-populaires-1429/appartement-1557277",
        "area": "lausanne",
        "title": "Appartement",
        "description_title": "Votre garantie de loyer",
        "price_monthly": 1380.0,
        "price_net": null,
        "charges": null,
        "currency": "CHF",
        "address": "Avenue de Beaulieu 41",
        "postal_code": "1004",
        "city": "Lausanne",
        "country": "CH",
        "latitude": 46.52659225463867,
        "longitude": 6.626364707946777,
        "location_precision": "address",
        "distance_from_lausanne_km": 0.89,
        "property_type": "apartment",
        "rooms": 2.0,
        "bedrooms": null,
        "bathrooms": null,
        "size_m2": 55.0,
        "usable_area_m2": null,
        "floor": "4ème étage",
        "furnished": null,
        "contract_type": null,
        "availability_text": "Disponible dès le 01.10.2026",
        "available_from": "2026-10-01",
        "available_now": false,
        "available_to": null,
        "minimum_months": null,
        "maximum_months": null,
        "pets": null,
        "smoking": null,
        "student_only": null,
        "gender": null,
        "minimum_age": null,
        "maximum_age": null,
        "description": "Appartement Description du bien Bel immeuble du début des années 1900, situé au centre de Lausanne, à proximité du Palais de Beaulieu et de toutes commodités. Charmant 2 pièces dans le quartier de Beaulieu Situé dans un bel immeuble entretenu avec soin, cet agréable appartement de 2 pièces bénéficie d'un emplacement privilégié dans le quartier recherché de Beaulieu. Le logement offre des espaces lumineux et fonctionnels, idéal pour une personne seule ou un couple. Proche des commerces, des transports publics et de toutes les commodités, il permet de profiter d'un cadre de vie pratique et agréable. Atouts du logement : Bel immeuble de caractère Quartier calme et prisé Proximité immédiate des commodités et des transports Pour organiser une visite, n'hésitez pas à contacter Environnement : Transports publics, Arrêt(s) de bus, Centre-ville, Commerce(s), Restaurant(s) Agencements intérieurs : Mansardé, Cave Cuisine ouverte avec fenêtre : Réfrigérateur, Hotte de ventilation, Lave-vaisselle, Vitrocéramique Salle d'eau 1 : Baignoire, Lavabo, WC"
      }
    },
    {
      "type": "Feature",
      "geometry": {
        "type": "Point",
        "coordinates": [
          6.623204231262207,
          46.52530288696289
        ]
      },
      "properties": {
        "source": "immobilier.ch",
        "source_section": "lausanne",
        "source_id": "1560598",
        "source_url": "https://www.immobilier.ch/fr/louer/appartement/vaud/lausanne/wincasa-siege-602/deux-pas-centre-ville-1560598",
        "area": "lausanne",
        "title": "A deux pas du centre-ville",
        "description_title": "Votre garantie de loyer",
        "price_monthly": 1340.0,
        "price_net": null,
        "charges": null,
        "currency": "CHF",
        "address": "Rue du Maupas 67",
        "postal_code": "1004",
        "city": "Lausanne",
        "country": "CH",
        "latitude": 46.52530288696289,
        "longitude": 6.623204231262207,
        "location_precision": "address",
        "distance_from_lausanne_km": 0.93,
        "property_type": "apartment",
        "rooms": 2.0,
        "bedrooms": null,
        "bathrooms": null,
        "size_m2": 44.0,
        "usable_area_m2": null,
        "floor": "1er étage",
        "furnished": null,
        "contract_type": null,
        "availability_text": "Disponible dès le 01.10.2026",
        "available_from": "2026-10-01",
        "available_now": false,
        "available_to": null,
        "minimum_months": null,
        "maximum_months": null,
        "pets": null,
        "smoking": null,
        "student_only": null,
        "gender": null,
        "minimum_age": null,
        "maximum_age": null,
        "description": "A deux pas du centre-ville Description du bien Logement idéalement situé au centre ville de Lausanne. Ce dernier se compose comme suit : Vous avez déjà visité l’objet et souhaitez poser votre candidature? Vous pouvez accéder à la candidature en ligne ici:"
      }
    },
    {
      "type": "Feature",
      "geometry": {
        "type": "Point",
        "coordinates": [
          6.623002052307129,
          46.52582550048828
        ]
      },
      "properties": {
        "source": "immobilier.ch",
        "source_section": "lausanne",
        "source_id": "1469285",
        "source_url": "https://www.immobilier.ch/fr/louer/appartement/vaud/lausanne/rham-location-residentielle-787/studio-renove-proche-centre-lausanne-1469285",
        "area": "lausanne",
        "title": "Studio rénové proche du centre de Lausanne",
        "description_title": "Votre garantie de loyer",
        "price_monthly": 1000.0,
        "price_net": null,
        "charges": null,
        "currency": "CHF",
        "address": "Chemin des Rosiers 4",
        "postal_code": "1004",
        "city": "Lausanne",
        "country": "CH",
        "latitude": 46.52582550048828,
        "longitude": 6.623002052307129,
        "location_precision": "address",
        "distance_from_lausanne_km": 0.98,
        "property_type": "studio",
        "rooms": 1.0,
        "bedrooms": null,
        "bathrooms": null,
        "size_m2": 16.0,
        "usable_area_m2": null,
        "floor": "Rez-de-chaussée",
        "furnished": null,
        "contract_type": null,
        "availability_text": "Disponible de suite",
        "available_from": null,
        "available_now": true,
        "available_to": null,
        "minimum_months": null,
        "maximum_months": null,
        "pets": null,
        "smoking": null,
        "student_only": null,
        "gender": null,
        "minimum_age": null,
        "maximum_age": null,
        "description": "Studio rénové proche du centre de Lausanne Description du bien Dans le rayonnement du Palais de Beaulieu, vous bénéficierez d'une offre culturelle variée, entre musées, salle de spectacles et bibliothèque. Autour de son gymnase, les infrastructures sportives et les cafés de ce quartier hétéroclite n'attendent plus que vous. Studio qui sera rénové entièrement pour la relocation, comprenant : - une cuisine agencée - une pièce principale - une salle de douche-WC Pour toute information complémentaire sur ce bien ou pour organiser une visite, nous vous invitons à remplir le formulaire de contact. On vous dit à bientôt?"
      }
    },
    {
      "type": "Feature",
      "geometry": {
        "type": "Point",
        "coordinates": [
          6.621028423309326,
          46.52400207519531
        ]
      },
      "properties": {
        "source": "immobilier.ch",
        "source_section": "lausanne",
        "source_id": "1346332",
        "source_url": "https://www.immobilier.ch/fr/louer/appartement/vaud/lausanne/apleona-schweiz-ag-670/bel-appartement-centre-ville-1346332",
        "area": "lausanne",
        "title": "Bel appartement au centre-ville",
        "description_title": "Votre garantie de loyer",
        "price_monthly": 2070.0,
        "price_net": null,
        "charges": null,
        "currency": "CHF",
        "address": "Av. de Morges 7",
        "postal_code": "1004",
        "city": "Lausanne",
        "country": "CH",
        "latitude": 46.52400207519531,
        "longitude": 6.621028423309326,
        "location_precision": "address",
        "distance_from_lausanne_km": 0.99,
        "property_type": "apartment",
        "rooms": 3.0,
        "bedrooms": null,
        "bathrooms": null,
        "size_m2": 66.0,
        "usable_area_m2": null,
        "floor": "2ème étage",
        "furnished": null,
        "contract_type": null,
        "availability_text": "Disponible dès le 01.10.2026",
        "available_from": "2026-10-01",
        "available_now": false,
        "available_to": null,
        "minimum_months": null,
        "maximum_months": null,
        "pets": null,
        "smoking": null,
        "student_only": null,
        "gender": null,
        "minimum_age": null,
        "maximum_age": null,
        "description": "Bel appartement au centre-ville Description du bien L'immeuble est idéalement situé au centre-ville de Lausanne proche du quartier de Chauderon, des transports publics et des commerces. Appartement comprenant : - un grand hall d'entrée, - un salon, - une cuisine agencée, - deux chambres, - une salle de bains/WC, - une cave. BAIL FIXE DE DURÉE DÉTERMINÉE DE 5 ANS, AVEC POSSIBILITÉS DE RESILIATION UNILATÉRALE PAR LE LOCATAIRE. Pour les dates de visites, nous vous remercions de bien vouloir effectuer votre demande de contact via le site annonceur."
      }
    },
    {
      "type": "Feature",
      "geometry": {
        "type": "Point",
        "coordinates": [
          6.621028423309326,
          46.52400207519531
        ]
      },
      "properties": {
        "source": "immobilier.ch",
        "source_section": "lausanne",
        "source_id": "1476339",
        "source_url": "https://www.immobilier.ch/fr/louer/appartement/vaud/lausanne/apleona-schweiz-ag-670/centre-lausanne-vue-lac-1476339",
        "area": "lausanne",
        "title": "Au centre de Lausanne avec vue sur le lac",
        "description_title": "Votre garantie de loyer",
        "price_monthly": 2170.0,
        "price_net": null,
        "charges": null,
        "currency": "CHF",
        "address": "Av. de Morges 7",
        "postal_code": "1004",
        "city": "Lausanne",
        "country": "CH",
        "latitude": 46.52400207519531,
        "longitude": 6.621028423309326,
        "location_precision": "address",
        "distance_from_lausanne_km": 0.99,
        "property_type": "apartment",
        "rooms": 3.0,
        "bedrooms": null,
        "bathrooms": null,
        "size_m2": 80.0,
        "usable_area_m2": null,
        "floor": "2ème étage",
        "furnished": null,
        "contract_type": null,
        "availability_text": "Disponible dès le 01.11.2026",
        "available_from": "2026-11-01",
        "available_now": false,
        "available_to": null,
        "minimum_months": null,
        "maximum_months": null,
        "pets": null,
        "smoking": null,
        "student_only": null,
        "gender": null,
        "minimum_age": null,
        "maximum_age": null,
        "description": "Au centre de Lausanne avec vue sur le lac Description du bien Situé au 2ème dans un immeuble proche de toutes commodités avec ascenseur, ce magnifique 3 pièces est composé comme suit: - un grand hall de distribution, - une salle-de-bains/WC, - une cuisine agencée, - deux chambres, - un salon, - deux balcons, - une cave complète ce bien. BAIL FIXE DE DURÉE DÉTERMINÉE DE 5 ANS, AVEC POSSIBILITÉS DE RESILIATION UNILATÉRALE PAR LE LOCATAIRE. Nous vous remercions de bien vouloir effectuer votre demande de contact via le site annonceur."
      }
    },
    {
      "type": "Feature",
      "geometry": {
        "type": "Point",
        "coordinates": [
          6.620762348175049,
          46.52387237548828
        ]
      },
      "properties": {
        "source": "immobilier.ch",
        "source_section": "lausanne",
        "source_id": "1555406",
        "source_url": "https://www.immobilier.ch/fr/louer/appartement/vaud/lausanne/apleona-schweiz-ag-670/vue-lac-1555406",
        "area": "lausanne",
        "title": "Vue sur le Lac",
        "description_title": "Votre garantie de loyer",
        "price_monthly": 2170.0,
        "price_net": null,
        "charges": null,
        "currency": "CHF",
        "address": "Av. de Morges 9",
        "postal_code": "1004",
        "city": "Lausanne",
        "country": "CH",
        "latitude": 46.52387237548828,
        "longitude": 6.620762348175049,
        "location_precision": "address",
        "distance_from_lausanne_km": 1.0,
        "property_type": "apartment",
        "rooms": 3.0,
        "bedrooms": null,
        "bathrooms": null,
        "size_m2": 74.0,
        "usable_area_m2": null,
        "floor": "1er étage",
        "furnished": null,
        "contract_type": null,
        "availability_text": null,
        "available_from": null,
        "available_now": null,
        "available_to": null,
        "minimum_months": null,
        "maximum_months": null,
        "pets": null,
        "smoking": null,
        "student_only": null,
        "gender": null,
        "minimum_age": null,
        "maximum_age": null,
        "description": "Vue sur le Lac Description du bien L'immeuble est idéalement situé au centre-ville de Lausanne proche du quartier de Chauderon, des transports publics et des commerces. - un grand hall de distribution, - une salle-de-bains/WC, - une cuisine agencée, - deux chambres, - un salon, - trois balcons, - une cave complète ce bien. Travaux prévus : peinture, ponçage et vitrification des parquets. BAIL FIXE DE DURÉE DÉTERMINÉE DE 5 ANS, AVEC POSSIBILITÉS DE RESILIATION UNILATÉRALE PAR LE LOCATAIRE. Pour les dates de visites, nous vous remercions de bien vouloir effectuer votre demande de contact via le site annonceur."
      }
    },
    {
      "type": "Feature",
      "geometry": {
        "type": "Point",
        "coordinates": [
          6.62058687210083,
          46.52414321899414
        ]
      },
      "properties": {
        "source": "immobilier.ch",
        "source_section": "lausanne",
        "source_id": "1554500",
        "source_url": "https://www.immobilier.ch/fr/louer/appartement/vaud/lausanne/apleona-schweiz-ag-670/beau-studio-centre-ville-1554500",
        "area": "lausanne",
        "title": "Beau studio au centre-ville",
        "description_title": "Votre garantie de loyer",
        "price_monthly": 1230.0,
        "price_net": null,
        "charges": null,
        "currency": "CHF",
        "address": "Av. de Morges 11",
        "postal_code": "1004",
        "city": "Lausanne",
        "country": "CH",
        "latitude": 46.52414321899414,
        "longitude": 6.62058687210083,
        "location_precision": "address",
        "distance_from_lausanne_km": 1.02,
        "property_type": "studio",
        "rooms": 1.0,
        "bedrooms": null,
        "bathrooms": null,
        "size_m2": 29.0,
        "usable_area_m2": null,
        "floor": "5ème étage",
        "furnished": null,
        "contract_type": null,
        "availability_text": "Disponible dès le 01.09.2026",
        "available_from": "2026-09-01",
        "available_now": false,
        "available_to": null,
        "minimum_months": null,
        "maximum_months": null,
        "pets": null,
        "smoking": null,
        "student_only": null,
        "gender": null,
        "minimum_age": null,
        "maximum_age": null,
        "description": "Beau studio au centre-ville Description du bien L'immeuble est idéalement situé au centre-ville de Lausanne proche du quartier de Chauderon, des transports publics et des commerces. Appartement comprenant : - un hall d'entrée, - un séjour, - une cuisine agencée, - une salle de douches/WC, - une cave. BAIL FIXE DE DURÉE DÉTERMINÉE DE 5 ANS, AVEC POSSIBILITÉ DE RÉSILIATION UNILATÉRALE PAR LE LOCATAIRE. Nous vous remercions de bine vouloir effectuer votre demande de contact via le site annonceur."
      }
    },
    {
      "type": "Feature",
      "geometry": {
        "type": "Point",
        "coordinates": [
          6.621827602386475,
          46.52555847167969
        ]
      },
      "properties": {
        "source": "immobilier.ch",
        "source_section": "lausanne",
        "source_id": "1519954",
        "source_url": "https://www.immobilier.ch/fr/louer/appartement/vaud/lausanne/gerim-259/charmant-appartement-3-pieces-idealement-situe-avenue-france-23-lausanne-1519954",
        "area": "lausanne",
        "title": "Charmant appartement de 3 pièces idéalement situé à l'Avenue de France 23 à Lausanne",
        "description_title": null,
        "price_monthly": 2375.0,
        "price_net": null,
        "charges": null,
        "currency": "CHF",
        "address": "Avenue de France 23",
        "postal_code": "1004",
        "city": "Lausanne",
        "country": "CH",
        "latitude": 46.52555847167969,
        "longitude": 6.621827602386475,
        "location_precision": "address",
        "distance_from_lausanne_km": 1.03,
        "property_type": "apartment",
        "rooms": 3.0,
        "bedrooms": 2.0,
        "bathrooms": 1.0,
        "size_m2": null,
        "usable_area_m2": null,
        "floor": "Rez-de-chaussée",
        "furnished": null,
        "contract_type": null,
        "availability_text": null,
        "available_from": null,
        "available_now": null,
        "available_to": null,
        "minimum_months": null,
        "maximum_months": null,
        "pets": null,
        "smoking": null,
        "student_only": null,
        "gender": null,
        "minimum_age": null,
        "maximum_age": null,
        "description": null
      }
    },
    {
      "type": "Feature",
      "geometry": {
        "type": "Point",
        "coordinates": [
          6.620272159576416,
          46.52425765991211
        ]
      },
      "properties": {
        "source": "immobilier.ch",
        "source_section": "lausanne",
        "source_id": "1546435",
        "source_url": "https://www.immobilier.ch/fr/louer/appartement/vaud/lausanne/gerim-259/2-pieces-5-minutes-chauderon-1546435",
        "area": "lausanne",
        "title": "2 PIECES A 5 MINUTES DE CHAUDERON",
        "description_title": "Votre garantie de loyer",
        "price_monthly": 1750.0,
        "price_net": null,
        "charges": null,
        "currency": "CHF",
        "address": "Avenue de Morges 13",
        "postal_code": "1004",
        "city": "Lausanne",
        "country": "CH",
        "latitude": 46.52425765991211,
        "longitude": 6.620272159576416,
        "location_precision": "address",
        "distance_from_lausanne_km": 1.05,
        "property_type": "apartment",
        "rooms": 2.0,
        "bedrooms": 1.0,
        "bathrooms": 1.0,
        "size_m2": 64.0,
        "usable_area_m2": null,
        "floor": "5ème étage",
        "furnished": null,
        "contract_type": null,
        "availability_text": "Disponible de suite",
        "available_from": null,
        "available_now": true,
        "available_to": null,
        "minimum_months": null,
        "maximum_months": null,
        "pets": true,
        "smoking": null,
        "student_only": null,
        "gender": null,
        "minimum_age": null,
        "maximum_age": null,
        "description": "2 PIECES A 5 MINUTES DE CHAUDERON Description du bien Appartement de ~65m2 comprenant entrée/couloir avec armoires, cuisine entièrement agencée ouverte sur le séjour, salle-de-douche/WC avec fenêtre et lave-linge, chambre, vue sur le lac et cave. Logement proche de toutes les commodités. Pour les visites, contactez la concierge Mme Duruz"
      }
    },
    {
      "type": "Feature",
      "geometry": {
        "type": "Point",
        "coordinates": [
          6.622273921966553,
          46.526187896728516
        ]
      },
      "properties": {
        "source": "immobilier.ch",
        "source_section": "lausanne",
        "source_id": "1541392",
        "source_url": "https://www.immobilier.ch/fr/louer/appartement/vaud/lausanne/cpcl-caisse-pensions-personnel-communal-lausanne-2630/charmant-studio-1541392",
        "area": "lausanne",
        "title": "Charmant studio",
        "description_title": "Votre garantie de loyer",
        "price_monthly": 1120.0,
        "price_net": null,
        "charges": null,
        "currency": "CHF",
        "address": "Rue Ecole-de-Commerce 3",
        "postal_code": "1004",
        "city": "Lausanne",
        "country": "CH",
        "latitude": 46.526187896728516,
        "longitude": 6.622273921966553,
        "location_precision": "address",
        "distance_from_lausanne_km": 1.05,
        "property_type": "studio",
        "rooms": 1.0,
        "bedrooms": null,
        "bathrooms": null,
        "size_m2": 40.0,
        "usable_area_m2": null,
        "floor": "2ème étage",
        "furnished": null,
        "contract_type": null,
        "availability_text": "Disponible dès le 01.11.2026",
        "available_from": "2026-11-01",
        "available_now": false,
        "available_to": null,
        "minimum_months": null,
        "maximum_months": null,
        "pets": null,
        "smoking": null,
        "student_only": null,
        "gender": null,
        "minimum_age": null,
        "maximum_age": null,
        "description": "Charmant studio Description du bien Cet appartement au 2ème étage comprend une grande pièce à vivre, une une cuisine avec cuisinière électrique, un freezer et une salle de bains/WC. Une cave ainsi que la buanderie commune se trouvent au sous-sol. En cas d'intérêt, nous vous remercions de bien vouloir transmettre votre dossier complet à la gérance, par courrier postal, courriel ou à la réception."
      }
    },
    {
      "type": "Feature",
      "geometry": {
        "type": "Point",
        "coordinates": [
          6.622273921966553,
          46.526187896728516
        ]
      },
      "properties": {
        "source": "immobilier.ch",
        "source_section": "lausanne",
        "source_id": "1536269",
        "source_url": "https://www.immobilier.ch/fr/louer/appartement/vaud/lausanne/cpcl-caisse-pensions-personnel-communal-lausanne-2630/charmant-2-pieces-2eme-etage-1536269",
        "area": "lausanne",
        "title": "Charmant 2 pièces au 2ème étage",
        "description_title": null,
        "price_monthly": 1650.0,
        "price_net": null,
        "charges": null,
        "currency": "CHF",
        "address": "Rue Ecole-de-Commerce 3",
        "postal_code": "1004",
        "city": "Lausanne",
        "country": "CH",
        "latitude": 46.526187896728516,
        "longitude": 6.622273921966553,
        "location_precision": "address",
        "distance_from_lausanne_km": 1.05,
        "property_type": "apartment",
        "rooms": 2.0,
        "bedrooms": null,
        "bathrooms": null,
        "size_m2": 65.0,
        "usable_area_m2": null,
        "floor": "2ème étage",
        "furnished": null,
        "contract_type": null,
        "availability_text": "Disponible de suite",
        "available_from": null,
        "available_now": true,
        "available_to": null,
        "minimum_months": null,
        "maximum_months": null,
        "pets": null,
        "smoking": null,
        "student_only": null,
        "gender": null,
        "minimum_age": null,
        "maximum_age": null,
        "description": null
      }
    },
    {
      "type": "Feature",
      "geometry": {
        "type": "Point",
        "coordinates": [
          6.621026515960693,
          46.52535629272461
        ]
      },
      "properties": {
        "source": "immobilier.ch",
        "source_section": "lausanne",
        "source_id": "1547334",
        "source_url": "https://www.immobilier.ch/fr/louer/appartement/vaud/lausanne/apleona-schweiz-ag-670/25-pieces-proche-centre-ville-1547334",
        "area": "lausanne",
        "title": "2.5 pièces proche centre ville !",
        "description_title": "Votre garantie de loyer",
        "price_monthly": 1840.0,
        "price_net": null,
        "charges": null,
        "currency": "CHF",
        "address": "Av. d'Echallens 6",
        "postal_code": "1004",
        "city": "Lausanne",
        "country": "CH",
        "latitude": 46.52535629272461,
        "longitude": 6.621026515960693,
        "location_precision": "address",
        "distance_from_lausanne_km": 1.07,
        "property_type": "apartment",
        "rooms": 2.5,
        "bedrooms": null,
        "bathrooms": null,
        "size_m2": 64.0,
        "usable_area_m2": null,
        "floor": "6ème étage",
        "furnished": null,
        "contract_type": null,
        "availability_text": "Disponible de suite, au 6ème et dernier étage d'un immeuble de style fin XIXème avec ascenseur, logement semi-mansardé avec poutres apparentes.",
        "available_from": null,
        "available_now": true,
        "available_to": null,
        "minimum_months": null,
        "maximum_months": null,
        "pets": null,
        "smoking": null,
        "student_only": null,
        "gender": null,
        "minimum_age": null,
        "maximum_age": null,
        "description": "2.5 pièces proche centre ville ! Description du bien L'immeuble est proche du LEB, du M1 et M2, des arrêts de bus et des commerces. Disponible de suite, au 6ème et dernier étage d'un immeuble de style fin XIXème avec ascenseur, logement semi-mansardé avec poutres apparentes. L' appartement de 64m2 se répartit comme suit : - Hall - Chambre à coucher - Séjour avec vue dominante sur le lac et le sud de la ville - Cuisine agencée et habitable - Salle-de-bains/WC - Réduit BAIL DE DUREE DETERMINEE JUSQU'AU 30.09.2030 AVEC POSSIBILITEES POUR LE LOCATAIRE DE RESILIER AVANT L'ECHEANCE Seuls les dossiers complets et ayant visité l'appartement seront étudiés."
      }
    },
    {
      "type": "Feature",
      "geometry": {
        "type": "Point",
        "coordinates": [
          6.6221604347229,
          46.5268669128418
        ]
      },
      "properties": {
        "source": "immobilier.ch",
        "source_section": "lausanne",
        "source_id": "1537840",
        "source_url": "https://www.immobilier.ch/fr/louer/appartement/vaud/lausanne/cpcl-caisse-pensions-personnel-communal-lausanne-2630/bel-appartement-35-pieces-4eme-etage-1537840",
        "area": "lausanne",
        "title": "Bel appartement de 3.5 pièces au 4ème étage",
        "description_title": "Votre garantie de loyer",
        "price_monthly": 1950.0,
        "price_net": null,
        "charges": null,
        "currency": "CHF",
        "address": "Rue du Maupas 85",
        "postal_code": "1004",
        "city": "Lausanne",
        "country": "CH",
        "latitude": 46.5268669128418,
        "longitude": 6.6221604347229,
        "location_precision": "address",
        "distance_from_lausanne_km": 1.11,
        "property_type": "apartment",
        "rooms": 3.5,
        "bedrooms": null,
        "bathrooms": null,
        "size_m2": 76.0,
        "usable_area_m2": null,
        "floor": "4ème étage",
        "furnished": null,
        "contract_type": null,
        "availability_text": "Disponible dès le 16.11.2026",
        "available_from": "2026-11-16",
        "available_now": false,
        "available_to": null,
        "minimum_months": null,
        "maximum_months": null,
        "pets": null,
        "smoking": null,
        "student_only": null,
        "gender": null,
        "minimum_age": null,
        "maximum_age": null,
        "description": "Bel appartement de 3.5 pièces au 4ème étage Description du bien Cet appartement de 3.5 pièce s au 4ème étage comprend une cuisine entièrement rénovée avec cuisinière vitrocéram et un frigo/congélateur, un séjour, deux chambres, une salle de bains/WC et un balcon. Une cave ainsi que la buanderie commune se trouvent au sous-sol. En cas d'intérêt, nous vous remercions de bien vouloir transmettre votre dossier complet à la gérance, par courrier postal, courriel ou à la réception."
      }
    },
    {
      "type": "Feature",
      "geometry": {
        "type": "Point",
        "coordinates": [
          6.619293212890625,
          46.52422332763672
        ]
      },
      "properties": {
        "source": "immobilier.ch",
        "source_section": "lausanne",
        "source_id": "1557202",
        "source_url": "https://www.immobilier.ch/fr/louer/appartement/vaud/lausanne/bernard-nicod-lausanne-gare-gerance-2201/charment-15-pieces-boston-18-1557202",
        "area": "lausanne",
        "title": "Charment 1.5 pièces à Boston 18",
        "description_title": "Votre garantie de loyer",
        "price_monthly": 1370.0,
        "price_net": null,
        "charges": null,
        "currency": "CHF",
        "address": "Chemin de Boston 18",
        "postal_code": "1004",
        "city": "Lausanne",
        "country": "CH",
        "latitude": 46.52422332763672,
        "longitude": 6.619293212890625,
        "location_precision": "address",
        "distance_from_lausanne_km": 1.12,
        "property_type": "apartment",
        "rooms": 1.5,
        "bedrooms": null,
        "bathrooms": null,
        "size_m2": 37.0,
        "usable_area_m2": null,
        "floor": "3ème étage",
        "furnished": null,
        "contract_type": null,
        "availability_text": "Disponible de suite",
        "available_from": null,
        "available_now": true,
        "available_to": null,
        "minimum_months": null,
        "maximum_months": null,
        "pets": null,
        "smoking": null,
        "student_only": null,
        "gender": null,
        "minimum_age": null,
        "maximum_age": null,
        "description": "Charment 1.5 pièces à Boston 18 Description du bien"
      }
    },
    {
      "type": "Feature",
      "geometry": {
        "type": "Point",
        "coordinates": [
          6.620168685913086,
          46.525634765625
        ]
      },
      "properties": {
        "source": "immobilier.ch",
        "source_section": "lausanne",
        "source_id": "1557075",
        "source_url": "https://www.immobilier.ch/fr/louer/appartement/vaud/lausanne/regie-braun-276/appartement-4-pieces-1557075",
        "area": "lausanne",
        "title": "Appartement, 4 pièce(s)",
        "description_title": "Votre garantie de loyer",
        "price_monthly": 2400.0,
        "price_net": null,
        "charges": null,
        "currency": "CHF",
        "address": "Avenue d'Echallens 24",
        "postal_code": "1004",
        "city": "Lausanne",
        "country": "CH",
        "latitude": 46.525634765625,
        "longitude": 6.620168685913086,
        "location_precision": "address",
        "distance_from_lausanne_km": 1.14,
        "property_type": "apartment",
        "rooms": 4.0,
        "bedrooms": null,
        "bathrooms": null,
        "size_m2": 82.0,
        "usable_area_m2": null,
        "floor": "5ème étage",
        "furnished": null,
        "contract_type": null,
        "availability_text": "Disponible dès le 01.12.2026",
        "available_from": "2026-12-01",
        "available_now": false,
        "available_to": null,
        "minimum_months": null,
        "maximum_months": null,
        "pets": null,
        "smoking": null,
        "student_only": null,
        "gender": null,
        "minimum_age": null,
        "maximum_age": null,
        "description": "Appartement, 4 pièce(s) Description du bien C'est dans un bel immeuble datant de 1890 et à deux pas du parc de Valency ainsi que celui du Château de Beaulieu, que se trouve cet appartement de 4 pièces. Situé au coeur d'un quartier convivial, cet appartement est composé d'une entrée, d'une cuisine agencée, de trois chambres à coucher, d'un séjour avec cheminée décorative et d'une salle de bains avec WC. Proche de toutes commodités, cet objet jouit d'une situation idéale de par sa proximité aux transports publics, au centre-ville, aux écoles ainsi qu'aux commerces. De plus, l'autoroute se trouve à seulement 10 minutes. Laissez-vous tenter par une jolie promenade au milieu des tilleuls du parc de Valency et son esplanade surplombant le lac Léman, le tout en pleine ville!"
      }
    },
    {
      "type": "Feature",
      "geometry": {
        "type": "Point",
        "coordinates": [
          6.621375560760498,
          46.5267448425293
        ]
      },
      "properties": {
        "source": "immobilier.ch",
        "source_section": "lausanne",
        "source_id": "1540951",
        "source_url": "https://www.immobilier.ch/fr/louer/appartement/vaud/lausanne/regie-braun-276/appartement-35-pieces-1540951",
        "area": "lausanne",
        "title": "Appartement, 3.5 pièce(s)",
        "description_title": "Votre garantie de loyer",
        "price_monthly": 1591.0,
        "price_net": null,
        "charges": null,
        "currency": "CHF",
        "address": "Chemin des Aubépines 5",
        "postal_code": "1004",
        "city": "Lausanne",
        "country": "CH",
        "latitude": 46.5267448425293,
        "longitude": 6.621375560760498,
        "location_precision": "address",
        "distance_from_lausanne_km": 1.15,
        "property_type": "apartment",
        "rooms": 3.5,
        "bedrooms": null,
        "bathrooms": null,
        "size_m2": 64.0,
        "usable_area_m2": null,
        "floor": "Rez-de-chaussée",
        "furnished": null,
        "contract_type": null,
        "availability_text": "Disponible dès le 01.10.2026",
        "available_from": "2026-10-01",
        "available_now": false,
        "available_to": null,
        "minimum_months": null,
        "maximum_months": null,
        "pets": null,
        "smoking": null,
        "student_only": null,
        "gender": null,
        "minimum_age": null,
        "maximum_age": null,
        "description": "Appartement, 3.5 pièce(s) Description du bien A deux pas du centre-ville de Lausanne, cet immeuble est situé dans un quartier convivial et chaleureux. Cet appartement est composé d'une entrée avec dégagement, d'une cuisine fermée agencée, de deux chambres à coucher et d'une salle de bains avec WC. Proche de toutes commodités, cet objet jouit d'une situation idéale de par sa proximité aux transports publics, au centre-ville, aux écoles ainsi qu'aux commerces. De plus, l'autoroute se trouve à seulement 10 minutes."
      }
    },
    {
      "type": "Feature",
      "geometry": {
        "type": "Point",
        "coordinates": [
          6.619251251220703,
          46.5251579284668
        ]
      },
      "properties": {
        "source": "immobilier.ch",
        "source_section": "lausanne",
        "source_id": "439478",
        "source_url": "https://www.immobilier.ch/fr/louer/appartement/vaud/lausanne/retraites-populaires-1429/appartement-439478",
        "area": "lausanne",
        "title": "Appartement",
        "description_title": "Votre garantie de loyer",
        "price_monthly": 2600.0,
        "price_net": null,
        "charges": null,
        "currency": "CHF",
        "address": "Avenue de Morges 26",
        "postal_code": "1004",
        "city": "Lausanne",
        "country": "CH",
        "latitude": 46.5251579284668,
        "longitude": 6.619251251220703,
        "location_precision": "address",
        "distance_from_lausanne_km": 1.17,
        "property_type": "apartment",
        "rooms": 4.0,
        "bedrooms": null,
        "bathrooms": null,
        "size_m2": 127.0,
        "usable_area_m2": null,
        "floor": "4ème étage",
        "furnished": null,
        "contract_type": null,
        "availability_text": "Disponible dès le 01.10.2026",
        "available_from": "2026-10-01",
        "available_now": false,
        "available_to": null,
        "minimum_months": null,
        "maximum_months": null,
        "pets": null,
        "smoking": null,
        "student_only": null,
        "gender": null,
        "minimum_age": null,
        "maximum_age": null,
        "description": "Appartement Description du bien Immeuble situé au centre de Lausanne, à proximité de toutes les commodités telles que commerces, écoles, transports publics. Equipements et commodités : Ascenseur, Parking souterrain Environnement : Transports publics, Arrêt(s) de bus, Centre-ville, Commerce(s), Banque(s), Restaurant(s), Poste(s), Crèche(s), Ecole(s) Agencements intérieurs : Attique, Duplex, Mezzanine, Terrasse, Cave, Hall d'entrée, Salon, Sol en parquet, Trois chambres à coucher Cuisine entièrement agencée, ouverte : Congélateur, Réfrigérateur, Cuisinière, Four, Hotte de ventilation, Lave-vaisselle, Vitrocéramique Salle d'eau 1 : Baignoire, Lavabo, WC Salle d'eau 2 : Lavabo, WC séparé"
      }
    },
    {
      "type": "Feature",
      "geometry": {
        "type": "Point",
        "coordinates": [
          6.619815349578857,
          46.52615737915039
        ]
      },
      "properties": {
        "source": "immobilier.ch",
        "source_section": "lausanne",
        "source_id": "1558691",
        "source_url": "https://www.immobilier.ch/fr/louer/appartement/vaud/lausanne/gerofinance-regie-rhone-2736/appartement-caractere-25-pieces-duplex-4eme-etage-1558691",
        "area": "lausanne",
        "title": "Appartement de caractère de 2,5 pièces en duplex au 4ème étage",
        "description_title": "Votre garantie de loyer",
        "price_monthly": 2250.0,
        "price_net": null,
        "charges": null,
        "currency": "CHF",
        "address": "Avenue d'Echallens 34",
        "postal_code": "1004",
        "city": "Lausanne",
        "country": "CH",
        "latitude": 46.52615737915039,
        "longitude": 6.619815349578857,
        "location_precision": "address",
        "distance_from_lausanne_km": 1.19,
        "property_type": "apartment",
        "rooms": 2.5,
        "bedrooms": 1.0,
        "bathrooms": null,
        "size_m2": 98.0,
        "usable_area_m2": null,
        "floor": "4ème étage",
        "furnished": null,
        "contract_type": null,
        "availability_text": "Disponible dès le 01.09.2026",
        "available_from": "2026-09-01",
        "available_now": false,
        "available_to": null,
        "minimum_months": null,
        "maximum_months": null,
        "pets": null,
        "smoking": null,
        "student_only": null,
        "gender": null,
        "minimum_age": null,
        "maximum_age": null,
        "description": "Appartement de caractère de 2,5 pièces en duplex au 4ème étage Description du bien Merci de contacter la concierge, Madame FARIA afin de convenir d'un rendez-vous. La visite du logement est obligatoire pour le dépôt d'un dossier de candidature. L'appartement se compose ainsi : Hall d'entrée avec armoire Cuisine équipée Salon 1 chambre Espace bureau ouvert en mezzanine Salle de douche avec WC Loyer mensuel : CHF 2'250.00 - Charges : CHF 290.00"
      }
    },
    {
      "type": "Feature",
      "geometry": {
        "type": "Point",
        "coordinates": [
          6.62155294418335,
          46.527435302734375
        ]
      },
      "properties": {
        "source": "immobilier.ch",
        "source_section": "lausanne",
        "source_id": "1561561",
        "source_url": "https://www.immobilier.ch/fr/louer/appartement/vaud/lausanne/room-estate-1443/confort-communaute-lausanne-1561561",
        "area": "lausanne",
        "title": "Confort et Communauté à Lausanne",
        "description_title": "Votre garantie de loyer",
        "price_monthly": 1290.0,
        "price_net": null,
        "charges": null,
        "currency": "CHF",
        "address": "Avenue Collonges",
        "postal_code": "1004",
        "city": "Lausanne",
        "country": "CH",
        "latitude": 46.527435302734375,
        "longitude": 6.62155294418335,
        "location_precision": "address",
        "distance_from_lausanne_km": 1.19,
        "property_type": "private_room",
        "rooms": 1.0,
        "bedrooms": null,
        "bathrooms": null,
        "size_m2": 15.0,
        "usable_area_m2": null,
        "floor": "2ème étage",
        "furnished": true,
        "contract_type": null,
        "availability_text": null,
        "available_from": null,
        "available_now": null,
        "available_to": null,
        "minimum_months": null,
        "maximum_months": null,
        "pets": null,
        "smoking": null,
        "student_only": null,
        "gender": null,
        "minimum_age": null,
        "maximum_age": null,
        "description": "Traduction automatique Google à partir de la version originale (EN) Confort et Communauté à Lausanne Description du bien Bienvenue chez Travis, ton espace de coliving idéal à Lausanne, offrant un parfait mélange de confort et de communauté. Situé à l'Avenue Collonges 33, cet appartement dispose de trois chambres spacieuses, ce qui signifie que tu partageras ton foyer avec deux colocataires sympathiques. La cuisine bien équipée, avec un lave-vaisselle moderne, un four, une cuisinière et un réfrigérateur, est parfaite pour préparer des repas partagés. La salle de bains, avec baignoire, lavabo et toilettes, offre un espace de détente pour se ressourcer après une journée bien remplie. L'appartement est joliment meublé avec des meubles modernes et comprend un coin repas conçu pour trois personnes, offrant un endroit cosy pour les repas communs et les rassemblements. Travis est idéalement situé à proximité de plusieurs lieux clés. Le Parc de Valency, à quelques minutes à pied, offre de grands espaces verts, des sentiers de promenade et des aires de jeux, parfaits pour les activités de plein air et la détente. La Gare de Lausanne (gare principale) est un peu plus éloignée, mais facilement accessible en voiture ou en bus, te reliant au reste de la Suisse et au-delà. Pour les étudiants, la région est proche de les grandes universités UNIL et EPFL. L'appartement est bien desservi par le système de transport public de Lausanne, avec des arrêts de bus à proximité, offrant un accès facile au centre-ville et à d'autres parties de Lausanne. Pour tes besoins quotidiens, plusieurs supermarchés comme Migros et Coop, ainsi que des petits commerces locaux, sont accessibles à pied. Le quartier regorge également de restaurants et de cafés, offrant une cuisine locale et internationale. Enfin, pour les amateurs de culture et de sport, le centre-ville de Lausanne abrite de nombreux musées, théâtres et galeries, tandis que les centres sportifs et les gymnases à proximité séduisent les passionnés de fitness. Room Estate 🏡 - Le leader du coliving en Suisse! Chez nous, tu peux simplement emménager avec ta valise et commencer à vivre - tout est prêt pour toi. Pas de paperasse, pas d'effort, pas de stress. Tout ce dont tu as besoin est déjà organisé et tous les services sont compris dans un seul prix. Coliving signifie ici un habitat simple et moderne et une véritable communauté. Profite de ta vie, nous nous occupons du reste. Bienvenue chez Room Estate - ton nouveau chez-toi en Suisse! Tu es intéressé(e)? Réserve ta place dès maintenant et mets-toi à l'aise chez nous! 🏡"
      }
    },
    {
      "type": "Feature",
      "geometry": {
        "type": "Point",
        "coordinates": [
          6.62155294418335,
          46.527435302734375
        ]
      },
      "properties": {
        "source": "immobilier.ch",
        "source_section": "lausanne",
        "source_id": "1546184",
        "source_url": "https://www.immobilier.ch/fr/louer/appartement/vaud/lausanne/room-estate-1443/confort-communaute-lausanne-1546184",
        "area": "lausanne",
        "title": "Confort et Communauté à Lausanne",
        "description_title": "Votre garantie de loyer",
        "price_monthly": 1190.0,
        "price_net": null,
        "charges": null,
        "currency": "CHF",
        "address": "Avenue Collonges",
        "postal_code": "1004",
        "city": "Lausanne",
        "country": "CH",
        "latitude": 46.527435302734375,
        "longitude": 6.62155294418335,
        "location_precision": "address",
        "distance_from_lausanne_km": 1.19,
        "property_type": "private_room",
        "rooms": 1.0,
        "bedrooms": null,
        "bathrooms": null,
        "size_m2": 12.0,
        "usable_area_m2": null,
        "floor": "2ème étage",
        "furnished": true,
        "contract_type": null,
        "availability_text": "Disponible de suite",
        "available_from": null,
        "available_now": true,
        "available_to": null,
        "minimum_months": null,
        "maximum_months": null,
        "pets": null,
        "smoking": null,
        "student_only": null,
        "gender": null,
        "minimum_age": null,
        "maximum_age": null,
        "description": "Traduction automatique Google à partir de la version originale (EN) Confort et Communauté à Lausanne Description du bien Bienvenue chez Travis, ton espace de coliving idéal à Lausanne, offrant un parfait mélange de confort et de communauté. Situé à l'Avenue Collonges 33, cet appartement dispose de trois chambres spacieuses, ce qui signifie que tu partageras ton foyer avec deux colocataires sympathiques. La cuisine bien équipée, avec un lave-vaisselle moderne, un four, une cuisinière et un réfrigérateur, est parfaite pour préparer des repas partagés. La salle de bains, avec baignoire, lavabo et toilettes, offre un espace de détente pour se ressourcer après une journée bien remplie. L'appartement est joliment meublé avec des meubles modernes et comprend un coin repas conçu pour trois personnes, offrant un endroit cosy pour les repas communs et les rassemblements. Travis est idéalement situé à proximité de plusieurs lieux clés. Le Parc de Valency, à quelques minutes à pied, offre de grands espaces verts, des sentiers de promenade et des aires de jeux, parfaits pour les activités de plein air et la détente. La Gare de Lausanne (gare principale) est un peu plus éloignée, mais facilement accessible en voiture ou en bus, te reliant au reste de la Suisse et au-delà. Pour les étudiants, la région est proche de les grandes universités UNIL et EPFL. L'appartement est bien desservi par le système de transport public de Lausanne, avec des arrêts de bus à proximité, offrant un accès facile au centre-ville et à d'autres parties de Lausanne. Pour tes besoins quotidiens, plusieurs supermarchés comme Migros et Coop, ainsi que des petits commerces locaux, sont accessibles à pied. Le quartier regorge également de restaurants et de cafés, offrant une cuisine locale et internationale. Enfin, pour les amateurs de culture et de sport, le centre-ville de Lausanne abrite de nombreux musées, théâtres et galeries, tandis que les centres sportifs et les gymnases à proximité séduisent les passionnés de fitness. Room Estate 🏡 - Le leader du coliving en Suisse! Chez nous, tu peux simplement emménager avec ta valise et commencer à vivre - tout est prêt pour toi. Pas de paperasse, pas d'effort, pas de stress. Tout ce dont tu as besoin est déjà organisé et tous les services sont compris dans un seul prix. Coliving signifie ici un habitat simple et moderne et une véritable communauté. Profite de ta vie, nous nous occupons du reste. Bienvenue chez Room Estate - ton nouveau chez-toi en Suisse! Tu es intéressé(e)? Réserve ta place dès maintenant et mets-toi à l'aise chez nous! 🏡"
      }
    },
    {
      "type": "Feature",
      "geometry": {
        "type": "Point",
        "coordinates": [
          6.621243476867676,
          46.52723693847656
        ]
      },
      "properties": {
        "source": "immobilier.ch",
        "source_section": "lausanne",
        "source_id": "1354027",
        "source_url": "https://www.immobilier.ch/fr/louer/appartement/vaud/lausanne/apleona-schweiz-ag-670/appartement-2-pieces-proche-palais-beaulieu-1354027",
        "area": "lausanne",
        "title": "Appartement de 2 pièces proche du palais de Beaulieu",
        "description_title": "Votre garantie de loyer",
        "price_monthly": 1440.0,
        "price_net": null,
        "charges": null,
        "currency": "CHF",
        "address": "Ch. des Aubépines 4bis",
        "postal_code": "1004",
        "city": "Lausanne",
        "country": "CH",
        "latitude": 46.52723693847656,
        "longitude": 6.621243476867676,
        "location_precision": "address",
        "distance_from_lausanne_km": 1.19,
        "property_type": "apartment",
        "rooms": 2.0,
        "bedrooms": null,
        "bathrooms": null,
        "size_m2": 57.0,
        "usable_area_m2": null,
        "floor": "5ème étage",
        "furnished": null,
        "contract_type": null,
        "availability_text": "Disponible de suite",
        "available_from": null,
        "available_now": true,
        "available_to": null,
        "minimum_months": null,
        "maximum_months": null,
        "pets": null,
        "smoking": null,
        "student_only": null,
        "gender": null,
        "minimum_age": null,
        "maximum_age": null,
        "description": "Appartement de 2 pièces proche du palais de Beaulieu Description du bien Situé dans un quartier calme et agréable, ce charmant appartement offre un cadre de vie confortable et lumineux. Il se compose comme suit : - Hall d'entrée - Cuisine habitable équipée avec frigo - Séjour spacieux - Une chambre - Salle de bains avec baignoire - WC séparé - Grand Balcon BAIL DE DUREE DETERMINEE DE 5 ANS. POSSIBILITES DE RESILIATION PAR LE LOCATAIRE PENDANT LA DUREE FIXE. Votre dossier d'inscription doit comporter les pièces suivantes, pour tous les titulaires du bail, y compris l'éventuel garant : En cas d'intérêt, nous vous remercions de nous contacter via le site de l'annonce."
      }
    },
    {
      "type": "Feature",
      "geometry": {
        "type": "Point",
        "coordinates": [
          6.618574619293213,
          46.525360107421875
        ]
      },
      "properties": {
        "source": "immobilier.ch",
        "source_section": "lausanne",
        "source_id": "1561660",
        "source_url": "https://www.immobilier.ch/fr/louer/appartement/vaud/lausanne/pbbg-gerances-gestions-immobilieres-271/magnifique-appartement-traversant-35-pieces-proximite-centre-1561660",
        "area": "lausanne",
        "title": "Magnifique appartement traversant de 3,5 pièces, à proximité du centre",
        "description_title": "Votre garantie de loyer",
        "price_monthly": 1870.0,
        "price_net": null,
        "charges": null,
        "currency": "CHF",
        "address": "AV. DE MORGES 36",
        "postal_code": "1004",
        "city": "Lausanne",
        "country": "CH",
        "latitude": 46.525360107421875,
        "longitude": 6.618574619293213,
        "location_precision": "address",
        "distance_from_lausanne_km": 1.22,
        "property_type": "apartment",
        "rooms": 3.5,
        "bedrooms": null,
        "bathrooms": null,
        "size_m2": 87.0,
        "usable_area_m2": null,
        "floor": "1er étage",
        "furnished": null,
        "contract_type": null,
        "availability_text": "Disponible dès le 01.10.2026",
        "available_from": "2026-10-01",
        "available_now": false,
        "available_to": null,
        "minimum_months": null,
        "maximum_months": null,
        "pets": null,
        "smoking": null,
        "student_only": null,
        "gender": null,
        "minimum_age": null,
        "maximum_age": null,
        "description": "Magnifique appartement traversant de 3,5 pièces, à proximité du centre Description du bien Nous vous proposons à la location ce magnifique appartement de 3,5 pièces, idéalement situé à proximité du centre de Lausanne et bénéficiant de belles moulures qui lui apporte beaucoup de charme. L'appartement se compose comme suit : Un spacieux hall d'entrée Une cuisine entièrement agencée Un séjour / salle à manger Une salle de douche avec WC Un WC séparé Il bénéficie d'un emplacement privilégié, à proximité immédiate de l'arrêt de bus \"Rocordon\", permettant de rejoindre facilement le centre-ville ainsi que la gare de Lausanne. Loyer mensuel : CHF 1'870.00 + CHF 230.00 de charges Disponibilité : 1er octobre 2026 Une visite groupée est programmée le mercredi 16 septembre 2026 de 18h00 à 19h00, aucune inscription n'est requise. En cas d'intérêt et après la visite, nous vous laissons le soin de bien vouloir nous transmettre votre dossier complet par courriel à ladresse. Documents nécessaires pour la demande de location : Formulaire de demande de location (disponible sur notre site internet) Offices des poursuites daté de moins de trois mois Copie de la pièce d'identité ou du permis de séjour Trois dernières fiches de salaire"
      }
    },
    {
      "type": "Feature",
      "geometry": {
        "type": "Point",
        "coordinates": [
          6.62133264541626,
          46.527732849121094
        ]
      },
      "properties": {
        "source": "immobilier.ch",
        "source_section": "lausanne",
        "source_id": "1542952",
        "source_url": "https://www.immobilier.ch/fr/louer/appartement/vaud/lausanne/privera-lausanne-972/saisir-splendide-studio-coeur-lausanne-1542952",
        "area": "lausanne",
        "title": "A saisir ! Splendide studio au coeur de Lausanne !",
        "description_title": "Votre garantie de loyer",
        "price_monthly": 1095.0,
        "price_net": null,
        "charges": null,
        "currency": "CHF",
        "address": "Avenue de Collonges 5",
        "postal_code": "1004",
        "city": "Lausanne",
        "country": "CH",
        "latitude": 46.527732849121094,
        "longitude": 6.62133264541626,
        "location_precision": "address",
        "distance_from_lausanne_km": 1.23,
        "property_type": "studio",
        "rooms": 1.0,
        "bedrooms": null,
        "bathrooms": null,
        "size_m2": 26.0,
        "usable_area_m2": null,
        "floor": "Rez-de-chaussée",
        "furnished": null,
        "contract_type": null,
        "availability_text": "Disponible au 1er septembre 2026.",
        "available_from": null,
        "available_now": false,
        "available_to": null,
        "minimum_months": null,
        "maximum_months": null,
        "pets": null,
        "smoking": null,
        "student_only": null,
        "gender": null,
        "minimum_age": null,
        "maximum_age": null,
        "description": "A saisir ! Splendide studio au coeur de Lausanne ! Description du bien Ce magnifique logement d'environ 26m2 est situé dans le quartier prisé de Beaulieu. Il se trouve proche des commerces et autres commodités ainsi que des axes autoroutiers. Il est très bien desservi par de nombreuses lignes de bus à moins de 5 minutes à pied. Il se compose comme suit : - Un vaste hall d'entrée - Une spacieuse et lumineuse pièce à vivre avec parquet - Une cuisine fermée, agencée et équipée d'un réfrigérateur - Une salle de bains Disponible au 1er septembre 2026. Les travaux suivants seront effectués avant votre entrée : - Réfection complète de la peinture Avons-nous éveillé votre intérêt ? Dans ce cas, n'hésitez pas à prendre contact avec nous directement depuis le formulaire de contact pour toutes demandes et/ou visites. Une fois la visite effectuée, nous nous réjouissons de recevoir votre dossier de candidature directement sur notre formulaire en ligne inscrit ci-dessous : https://flatfox.ch/fr/listing/85431875/submit/ Uniquement les dossiers via le lien seront pris en considération, nous vous en remercions d'avance."
      }
    },
    {
      "type": "Feature",
      "geometry": {
        "type": "Point",
        "coordinates": [
          6.621167182922363,
          46.528343200683594
        ]
      },
      "properties": {
        "source": "immobilier.ch",
        "source_section": "lausanne",
        "source_id": "606932",
        "source_url": "https://www.immobilier.ch/fr/louer/appartement/vaud/lausanne/retraites-populaires-1429/appartement-606932",
        "area": "lausanne",
        "title": "Appartement",
        "description_title": "Votre garantie de loyer",
        "price_monthly": 1750.0,
        "price_net": null,
        "charges": null,
        "currency": "CHF",
        "address": "Avenue Collonges 12 bis",
        "postal_code": "1004",
        "city": "Lausanne",
        "country": "CH",
        "latitude": 46.528343200683594,
        "longitude": 6.621167182922363,
        "location_precision": "address",
        "distance_from_lausanne_km": 1.28,
        "property_type": "apartment",
        "rooms": 3.5,
        "bedrooms": null,
        "bathrooms": null,
        "size_m2": 69.0,
        "usable_area_m2": null,
        "floor": "2ème étage",
        "furnished": null,
        "contract_type": null,
        "availability_text": "Disponible dès le 16.09.2026",
        "available_from": "2026-09-16",
        "available_now": false,
        "available_to": null,
        "minimum_months": null,
        "maximum_months": null,
        "pets": null,
        "smoking": null,
        "student_only": null,
        "gender": null,
        "minimum_age": null,
        "maximum_age": null,
        "description": "Appartement Description du bien Immeuble idéalement situé, en dessous de Beaulieu, dans un quartier calme, proche du centre. Ecoles et transports publics à proximité. Equipements et commodités : Ascenseur Environnement : Transports publics, Arrêt(s) de bus, Gare(s), Accès autoroutier(s), Centre-ville, Commerce(s), Banque(s), Restaurant(s), Poste(s), Crèche(s), Ecole(s) Agencements intérieurs : Cave, Cheminée d'ornement, Hall d'entrée, Salon, Sol en parquet, Deux chambres à coucher Cuisine entièrement agencée avec fenêtre : Réfrigérateur, Cuisinière, Four, Hotte de ventilation, Lave-vaisselle, Vitrocéramique Salle d'eau 1 : Baignoire, Lavabo WC séparé"
      }
    },
    {
      "type": "Feature",
      "geometry": {
        "type": "Point",
        "coordinates": [
          6.621167182922363,
          46.528343200683594
        ]
      },
      "properties": {
        "source": "immobilier.ch",
        "source_section": "lausanne",
        "source_id": "790951",
        "source_url": "https://www.immobilier.ch/fr/louer/appartement/vaud/lausanne/retraites-populaires-1429/appartement-790951",
        "area": "lausanne",
        "title": "Appartement",
        "description_title": "Votre garantie de loyer",
        "price_monthly": 750.0,
        "price_net": null,
        "charges": null,
        "currency": "CHF",
        "address": "Avenue Collonges 12 bis",
        "postal_code": "1004",
        "city": "Lausanne",
        "country": "CH",
        "latitude": 46.528343200683594,
        "longitude": 6.621167182922363,
        "location_precision": "address",
        "distance_from_lausanne_km": 1.28,
        "property_type": "apartment",
        "rooms": 1.0,
        "bedrooms": null,
        "bathrooms": null,
        "size_m2": 18.0,
        "usable_area_m2": null,
        "floor": "6ème étage",
        "furnished": null,
        "contract_type": null,
        "availability_text": "Disponible dès le 01.11.2026",
        "available_from": "2026-11-01",
        "available_now": false,
        "available_to": null,
        "minimum_months": null,
        "maximum_months": null,
        "pets": null,
        "smoking": null,
        "student_only": null,
        "gender": null,
        "minimum_age": null,
        "maximum_age": null,
        "description": "Appartement Description du bien Immeuble idéalement situé, en dessous de Beaulieu, dans un quartier calme, proche du centre. Ecoles et transports publics à proximité. Equipements et commodités : Ascenseur Environnement : Transports publics, Arrêt(s) de bus, Gare(s), Accès autoroutier(s), Centre-ville, Commerce(s), Banque(s), Restaurant(s), Poste(s), Crèche(s), Ecole(s) Agencements intérieurs : Attique, Terrasse Cuisine laboratoire, ouverte avec fenêtre : Réfrigérateur, Hotte de ventilation, Micro-ondes, Réchaud Salle d'eau 1 : Douche, Lavabo, WC Salle d'eau 2 : Lavabo"
      }
    },
    {
      "type": "Feature",
      "geometry": {
        "type": "Point",
        "coordinates": [
          6.649007320404053,
          46.52030563354492
        ]
      },
      "properties": {
        "source": "flatfox",
        "source_section": "lausanne_shared",
        "source_id": "86220330",
        "source_url": "https://flatfox.ch/fr/flat/1006-lausanne/86220330",
        "area": "lausanne",
        "title": "Chambre en colocation à louer à Lausanne",
        "description_title": "Connected Coliving Life in Lausanne's Sous-Gare District",
        "price_monthly": 990.0,
        "price_net": null,
        "charges": null,
        "currency": "CHF",
        "address": null,
        "postal_code": "1006",
        "city": "Lausanne",
        "country": "CH",
        "latitude": 46.52030563354492,
        "longitude": 6.649007320404053,
        "location_precision": "postal_code_city",
        "distance_from_lausanne_km": 1.28,
        "property_type": "private_room",
        "rooms": 1.0,
        "bedrooms": null,
        "bathrooms": null,
        "size_m2": 9.0,
        "usable_area_m2": null,
        "floor": "1er étage",
        "furnished": true,
        "contract_type": null,
        "availability_text": "1. octobre 2026",
        "available_from": "2026-10-01",
        "available_now": false,
        "available_to": null,
        "minimum_months": null,
        "maximum_months": null,
        "pets": null,
        "smoking": null,
        "student_only": null,
        "gender": null,
        "minimum_age": null,
        "maximum_age": null,
        "description": "Welcome to Xavier, your new coliving home at Boulevard de Grancy 56, 1006 Lausanne. With four spacious bedrooms, you’ll be part of a vibrant community of three flatmates, perfect for shared dinners, movie nights, or weekend brunches. The modern kitchen, fully equipped with oven, stove, dishwasher, and fridge, invites everyone to cook together. A cozy dining area for three makes meals feel like family gatherings. The modern shared bathroom with a shower and stylish furniture make for a fresh, comfortable everyday living experience. Located in Sous-Gare, one of Lausanne’s most charming and central neighborhoods, you’re just a few minutes' walk from Grancy Metro Station (M2) and the main train station, offering quick access to the entire city and beyond. Nature lovers will enjoy Parc Mon-Repos, a beautiful green escape just nearby—ideal for reading, jogging, or picnics with your flatmates. Students and professionals will appreciate the direct connections to UNIL and EPFL, while the city center is easily accessible for internships, networking events, and after-work drinks. Whether you’re working, studying, or discovering new friendships, Xavier offers a perfect balance of comfort, community, and connectivity. Room Estate 🏡 - The leading coliving provider in Switzerland! With us, you can simply move in with your suitcase and start living - everything is ready for you. No paperwork, no hassle, no stress. Everything you need is already organized and all services are included in one price. Coliving here means uncomplicated, modern living and real community. Enjoy your life, we'll take care of the rest. Welcome to Room Estate - your new home in Switzerland! Interested? Secure your place now and make it comfortable with us! 🏡 // Bienvenue à Xavier, ton nouveau logement en coliving au Boulevard de Grancy 56, 1006 Lausanne. Avec quatre chambres spacieuses, tu partageras l’appartement avec trois colocataires, parfait pour organiser des dîners partagés, des soirées jeux ou des brunchs du dimanche. La cuisine moderne, entièrement équipée avec four, cuisinière, lave-vaisselle et réfrigérateur, rend la cuisine conviviale et pratique. Le coin repas pour trois personnes favorise les échanges au quotidien, tandis que la salle de bain avec douche et le mobilier contemporain assurent ton confort. Situé dans le quartier animé de Sous-Gare, Xavier te place à deux pas de la station Grancy (M2) et à environ 10 minutes à pied de la gare de Lausanne, ce qui te permet de rejoindre rapidement toutes les zones de la ville. Le Parc Mon-Repos, tout proche, est parfait pour lire au soleil, pique-niquer ou courir avec tes colocataires. Que tu étudies à l’UNIL ou à l’EPFL, ou que tu travailles en ville, tu bénéficieras d’une localisation stratégique, proche des universités, du centre-ville, et de nombreuses opportunités professionnelles. Entre calme résidentiel, esprit de communauté et excellente accessibilité, Xavier est l’endroit rêvé pour une nouvelle étape de vie à Lausanne. Room Estate 🏡 - Le leader du coliving en Suisse! Chez nous, tu peux simplement emménager avec ta valise et commencer à vivre - tout est prêt pour toi. Pas de paperasse, pas d'effort, pas de stress. Tout ce dont tu as besoin est déjà organisé et tous les services sont compris dans un seul prix. Coliving signifie ici un habitat simple et moderne et une véritable communauté. Profite de ta vie, nous nous occupons du reste. Bienvenue chez Room Estate - ton nouveau chez-toi en Suisse! Tu es intéressé(e)? Réserve ta place dès maintenant et mets-toi à l'aise chez nous! 🏡 Contacter l'annonceur Nom E-mail Téléphone Créer un abonnement de recherche pour les annonces similaires Veuillez patienter... Vous avez trouvé un logement? Assurez-le sur mesure. Une police unique de la Mobilière vous permet de couvrir exactement les risques que vous souhaitez, selon vos priorités, votre situation de vie et votre logement. Voir l'offre Inscrivez-vous pour annonces à Lausanne Être averti instantanément lorsque des annonces similaires à Lausanne arrivent. Créer une alerte e-mail Annonceur Room Estate AG Katzenbachstrasse 71 8052 Zürich Voir toutes les annonces Annonces similaires autour de Lausanne Location 1’000 CHF Meublé Chambre en colocation 1018 Lausanne Location 990 CHF Meublé Chambre en colocation Avenue Guillemin 6 1009 Pully Location 967 CHF Chambre en colocation Rue de Geneve 77 1004 Lausanne Afficher plus..."
      }
    },
    {
      "type": "Feature",
      "geometry": {
        "type": "Point",
        "coordinates": [
          6.61738920211792,
          46.525447845458984
        ]
      },
      "properties": {
        "source": "immobilier.ch",
        "source_section": "lausanne",
        "source_id": "1551351",
        "source_url": "https://www.immobilier.ch/fr/louer/appartement/vaud/lausanne/apleona-schweiz-ag-670/appartement-4-pieces-3eme-etage-proche-centre-ville-1551351",
        "area": "lausanne",
        "title": "Appartement de 4 pièces au 3ème étage proche du centre ville",
        "description_title": "Votre garantie de loyer",
        "price_monthly": 2245.0,
        "price_net": null,
        "charges": null,
        "currency": "CHF",
        "address": "Av. de Morges 39",
        "postal_code": "1004",
        "city": "Lausanne",
        "country": "CH",
        "latitude": 46.525447845458984,
        "longitude": 6.61738920211792,
        "location_precision": "address",
        "distance_from_lausanne_km": 1.31,
        "property_type": "apartment",
        "rooms": 4.0,
        "bedrooms": null,
        "bathrooms": null,
        "size_m2": 91.0,
        "usable_area_m2": null,
        "floor": "3ème étage",
        "furnished": null,
        "contract_type": null,
        "availability_text": "Disponible dès le 01.09.2026",
        "available_from": "2026-09-01",
        "available_now": false,
        "available_to": null,
        "minimum_months": null,
        "maximum_months": null,
        "pets": null,
        "smoking": null,
        "student_only": null,
        "gender": null,
        "minimum_age": null,
        "maximum_age": null,
        "description": "Appartement de 4 pièces au 3ème étage proche du centre ville Description du bien Bel appartement de 4 pièces situé au 3ème étage d'un immeuble paisible et proche du centre ville, ce dernier est composé de la manière suivante : Hall avec armoires Cagibi Salle de bains WC séparé Trois chambres Cuisine agencée Salon BAIL DE DUREE DETERMINEE DE 5 ANS. POSSIBILITES DE RESILIATION PAR LE LOCATAIRE PENDANT LA DUREE FIXE"
      }
    },
    {
      "type": "Feature",
      "geometry": {
        "type": "Point",
        "coordinates": [
          6.624063014984131,
          46.53034210205078
        ]
      },
      "properties": {
        "source": "flatfox",
        "source_section": "lausanne_shared",
        "source_id": "86291455",
        "source_url": "https://flatfox.ch/fr/flat/chemin-du-saleve-6-1004-lausanne/86291455",
        "area": "lausanne",
        "title": "Chambre en colocation à louer à Lausanne",
        "description_title": "Chambre à louer",
        "price_monthly": 1200.0,
        "price_net": null,
        "charges": null,
        "currency": "CHF",
        "address": "chemin du Salève, 6",
        "postal_code": "1004",
        "city": "Lausanne",
        "country": "CH",
        "latitude": 46.53034210205078,
        "longitude": 6.624063014984131,
        "location_precision": "address",
        "distance_from_lausanne_km": 1.34,
        "property_type": "private_room",
        "rooms": 1.0,
        "bedrooms": null,
        "bathrooms": null,
        "size_m2": 120.0,
        "usable_area_m2": 25.0,
        "floor": "rez-de-chaussée",
        "furnished": true,
        "contract_type": null,
        "availability_text": "Immédiatement",
        "available_from": null,
        "available_now": true,
        "available_to": null,
        "minimum_months": null,
        "maximum_months": null,
        "pets": null,
        "smoking": null,
        "student_only": null,
        "gender": null,
        "minimum_age": null,
        "maximum_age": null,
        "description": "Spacieux appartement à partager, chacun sa chambre, décoration vintage et atypique, grand salon, grande cuisine, ambiance sympathique et décontractée, quartier tranquille près du centre ville sans subir le tumulte de la ville ... Contacter l'annonceur Nom E-mail Téléphone Créer un abonnement de recherche pour les annonces similaires Veuillez patienter... Obtenez votre attestation gratuite Renforcez votre dossier de location avec l'attestation provisoire de SwissCaution. Commander maintenant Inscrivez-vous pour annonces à Lausanne Être averti instantanément lorsque des annonces similaires à Lausanne arrivent. Créer une alerte e-mail Annonces similaires autour de Lausanne Location 1’150 CHF Chambre en colocation Route du Mont 1 1008 Prilly Location 1’090 CHF Meublé Chambre en colocation 1004 Lausanne Location 1’190 CHF Meublé Chambre en colocation 1004 Lausanne Afficher plus..."
      }
    },
    {
      "type": "Feature",
      "geometry": {
        "type": "Point",
        "coordinates": [
          6.63725471496582,
          46.531394958496094
        ]
      },
      "properties": {
        "source": "flatfox",
        "source_section": "lausanne_shared",
        "source_id": "86202882",
        "source_url": "https://flatfox.ch/fr/flat/route-du-signal-12-1018-lausanne/86202882",
        "area": "lausanne",
        "title": "Chambre en colocation à louer à Lausanne",
        "description_title": "chambre dans une colocation",
        "price_monthly": 790.0,
        "price_net": 770.0,
        "charges": 20.0,
        "currency": "CHF",
        "address": "Route du Signal 12",
        "postal_code": "1018",
        "city": "Lausanne",
        "country": "CH",
        "latitude": 46.531394958496094,
        "longitude": 6.63725471496582,
        "location_precision": "address",
        "distance_from_lausanne_km": 1.35,
        "property_type": "private_room",
        "rooms": 1.0,
        "bedrooms": null,
        "bathrooms": null,
        "size_m2": null,
        "usable_area_m2": 16.0,
        "floor": "1er étage",
        "furnished": true,
        "contract_type": "temporary",
        "availability_text": "Sur demande",
        "available_from": null,
        "available_now": false,
        "available_to": null,
        "minimum_months": null,
        "maximum_months": null,
        "pets": null,
        "smoking": null,
        "student_only": null,
        "gender": null,
        "minimum_age": null,
        "maximum_age": null,
        "description": "Je sous-loue dans mon appartement une jolie chambre meublée qui se libère dès maintenant. L appartement est situé dans un endroit calme, proche de l Hermitage. On mets 10 minutes à pied pour arriver au centre-ville, place de la Riponne. Il y a une cuisine commune, un salon et 2 salle de bains à disposition. Prix de la chambre 16m2: 790.-. C'est une colocation à 4 personnes. Contacter l'annonceur Nom E-mail Téléphone Créer un abonnement de recherche pour les annonces similaires Veuillez patienter... Toujours accompagné dans vos affaires juridiques Assurance protection juridique avec consultation gratuite et prise en charge des frais de justice. Découvrez tous les avantages Inscrivez-vous pour annonces à Lausanne Être averti instantanément lorsque des annonces similaires à Lausanne arrivent. Créer une alerte e-mail Annonces similaires autour de Lausanne Location 800 CHF Meublé Chambre en colocation 1012 Lausanne Location 830 CHF TemporaireMeublé Chambre en colocation Avenue du Tir-Fédéral 1 1022 Chavannes-près-Renens Location 750 CHF Meublé Chambre en colocation 1018 Lausanne Afficher plus..."
      }
    },
    {
      "type": "Feature",
      "geometry": {
        "type": "Point",
        "coordinates": [
          6.6340460777282715,
          46.53175735473633
        ]
      },
      "properties": {
        "source": "flatfox",
        "source_section": "lausanne_shared",
        "source_id": "86236173",
        "source_url": "https://flatfox.ch/fr/flat/1018-lausanne-avenue-1018-lausanne/86236173",
        "area": "lausanne",
        "title": "Chambre en colocation à louer à Lausanne",
        "description_title": "Chambre en colocation à Lausanne",
        "price_monthly": 1000.0,
        "price_net": null,
        "charges": null,
        "currency": "CHF",
        "address": "1018 Lausanne Avenue",
        "postal_code": "1018",
        "city": "Lausanne",
        "country": "CH",
        "latitude": 46.53175735473633,
        "longitude": 6.6340460777282715,
        "location_precision": "address",
        "distance_from_lausanne_km": 1.35,
        "property_type": "private_room",
        "rooms": 1.0,
        "bedrooms": null,
        "bathrooms": null,
        "size_m2": 18.0,
        "usable_area_m2": null,
        "floor": null,
        "furnished": true,
        "contract_type": null,
        "availability_text": "Sur demande",
        "available_from": null,
        "available_now": false,
        "available_to": null,
        "minimum_months": null,
        "maximum_months": null,
        "pets": true,
        "smoking": null,
        "student_only": null,
        "gender": null,
        "minimum_age": null,
        "maximum_age": null,
        "description": "Je loue une grande chambre confortable et meublé dans mon appartement. elle dispose cuisinier entier équipé , d'une ambiance familiale et d'un emplacement idéal en plein centre de Lausanne, á 300 mètre du métro et à 8 minutes de la gare centrale Lausanne 1018 Route de Lausanne 1018. Laissez-moi un message via WhatsApp +33 6 75 48 68 57 Contacter l'annonceur Nom E-mail Téléphone Créer un abonnement de recherche pour les annonces similaires Veuillez patienter... Besoin d'aide pour déménager ? Recevez gratuitement et sans engagement 5 offres de déménagement et/ou de nettoyage. Recevoir des offres gratuites Inscrivez-vous pour annonces à Lausanne Être averti instantanément lorsque des annonces similaires à Lausanne arrivent. Créer une alerte e-mail Annonces similaires autour de Lausanne Location 1’100 CHF Meublé Chambre en colocation Route de Berne, 57 1010 Lausanne Location 1’000 CHF Meublé Chambre en colocation 1018 Lausanne Location 967 CHF Chambre en colocation Rue de Geneve 77 1004 Lausanne Afficher plus..."
      }
    },
    {
      "type": "Feature",
      "geometry": {
        "type": "Point",
        "coordinates": [
          6.615849018096924,
          46.524818420410156
        ]
      },
      "properties": {
        "source": "immobilier.ch",
        "source_section": "lausanne",
        "source_id": "1521091",
        "source_url": "https://www.immobilier.ch/fr/louer/appartement/vaud/lausanne/rudin-immobilier-sarl-1061/appartement-2eme-etage-coeur-lausanne-1521091",
        "area": "lausanne",
        "title": "Appartement au 2ème étage, au coeur de Lausanne",
        "description_title": "Votre garantie de loyer",
        "price_monthly": 3250.0,
        "price_net": null,
        "charges": null,
        "currency": "CHF",
        "address": "Chemin des Retraites 11",
        "postal_code": "1004",
        "city": "Lausanne",
        "country": "CH",
        "latitude": 46.524818420410156,
        "longitude": 6.615849018096924,
        "location_precision": "address",
        "distance_from_lausanne_km": 1.38,
        "property_type": "apartment",
        "rooms": 4.5,
        "bedrooms": null,
        "bathrooms": null,
        "size_m2": 118.0,
        "usable_area_m2": null,
        "floor": "2ème étage",
        "furnished": null,
        "contract_type": null,
        "availability_text": "Disponible de suite",
        "available_from": null,
        "available_now": true,
        "available_to": null,
        "minimum_months": null,
        "maximum_months": null,
        "pets": null,
        "smoking": null,
        "student_only": null,
        "gender": null,
        "minimum_age": null,
        "maximum_age": null,
        "description": "Appartement au 2ème étage, au coeur de Lausanne Description du bien Lausanne 1004 Lausanne se situe dans le district de Lausanne, dans le Canton de Vaud. La population dans la commune politique de Lausanne a varié au cours des cinq dernières années de +0,8% en moyenne par an, s'élevant à 144 873 habitants (Etat le 31 déc. 2024). Le taux d'imposition est de 14,2% (canton: 13,7%). Durant les cinq dernières années, la construction de logements dans la commune s'est élevée à 0,8% en moyenne par an, alors que le taux de logements vacants actuels est de 0,6% (Etat le 1er juin 2025). Appartement au 2ème étage, au coeur de Lausanne Découvrez ce superbe appartement de 4.5 pièces de 118 m² situé au 2ème étage d'un immeuble moderne construit en 2013 dans le quartier prisé de Lausanne 1004. Cet appartement lumineux et spacieux offre un cadre de vie exceptionnel dans un environnement citadin. Caractéristiques de l'appartement : Surface généreuse : 118 m² parfaitement agencés pour un confort optimal 4.5 pièces lumineuses : Espaces de vie spacieux baignés de lumière naturelle, une salle de douches avec colonne de lavage, deux chambres à coucher, une suite parentale avec une salle de bains attenante Construction récente : Immeuble de 2013 aux finitions modernes et soignées Environnement paisible : Quartier calme offrant une tranquillité appréciable Situation privilégiée : L'appartement bénéficie d'un emplacement idéal avec d'excellentes connexions de transport. L'arrêt de tram EPSIC se trouve à seulement 5 minutes à pied, tandis que l'arrêt de bus Couchirard est accessible en 3 minutes. La gare de Lausanne-Chauderon est à 10 minutes de marche, offrant une connectivité parfaite avec le reste de la région. Commodités à proximité : Le quotidien est facilité par la présence du supermarché Migros Lausanne Saint-Paul à 6 minutes à pied et de la Pharmacieplus de Prélaz à 5 minutes. L'École technique - École des métiers de Lausanne se trouve à seulement 1 minute, ce qui en fait un choix parfait pour les familles. Cet appartement représente une opportunité exceptionnelle de vivre dans l'un des quartiers les plus recherchés de Lausanne, alliant confort moderne, tranquillité et accessibilité parfaite aux transports et services. Annexes : cave charges en forfait : CHF 250.00 place de parc intérieure CHF 200.00 Loyer brut : TTC CHF 3'700.00"
      }
    },
    {
      "type": "Feature",
      "geometry": {
        "type": "Point",
        "coordinates": [
          6.615849018096924,
          46.524818420410156
        ]
      },
      "properties": {
        "source": "flatfox",
        "source_section": "lausanne_shared",
        "source_id": "86270115",
        "source_url": "https://flatfox.ch/fr/flat/chemin-des-retraites-11-1004-lausanne/86270115",
        "area": "lausanne",
        "title": "Chambre en colocation à louer à Lausanne",
        "description_title": "(Étudiant) Chambre meublée à louer – Chemin des Retraites, Lausanne",
        "price_monthly": 1250.0,
        "price_net": 1055.0,
        "charges": 195.0,
        "currency": "CHF",
        "address": "Chemin des Retraites 11",
        "postal_code": "1004",
        "city": "Lausanne",
        "country": "CH",
        "latitude": 46.524818420410156,
        "longitude": 6.615849018096924,
        "location_precision": "address",
        "distance_from_lausanne_km": 1.38,
        "property_type": "private_room",
        "rooms": 1.0,
        "bedrooms": null,
        "bathrooms": null,
        "size_m2": 99.0,
        "usable_area_m2": null,
        "floor": "1er étage",
        "furnished": true,
        "contract_type": null,
        "availability_text": "Immédiatement",
        "available_from": null,
        "available_now": true,
        "available_to": null,
        "minimum_months": null,
        "maximum_months": null,
        "pets": null,
        "smoking": null,
        "student_only": null,
        "gender": null,
        "minimum_age": null,
        "maximum_age": null,
        "description": "Furnished room for rent – Chemin des Retraites, Lausanne - Fully furnished bedroom - Private bathroom - Ideal for students at UNIL and EPFL, - 10 minutes to Lausanne Flon and to nearest metro (about 20min to UNIL Chamberonne) The room includes: Bed, desk, wardrobe, and all the furniture you need to move in right away Private toilet Access to shared areas (fully equipped kitchen, tv, living room) Rental conditions: Net rent: CHF 1,200 / month Utilities (charges): CHF 150 / month Internet (high-speed Wi-Fi): CHF 45 / month Total: CHF 1,395 / month Lease duration: 1 year Available from the 18/08/26 Roommate: Male, 20 years old, 3rd-year student at HEC Lausanne (UNIL), French-speaking. Feel free to reach out for more information or to schedule a visit. --------------------------------------------------------------------------------------------------------- Chambre meublée à louer – Chemin des Retraites, Lausanne Chambre entièrement meublée Toilettes privatives Idéal pour les étudiants de l'UNIL et de l'EPFL À 10 minutes de Lausanne Flon et de la station de métro la plus proche (environ 20 minutes de l'UNIL Chamberonne) La chambre comprend : Lit, bureau, armoire et tout le mobilier nécessaire pour s'installer immédiatement Toilettes privatives Accès aux espaces communs (cuisine entièrement équipée, salon avec TV) Conditions de location : Loyer net : 1 200 CHF / mois Charges : 150 CHF / mois Internet (Wi-Fi haut débit) : 45 CHF / mois Total : 1 395 CHF / mois Durée du bail : 1 an Disponible dès le 18/08/26 Colocataire : Homme, 20 ans, étudiant en 3ème année à HEC Lausanne (UNIL), francophone. N'hésitez pas à me contacter pour plus d'informations ou pour organiser une visite. Contacter l'annonceur Nom E-mail Téléphone Créer un abonnement de recherche pour les annonces similaires Veuillez patienter... Obtenez votre attestation gratuite Renforcez votre dossier de location avec l'attestation provisoire de SwissCaution. Commander maintenant Inscrivez-vous pour annonces à Lausanne Être averti instantanément lorsque des annonces similaires à Lausanne arrivent. Créer une alerte e-mail Annonces similaires autour de Lausanne Location 1’298 CHF Chambre en colocation Rue Saint-François 1005 Lausanne Location 1’090 CHF Meublé Chambre en colocation 1004 Lausanne Location 1’190 CHF Meublé Chambre en colocation 1004 Lausanne Afficher plus..."
      }
    },
    {
      "type": "Feature",
      "geometry": {
        "type": "Point",
        "coordinates": [
          6.618001937866211,
          46.527400970458984
        ]
      },
      "properties": {
        "source": "immobilier.ch",
        "source_section": "lausanne",
        "source_id": "1560106",
        "source_url": "https://www.immobilier.ch/fr/louer/appartement/vaud/lausanne/regie-chamot-cie-277/lausanne-proche-centre-ville-parc-valency-35-pieces-entierement-renove-1560106",
        "area": "lausanne",
        "title": "Lausanne, proche du centre ville et du parc de Valency 3.5 pièces entièrement rénové",
        "description_title": null,
        "price_monthly": 1650.0,
        "price_net": null,
        "charges": null,
        "currency": "CHF",
        "address": "Echallens 60",
        "postal_code": "1004",
        "city": "Lausanne",
        "country": "CH",
        "latitude": 46.527400970458984,
        "longitude": 6.618001937866211,
        "location_precision": "address",
        "distance_from_lausanne_km": 1.39,
        "property_type": "apartment",
        "rooms": 3.5,
        "bedrooms": 2.0,
        "bathrooms": null,
        "size_m2": null,
        "usable_area_m2": null,
        "floor": "3e étage",
        "furnished": null,
        "contract_type": null,
        "availability_text": "Disponible dès le 15.09.2026",
        "available_from": "2026-09-15",
        "available_now": false,
        "available_to": null,
        "minimum_months": null,
        "maximum_months": null,
        "pets": null,
        "smoking": null,
        "student_only": null,
        "gender": null,
        "minimum_age": null,
        "maximum_age": null,
        "description": null
      }
    },
    {
      "type": "Feature",
      "geometry": {
        "type": "Point",
        "coordinates": [
          6.618321895599365,
          46.52778244018555
        ]
      },
      "properties": {
        "source": "immobilier.ch",
        "source_section": "lausanne",
        "source_id": "1544850",
        "source_url": "https://www.immobilier.ch/fr/louer/appartement/vaud/lausanne/spg-locations-generales-490/bel-appartement-lausanne-1544850",
        "area": "lausanne",
        "title": "Bel appartement - Lausanne",
        "description_title": "Votre garantie de loyer",
        "price_monthly": 1650.0,
        "price_net": null,
        "charges": null,
        "currency": "CHF",
        "address": "Avenue de France 47",
        "postal_code": "1004",
        "city": "Lausanne",
        "country": "CH",
        "latitude": 46.52778244018555,
        "longitude": 6.618321895599365,
        "location_precision": "address",
        "distance_from_lausanne_km": 1.4,
        "property_type": "apartment",
        "rooms": 2.0,
        "bedrooms": 1.0,
        "bathrooms": null,
        "size_m2": 51.0,
        "usable_area_m2": null,
        "floor": "3e étage",
        "furnished": null,
        "contract_type": null,
        "availability_text": null,
        "available_from": null,
        "available_now": null,
        "available_to": null,
        "minimum_months": null,
        "maximum_months": null,
        "pets": null,
        "smoking": null,
        "student_only": null,
        "gender": null,
        "minimum_age": null,
        "maximum_age": null,
        "description": "Bel appartement - Lausanne Description du bien Bel appartement de 2 pièces au 3e étage situé proche de toutes commoditées. Loyer mensuel : CHF 1'650.00 + CHF 130.00 = CHF 1'780.00 Disponibilité : 15 août 2026 Visite groupée le jeudi 3 septembre 2026 à 17h00 - Emplacement stratégique - Vue sur le lac - Au 3ème étage - Bon état - Balcon"
      }
    },
    {
      "type": "Feature",
      "geometry": {
        "type": "Point",
        "coordinates": [
          6.614904403686523,
          46.52396011352539
        ]
      },
      "properties": {
        "source": "immobilier.ch",
        "source_section": "lausanne",
        "source_id": "1496582",
        "source_url": "https://www.immobilier.ch/fr/louer/appartement/vaud/lausanne/rilsa-288/appartement-25-pieces-mezzanine-lausanne-1496582",
        "area": "lausanne",
        "title": "Appartement de 2.5 pièces avec mezzanine - Lausanne",
        "description_title": "Votre garantie de loyer",
        "price_monthly": 2142.0,
        "price_net": null,
        "charges": null,
        "currency": "CHF",
        "address": "Avenue de Sévelin 15",
        "postal_code": "1004",
        "city": "Lausanne",
        "country": "CH",
        "latitude": 46.52396011352539,
        "longitude": 6.614904403686523,
        "location_precision": "address",
        "distance_from_lausanne_km": 1.41,
        "property_type": "apartment",
        "rooms": 2.5,
        "bedrooms": null,
        "bathrooms": null,
        "size_m2": 62.0,
        "usable_area_m2": null,
        "floor": "3ème étage",
        "furnished": null,
        "contract_type": null,
        "availability_text": "Disponible de suite",
        "available_from": null,
        "available_now": true,
        "available_to": null,
        "minimum_months": null,
        "maximum_months": null,
        "pets": null,
        "smoking": null,
        "student_only": null,
        "gender": null,
        "minimum_age": null,
        "maximum_age": null,
        "description": "Appartement de 2.5 pièces avec mezzanine - Lausanne Description du bien Bienvenue à Halle 15 ! Halle 15 est idéalement situé pour étudier, travailler ou sortir. Le métro (m1), bus (16 et 18) sont à quelques minutes à pied vous amenant directement au centre-ville de Lausanne ou direction les universités de Lausanne et jusqu'à Renens. Nouveau bâtiment industriel de 2021 entièrement rénové avec du cachet dans le quartier de Sébeillon au coeur de Lausanne. Nous vous proposons un loft moderne dans les combles, un espace de vie unique avec des hauteurs de plafond de 3m minimum, de larges pièces à vivre et de larges fenêtres saura correspondre à votre style de vie. Le loft comprend : un hall, une pièce ouverte sur la cuisine entièrement agencée, une mezzanine, une salle de douche ainsi qu'un balcon. Vous pourrez gérer votre quotidien (buanderie, stores, interphone, chauffage) depuis votre smartphone en utilisant les plateformes e-SMART et e-property. Un parking souterrain, des places pour voitures électriques et un local vélo fermé sont à votre disposition. Vidéo promotionnelle du quartier : https://www.youtube.com/watch?v=RqphaEICfx8 Place de parc à CHF 210.00/mois en sus."
      }
    },
    {
      "type": "Feature",
      "geometry": {
        "type": "Point",
        "coordinates": [
          6.616907119750977,
          46.52676010131836
        ]
      },
      "properties": {
        "source": "immobilier.ch",
        "source_section": "lausanne",
        "source_id": "1555116",
        "source_url": "https://www.immobilier.ch/fr/louer/appartement/vaud/lausanne/rham-location-residentielle-787/appartement-25-pieces-centre-ville-1555116",
        "area": "lausanne",
        "title": "Appartement de 2.5 pièces au centre-ville",
        "description_title": "Votre garantie de loyer",
        "price_monthly": 905.0,
        "price_net": null,
        "charges": null,
        "currency": "CHF",
        "address": "Avenue Frédéric-Recordon 6",
        "postal_code": "1004",
        "city": "Lausanne",
        "country": "CH",
        "latitude": 46.52676010131836,
        "longitude": 6.616907119750977,
        "location_precision": "address",
        "distance_from_lausanne_km": 1.42,
        "property_type": "apartment",
        "rooms": 2.5,
        "bedrooms": null,
        "bathrooms": null,
        "size_m2": 46.0,
        "usable_area_m2": null,
        "floor": "Rez-de-chaussée",
        "furnished": null,
        "contract_type": null,
        "availability_text": "Disponible dès le 01.09.2026",
        "available_from": "2026-09-01",
        "available_now": false,
        "available_to": null,
        "minimum_months": null,
        "maximum_months": null,
        "pets": null,
        "smoking": null,
        "student_only": null,
        "gender": null,
        "minimum_age": null,
        "maximum_age": null,
        "description": "Appartement de 2.5 pièces au centre-ville Description du bien Appartement à louer pour une période fixe du 01.09.2026 au 31.03.2027 - AUCUN RENOUVELLEMENT POSSIBLE (bail de durée déterminée) Ce quartier charmant bénéficie de l'aura du parc de Valency, un des plus jolis parcs de Lausanne. Une ambiance bon enfant qui vous séduira, à un jet de pierre du centre-ville. Le logement se compose de la manière suivante: - Hall d'entrée - Cuisine agencée et fermée - Séjour - Salle de bains / WC - Chambre à coucher - Cave Pour toute information complémentaire sur ce bien ou pour organiser une visite, nous vous invitons à remplir le formulaire de contact."
      }
    },
    {
      "type": "Feature",
      "geometry": {
        "type": "Point",
        "coordinates": [
          6.61480188369751,
          46.52457046508789
        ]
      },
      "properties": {
        "source": "immobilier.ch",
        "source_section": "lausanne",
        "source_id": "736582",
        "source_url": "https://www.immobilier.ch/fr/louer/appartement/vaud/lausanne/regimo-lausanne-865/chambres-meublees-etudiant-proche-flon-student-home-736582",
        "area": "lausanne",
        "title": "Chambres meublées pour étudiant proche du Flon (student home)",
        "description_title": "Votre garantie de loyer",
        "price_monthly": 965.0,
        "price_net": null,
        "charges": null,
        "currency": "CHF",
        "address": "Rue de Genève 75",
        "postal_code": "1004",
        "city": "Lausanne",
        "country": "CH",
        "latitude": 46.52457046508789,
        "longitude": 6.61480188369751,
        "location_precision": "address",
        "distance_from_lausanne_km": 1.44,
        "property_type": "private_room",
        "rooms": 1.0,
        "bedrooms": null,
        "bathrooms": null,
        "size_m2": 12.0,
        "usable_area_m2": null,
        "floor": "1er étage",
        "furnished": true,
        "contract_type": null,
        "availability_text": "Disponible de suite",
        "available_from": null,
        "available_now": true,
        "available_to": null,
        "minimum_months": null,
        "maximum_months": null,
        "pets": null,
        "smoking": null,
        "student_only": null,
        "gender": null,
        "minimum_age": null,
        "maximum_age": null,
        "description": "Chambres meublées pour étudiant proche du Flon (student home) Description du bien Louer sans caution - Chambre pour étudiant proche du Flon (For English see below) Location de chambres indépendantes meublées à Lausanne. Idéales pour étudiants de l'ECAL, EPFL ou de l'UNIL. L'immeuble est situé à 10 minutes à pied de la place du Flon et bénéficie d'un emplacement privilégié proche de toutes commodités. Divers commerces se trouvent aux alentours, arrêt de bus à 100 mètres et station de métro à 500 mètres. Pour votre qualité de vie : - une chambre individuelle meublée avec literie de qualité, table de nuit, bureau, chaises et armoire - une grande cuisine commune avec rangements individuels - plusieurs espaces de rangement individuels et sécurisés - six douches-WC (hommes - femmes séparés, maximum 3 personnes par salle de douche) - Wifi - un espace détente - une salle de travail - une salle à manger - service de nettoyage bihebdomadaire dans les espaces communs - une buanderie disponible 7 jours sur 7 Notre offre, votre avantage : A LOUER SANS GARANTIE DE LOYER Pour la location de ce bien, vous ne devrez pas verser les trois mois de loyer sur un compte bancaire bloqué ni souscrire une garantie via une société de cautionnement. Votre argent reste donc disponible, car il ne sera pas immobilisé le temps de la durée du bail à loyer. L'offre \"A louer sans garantie de loyer\" est de facto gratuitement activée lors de la conclusion du contrat de bail. Pour en savoir plus, consultez notre dépliant Louer sans garantie de loyer. Intéressé ? La visite vaut le détour. Merci de contacter M. Navarro par Sauf erreur et omission. Photos et descriptif non contractuels. *** Rental of independent furnished rooms in Lausanne. Ideal for students of ECAL, EPFL or UNIL. The building is located 10 minutes walk from the Place du Flon and benefits from a privileged location close to all amenities. Various shops are nearby, bus stop 100 metres away and metro station 500 metres away. Your rent : - a single room with quality bedding, nightstand, desk, chairs and a cupboard - a large common kitchen with individual storage space - several individual and secure storage spaces - six WC & showers (male - female separate, maximum 3 people sharing the same bathroom) - wifi - a relaxation area - a working room - a dining room - bi-weekly cleaning service in the common areas - a laundry room available 7 days a week Interested? It is worth a visit."
      }
    },
    {
      "type": "Feature",
      "geometry": {
        "type": "Point",
        "coordinates": [
          6.61480188369751,
          46.52457046508789
        ]
      },
      "properties": {
        "source": "immobilier.ch",
        "source_section": "lausanne",
        "source_id": "1213471",
        "source_url": "https://www.immobilier.ch/fr/louer/appartement/vaud/lausanne/regimo-lausanne-865/louer-sans-caution-chambre-etudiant-proche-flon-1213471",
        "area": "lausanne",
        "title": "Louer sans caution - Chambre pour étudiant proche du Flon",
        "description_title": "Votre garantie de loyer",
        "price_monthly": 965.0,
        "price_net": null,
        "charges": null,
        "currency": "CHF",
        "address": "Rue de Genève 75",
        "postal_code": "1004",
        "city": "Lausanne",
        "country": "CH",
        "latitude": 46.52457046508789,
        "longitude": 6.61480188369751,
        "location_precision": "address",
        "distance_from_lausanne_km": 1.44,
        "property_type": "private_room",
        "rooms": 1.0,
        "bedrooms": null,
        "bathrooms": null,
        "size_m2": 12.0,
        "usable_area_m2": null,
        "floor": "1er étage",
        "furnished": true,
        "contract_type": null,
        "availability_text": "Disponible dès le 01.10.2026",
        "available_from": "2026-10-01",
        "available_now": false,
        "available_to": null,
        "minimum_months": null,
        "maximum_months": null,
        "pets": null,
        "smoking": null,
        "student_only": null,
        "gender": null,
        "minimum_age": null,
        "maximum_age": null,
        "description": "Louer sans caution - Chambre pour étudiant proche du Flon Description du bien Louer sans caution - Chambre pour étudiant proche du Flon Location de chambres indépendantes meublées à Lausanne. Idéales pour étudiants de l'ECAL, EPFL ou de l'UNIL. L'immeuble est situé à 10 minutes à pied de la place du Flon et bénéficie d'un emplacement privilégié proche de toutes commodités. Divers commerces se trouvent aux alentours, arrêt de bus à 100 mètres et station de métro à 500 mètres. Pour la qualité de votre logement : - une chambre individuelle meublée avec literie de qualité, table de nuit, bureau, chaises et armoire - une grande cuisine commune avec rangements individuels - plusieurs espaces de rangement individuels et sécurisés - six douches-WC (hommes - femmes séparés, maximum 3 personnes par salle de douche) - Wifi - un espace détente - une salle de travail - une salle à manger - service de nettoyage bihebdomadaire dans les espaces communs - une buanderie disponible 7 jours sur 7 Notre offre, votre avantage : A LOUER SANS GARANTIE DE LOYER Pour la location de ce bien, vous ne devrez pas verser les trois mois de loyer sur un compte bancaire bloqué ni souscrire une garantie via une société de cautionnement. Votre argent reste donc disponible, car il ne sera pas immobilisé le temps de la durée du bail à loyer. L'offre \"A louer sans garantie de loyer\" est de facto gratuitement activée lors de la conclusion du contrat de bail. Intéressé ? La visite vaut le détour. Sauf erreur et omission. Photos et descriptif non contractuels. ***"
      }
    },
    {
      "type": "Feature",
      "geometry": {
        "type": "Point",
        "coordinates": [
          6.61480188369751,
          46.52457046508789
        ]
      },
      "properties": {
        "source": "immobilier.ch",
        "source_section": "lausanne",
        "source_id": "1532987",
        "source_url": "https://www.immobilier.ch/fr/louer/appartement/vaud/lausanne/regimo-lausanne-865/louer-sans-caution-appartement-urbain-moderne-1532987",
        "area": "lausanne",
        "title": "A louer sans caution - Appartement urbain et moderne",
        "description_title": "Votre garantie de loyer",
        "price_monthly": 1380.0,
        "price_net": null,
        "charges": null,
        "currency": "CHF",
        "address": "Rue de Genève 75",
        "postal_code": "1004",
        "city": "Lausanne",
        "country": "CH",
        "latitude": 46.52457046508789,
        "longitude": 6.61480188369751,
        "location_precision": "address",
        "distance_from_lausanne_km": 1.44,
        "property_type": "apartment",
        "rooms": 2.5,
        "bedrooms": null,
        "bathrooms": null,
        "size_m2": 46.0,
        "usable_area_m2": null,
        "floor": "4ème étage",
        "furnished": null,
        "contract_type": null,
        "availability_text": "Disponible dès le 01.10.2026",
        "available_from": "2026-10-01",
        "available_now": false,
        "available_to": null,
        "minimum_months": null,
        "maximum_months": null,
        "pets": null,
        "smoking": null,
        "student_only": null,
        "gender": null,
        "minimum_age": null,
        "maximum_age": null,
        "description": "A louer sans caution - Appartement urbain et moderne Description du bien Ce logement moderne est situé au coeur d'un quartier qui, au fil du développement urbain de la ville n'a cessé de se métamorphoser. Pratique car l'emplacement est très bien desservi par les transports en commun. Idéal pour toute personne désirant vivre dans un environnement dynamique. Pour votre qualité de vie : - Une cuisine agencée - Un séjour - Une chambre à coucher - Une salle de bain - Un balcon Pas de place de parc disponible. Notre offre, votre avantage : A LOUER SANS GARANTIE DE LOYER Pour la location de ce bien, vous ne devrez pas verser les trois mois de loyer sur un compte bancaire bloqué ni souscrire une garantie via une société de cautionnement. Votre argent reste donc disponible, car il ne sera pas immobilisé le temps de la durée du bail à loyer. L'offre \"A louer sans garantie de loyer\" est de facto gratuitement activée lors de la conclusion du contrat de bail. Pour en savoir plus : Louer sans garantie de loyer. Intéressé(e) ? La visite vaut le détour. Sauf erreur et omission. Photo et descriptif non contractuels."
      }
    },
    {
      "type": "Feature",
      "geometry": {
        "type": "Point",
        "coordinates": [
          6.6182966232299805,
          46.528343200683594
        ]
      },
      "properties": {
        "source": "immobilier.ch",
        "source_section": "lausanne",
        "source_id": "1522419",
        "source_url": "https://www.immobilier.ch/fr/louer/appartement/vaud/lausanne/regie-privee-1300/magnifique-triplex-grand-jardin-centre-lausanne-1522419",
        "area": "lausanne",
        "title": "Magnifique triplex avec grand jardin au centre de Lausanne",
        "description_title": null,
        "price_monthly": 6000.0,
        "price_net": null,
        "charges": null,
        "currency": "CHF",
        "address": "Avenue de France 62",
        "postal_code": "1004",
        "city": "Lausanne",
        "country": "CH",
        "latitude": 46.528343200683594,
        "longitude": 6.6182966232299805,
        "location_precision": "address",
        "distance_from_lausanne_km": 1.44,
        "property_type": "apartment",
        "rooms": 6.5,
        "bedrooms": 4.0,
        "bathrooms": 3.0,
        "size_m2": null,
        "usable_area_m2": null,
        "floor": "1er étage",
        "furnished": false,
        "contract_type": null,
        "availability_text": "Disponible de suite",
        "available_from": null,
        "available_now": true,
        "available_to": null,
        "minimum_months": null,
        "maximum_months": null,
        "pets": null,
        "smoking": null,
        "student_only": null,
        "gender": null,
        "minimum_age": null,
        "maximum_age": null,
        "description": null
      }
    },
    {
      "type": "Feature",
      "geometry": {
        "type": "Point",
        "coordinates": [
          6.632917404174805,
          46.532718658447266
        ]
      },
      "properties": {
        "source": "flatfox",
        "source_section": "lausanne_shared",
        "source_id": "86222981",
        "source_url": "https://flatfox.ch/fr/flat/route-aloys-fauquez-23-1018-lausanne/86222981",
        "area": "lausanne",
        "title": "Chambre en colocation à louer à Lausanne",
        "description_title": "Bonjour,",
        "price_monthly": 1090.0,
        "price_net": null,
        "charges": null,
        "currency": "CHF",
        "address": "Route Aloys-Fauquez 23",
        "postal_code": "1018",
        "city": "Lausanne",
        "country": "CH",
        "latitude": 46.532718658447266,
        "longitude": 6.632917404174805,
        "location_precision": "address",
        "distance_from_lausanne_km": 1.45,
        "property_type": "private_room",
        "rooms": 1.0,
        "bedrooms": null,
        "bathrooms": null,
        "size_m2": 110.0,
        "usable_area_m2": null,
        "floor": null,
        "furnished": true,
        "contract_type": null,
        "availability_text": "Immédiatement",
        "available_from": null,
        "available_now": true,
        "available_to": null,
        "minimum_months": null,
        "maximum_months": null,
        "pets": null,
        "smoking": null,
        "student_only": null,
        "gender": null,
        "minimum_age": null,
        "maximum_age": null,
        "description": "Nous vous proposons de rejoindre la colocation de Aloys Fauquez, une grande colocation de 4 chambre situé au deuxième étage d'un bâtiment de deux appartements. L'appartement comporte une salle à mangé séparée, un salon, un petit balcon, 2 toilettes séparées en plus d'une salle de bain commune. La salle de bain est séparé en deux partie une baignoire douche ainsi qu'une douche. La colocation est composée de jeunes actifs dans une ambiance internationale. La chambre est entièrement meublée ainsi bien sûr que tout les communs. N'hésitez pas à nous contacter pour venir visiter se sera avec grand plaisir Stéphane Contacter l'annonceur Nom E-mail Téléphone Créer un abonnement de recherche pour les annonces similaires Veuillez patienter... Besoin d'aide pour déménager ? Recevez gratuitement et sans engagement 5 offres de déménagement et/ou de nettoyage. Recevoir des offres gratuites Inscrivez-vous pour annonces à Lausanne Être averti instantanément lorsque des annonces similaires à Lausanne arrivent. Créer une alerte e-mail Annonces similaires autour de Lausanne Location 1’100 CHF Meublé Chambre en colocation Route de Berne, 57 1010 Lausanne Location 1’000 CHF Meublé Chambre en colocation 1018 Lausanne Location 1’090 CHF Meublé Chambre en colocation 1004 Lausanne Afficher plus..."
      }
    },
    {
      "type": "Feature",
      "geometry": {
        "type": "Point",
        "coordinates": [
          6.6146087646484375,
          46.52461624145508
        ]
      },
      "properties": {
        "source": "flatfox",
        "source_section": "lausanne_shared",
        "source_id": "86172029",
        "source_url": "https://flatfox.ch/fr/flat/rue-de-geneve-77-1004-lausanne/86172029",
        "area": "lausanne",
        "title": "Chambre en colocation à louer à Lausanne",
        "description_title": "Chambre en colocation à Lausanne",
        "price_monthly": 880.0,
        "price_net": null,
        "charges": null,
        "currency": "CHF",
        "address": "Rue de Genève 77",
        "postal_code": "1004",
        "city": "Lausanne",
        "country": "CH",
        "latitude": 46.52461624145508,
        "longitude": 6.6146087646484375,
        "location_precision": "address",
        "distance_from_lausanne_km": 1.46,
        "property_type": "private_room",
        "rooms": 1.0,
        "bedrooms": null,
        "bathrooms": null,
        "size_m2": 15.0,
        "usable_area_m2": null,
        "floor": null,
        "furnished": null,
        "contract_type": null,
        "availability_text": "Sur demande",
        "available_from": null,
        "available_now": false,
        "available_to": null,
        "minimum_months": null,
        "maximum_months": null,
        "pets": null,
        "smoking": null,
        "student_only": null,
        "gender": null,
        "minimum_age": null,
        "maximum_age": null,
        "description": "Vermietung eines sehr komfortablen Zimmers für einen Kurzaufenthalt oder als Wohnraum Contacter l'annonceur Nom E-mail Téléphone Créer un abonnement de recherche pour les annonces similaires Veuillez patienter... Besoin d'aide pour déménager ? Recevez gratuitement et sans engagement 5 offres de déménagement et/ou de nettoyage. Recevoir des offres gratuites Inscrivez-vous pour annonces à Lausanne Être averti instantanément lorsque des annonces similaires à Lausanne arrivent. Créer une alerte e-mail Annonces similaires autour de Lausanne Afficher plus..."
      }
    },
    {
      "type": "Feature",
      "geometry": {
        "type": "Point",
        "coordinates": [
          6.6146087646484375,
          46.52461624145508
        ]
      },
      "properties": {
        "source": "flatfox",
        "source_section": "lausanne_shared",
        "source_id": "86218966",
        "source_url": "https://flatfox.ch/fr/flat/rue-de-geneve-77-1004-lausanne/86218966",
        "area": "lausanne",
        "title": "Chambre en colocation à louer à Lausanne",
        "description_title": "Chambre en colocation disponible dès le 1er septembre 2026",
        "price_monthly": 967.0,
        "price_net": null,
        "charges": null,
        "currency": "CHF",
        "address": "Rue de Geneve 77",
        "postal_code": "1004",
        "city": "Lausanne",
        "country": "CH",
        "latitude": 46.52461624145508,
        "longitude": 6.6146087646484375,
        "location_precision": "address",
        "distance_from_lausanne_km": 1.46,
        "property_type": "private_room",
        "rooms": 1.0,
        "bedrooms": null,
        "bathrooms": null,
        "size_m2": 90.0,
        "usable_area_m2": null,
        "floor": "3e sous-sol",
        "furnished": true,
        "contract_type": null,
        "availability_text": "Sur demande",
        "available_from": null,
        "available_now": false,
        "available_to": null,
        "minimum_months": null,
        "maximum_months": null,
        "pets": null,
        "smoking": null,
        "student_only": null,
        "gender": null,
        "minimum_age": null,
        "maximum_age": null,
        "description": "Salut à tous ! Je cherche une personne pour reprendre ma chambre dans une superbe colocation à partir du 1er septembre 2026. L'appartement est idéalement situé et permet de rejoindre rapidement le centre-ville. Très spacieux, il dispose d'un grand salon avec une cuisine ouverte, parfait pour cuisiner ensemble, passer des soirées conviviales ou recevoir des amis. L'appartement comprend également une grande salle de bain, des toilettes séparées pour les invités ainsi qu'un grand balcon, idéal pour profiter des beaux jours. Tu partageras l'appartement avec deux jeunes professionnels sympathiques, détendus et respectueux. L'ambiance est conviviale : chacun apprécie passer du temps ensemble de temps en temps, tout en respectant l'espace et l'intimité de chacun. Nous recherchons une personne propre, ordonnée, sociable et respectueuse, qui souhaite s'intégrer dans une colocation agréable. Si cette colocation t'intéresse, envoie-nous un message en te présentant en quelques lignes. Nous serons ravis de faire ta connaissance ! Contacter l'annonceur Nom E-mail Téléphone Créer un abonnement de recherche pour les annonces similaires Veuillez patienter... Obtenez votre attestation gratuite Renforcez votre dossier de location avec l'attestation provisoire de SwissCaution. Commander maintenant Inscrivez-vous pour annonces à Lausanne Être averti instantanément lorsque des annonces similaires à Lausanne arrivent. Créer une alerte e-mail Annonces similaires autour de Lausanne Location 1’000 CHF Meublé Chambre en colocation 1018 Lausanne Location 880 CHF Chambre en colocation Rue de Genève 77 1004 Lausanne Location 1’090 CHF Meublé Chambre en colocation 1004 Lausanne Afficher plus..."
      }
    },
    {
      "type": "Feature",
      "geometry": {
        "type": "Point",
        "coordinates": [
          6.6166157722473145,
          46.527584075927734
        ]
      },
      "properties": {
        "source": "immobilier.ch",
        "source_section": "lausanne",
        "source_id": "1556354",
        "source_url": "https://www.immobilier.ch/fr/louer/appartement/vaud/lausanne/livit-ag-real-estate-management-675/charmant-2-pieces-proche-centre-ville-1556354",
        "area": "lausanne",
        "title": "Charmant 2 pièces proche du centre ville",
        "description_title": "Votre garantie de loyer",
        "price_monthly": 1445.0,
        "price_net": null,
        "charges": null,
        "currency": "CHF",
        "address": "Avenue d'Echallens 61",
        "postal_code": "1004",
        "city": "Lausanne",
        "country": "CH",
        "latitude": 46.527584075927734,
        "longitude": 6.6166157722473145,
        "location_precision": "address",
        "distance_from_lausanne_km": 1.49,
        "property_type": "apartment",
        "rooms": 2.0,
        "bedrooms": null,
        "bathrooms": null,
        "size_m2": 55.0,
        "usable_area_m2": null,
        "floor": null,
        "furnished": null,
        "contract_type": null,
        "availability_text": "Disponible de suite",
        "available_from": null,
        "available_now": true,
        "available_to": null,
        "minimum_months": null,
        "maximum_months": null,
        "pets": null,
        "smoking": null,
        "student_only": null,
        "gender": null,
        "minimum_age": null,
        "maximum_age": null,
        "description": "Charmant 2 pièces proche du centre ville Description du bien Nous proposons cet appartement situé dans un immeuble entièrement rénové et proche de toutes les commodités qui est disposé de la manière suivante : - Hall d'entrée avec armoires murales - Séjour/espace à manger avec parquet et balcon - Cuisine entièrement agencée - Chambre avec parquet - Salle de bain - Cave - Ascenseurs - Buanderie commune - Interphone Possibilité de louer une place de parc intérieure à CHF 180.00/mois. Idéalement situé vous rejoindrez la gare ainsi que le centre-ville en bus, arrêt à proximité. Vous y trouverez de nombreux commerces, restaurants et bars. Avons-nous attiré votre intérêt ? Contactez-nous directement dans l'annonce via \"Contacter l’annonceur\". Vous recevrez ensuite un mail automatisé contenant les informations relatives à la visite ainsi qu’un lien pour postuler directement en ligne après la visite et/ou nous poser vos questions."
      }
    },
    {
      "type": "Feature",
      "geometry": {
        "type": "Point",
        "coordinates": [
          6.618179798126221,
          46.52915954589844
        ]
      },
      "properties": {
        "source": "immobilier.ch",
        "source_section": "lausanne",
        "source_id": "1561406",
        "source_url": "https://www.immobilier.ch/fr/louer/appartement/vaud/lausanne/myhome-immobilier-jcm-517/spacieux-appartement-15-piece-louer-lausanne-1561406",
        "area": "lausanne",
        "title": "Spacieux appartement de 1.5 pièce à louer à Lausanne",
        "description_title": "Spacieux appartement de 1.5 pièce à louer à Lausanne",
        "price_monthly": null,
        "price_net": null,
        "charges": null,
        "currency": "CHF",
        "address": "Chemin de Montétan 9",
        "postal_code": "1004",
        "city": "Lausanne",
        "country": "CH",
        "latitude": 46.52915954589844,
        "longitude": 6.618179798126221,
        "location_precision": "address",
        "distance_from_lausanne_km": 1.51,
        "property_type": "apartment",
        "rooms": 1.5,
        "bedrooms": null,
        "bathrooms": null,
        "size_m2": 43.0,
        "usable_area_m2": null,
        "floor": "Rez-de-chaussée",
        "furnished": null,
        "contract_type": null,
        "availability_text": "Disponible dès le 01.09.2026",
        "available_from": "2026-09-01",
        "available_now": false,
        "available_to": null,
        "minimum_months": null,
        "maximum_months": null,
        "pets": null,
        "smoking": null,
        "student_only": null,
        "gender": null,
        "minimum_age": null,
        "maximum_age": null,
        "description": "Description du bien Situé au coeur d'un quartier recherché de Lausanne, cet appartement de 1.5 pièce offre un cadre de vie fonctionnel et confortable avec pour principal atout une grade terrasse privative. L'immeuble bénéficie d'une situation pratique avec les transports publics à proximité immédiate. Le centre-ville et la gare de Lausanne sont facilement accessibles. Les commerces, supermarchés et structures sportives se trouvent également à quelques minutes à pied. Le bien est composé comme suit : - cuisine entièrement agencée, elle fait l'objet d'une rénovation complète - grande et lumineuse pièce à vivre - salle de bain - terrasse privative"
      }
    },
    {
      "type": "Feature",
      "geometry": {
        "type": "Point",
        "coordinates": [
          6.615784645080566,
          46.52732467651367
        ]
      },
      "properties": {
        "source": "immobilier.ch",
        "source_section": "lausanne",
        "source_id": "1555554",
        "source_url": "https://www.immobilier.ch/fr/louer/appartement/vaud/lausanne/caisse-pensions-migros-ecublens-1557/visite-gorupee-2708-17h00-18h00-1555554",
        "area": "lausanne",
        "title": "VISITE GORUPÉE 27.08 DE 17H00 À 18H00",
        "description_title": "Votre garantie de loyer",
        "price_monthly": 1550.0,
        "price_net": null,
        "charges": null,
        "currency": "CHF",
        "address": "Av. Frédéric-Recordon 32",
        "postal_code": "1004",
        "city": "Lausanne",
        "country": "CH",
        "latitude": 46.52732467651367,
        "longitude": 6.615784645080566,
        "location_precision": "address",
        "distance_from_lausanne_km": 1.52,
        "property_type": "apartment",
        "rooms": 3.5,
        "bedrooms": 2.0,
        "bathrooms": null,
        "size_m2": 75.0,
        "usable_area_m2": null,
        "floor": "1er étage",
        "furnished": null,
        "contract_type": null,
        "availability_text": "Disponible de suite",
        "available_from": null,
        "available_now": true,
        "available_to": null,
        "minimum_months": null,
        "maximum_months": null,
        "pets": null,
        "smoking": null,
        "student_only": null,
        "gender": null,
        "minimum_age": null,
        "maximum_age": null,
        "description": "VISITE GORUPÉE 27.08 DE 17H00 À 18H00 Description du bien Joli appartement dans un vieil immeuble, comprenant : - un hall avec armoires - cuisine agencée - séjour et salle à manger - 2 chambres - petit balcon - salle de bains-WC - 1 cave"
      }
    },
    {
      "type": "Feature",
      "geometry": {
        "type": "Point",
        "coordinates": [
          6.616564750671387,
          46.528011322021484
        ]
      },
      "properties": {
        "source": "immobilier.ch",
        "source_section": "lausanne",
        "source_id": "1537358",
        "source_url": "https://www.immobilier.ch/fr/louer/appartement/vaud/lausanne/galland-cie-254/appartement-3-pieces-3eme-etage-1537358",
        "area": "lausanne",
        "title": "Appartement de 3 pièces au 3ème étage",
        "description_title": "Votre garantie de loyer",
        "price_monthly": 1750.0,
        "price_net": null,
        "charges": null,
        "currency": "CHF",
        "address": "Avenue d'Echallens 70",
        "postal_code": "1004",
        "city": "Lausanne",
        "country": "CH",
        "latitude": 46.528011322021484,
        "longitude": 6.616564750671387,
        "location_precision": "address",
        "distance_from_lausanne_km": 1.52,
        "property_type": "apartment",
        "rooms": 3.0,
        "bedrooms": null,
        "bathrooms": null,
        "size_m2": 70.0,
        "usable_area_m2": null,
        "floor": "3ème étage",
        "furnished": null,
        "contract_type": null,
        "availability_text": "Disponible dès le 15.09.2026",
        "available_from": "2026-09-15",
        "available_now": false,
        "available_to": null,
        "minimum_months": null,
        "maximum_months": null,
        "pets": null,
        "smoking": null,
        "student_only": null,
        "gender": null,
        "minimum_age": null,
        "maximum_age": null,
        "description": "Appartement de 3 pièces au 3ème étage Description du bien Immeuble situé proche de toutes les commodités ainsi que des commerces tel que : DENNER. MIGROS, les pharmacies, La Poste, LEB et bus TL. L'arrêt du LEB à destination du Flon est joignable en 2 minutes à pied. Le logement se compose comme suit : séjour, cuisine, chambres à coucher, salle de bains"
      }
    },
    {
      "type": "Feature",
      "geometry": {
        "type": "Point",
        "coordinates": [
          6.613147735595703,
          46.524269104003906
        ]
      },
      "properties": {
        "source": "flatfox",
        "source_section": "lausanne_shared",
        "source_id": "86278046",
        "source_url": "https://flatfox.ch/fr/flat/avenue-de-sevelin-13c-1004-lausanne/86278046",
        "area": "lausanne",
        "title": "Chambre en colocation à louer à Lausanne",
        "description_title": "Sous-location",
        "price_monthly": 950.0,
        "price_net": null,
        "charges": null,
        "currency": "CHF",
        "address": "Avenue de Sévelin 13C",
        "postal_code": "1004",
        "city": "Lausanne",
        "country": "CH",
        "latitude": 46.524269104003906,
        "longitude": 6.613147735595703,
        "location_precision": "address",
        "distance_from_lausanne_km": 1.55,
        "property_type": "private_room",
        "rooms": 1.0,
        "bedrooms": null,
        "bathrooms": null,
        "size_m2": null,
        "usable_area_m2": null,
        "floor": "1er étage",
        "furnished": true,
        "contract_type": "temporary",
        "availability_text": "Sur demande",
        "available_from": null,
        "available_now": false,
        "available_to": null,
        "minimum_months": null,
        "maximum_months": null,
        "pets": null,
        "smoking": null,
        "student_only": null,
        "gender": null,
        "minimum_age": null,
        "maximum_age": null,
        "description": "Je sous-loue ma chambre dans un appartement de 4 chambres du 05.09.2026 au 02.10.2026. Les trois autres colocs sont: Ralfs (qui travaille maintenant après avoir terminé son Master’s), Max (qui commence son Master’s en architecture) et Thibaud (qui vient tout juste de terminer son Master’s en cybersécurité). Nous sommes situés à 5 min à pied de la station Montelly sur la M1. Il y a une Migros, Coop et Coop Pronto situées près de l’appartement. L’appartement à deux salles de bain, un espace pour laisser un vélo dehors et du rangement au sous-sol. Nous avons également une laveuse et sèche-linge ainsi qu’un lave-vaisselle. La chambre fait 17 m². Le loyer inclut toutes les charges. ——— I’m subleasing my room from 05.09.2026 to 02.10.2026 as I will be away. The room is part of a 4-bedroom apartment. The other flatmates are Ralfs (working after having finished his Master’s last year), Max (starting Master’s in architecture) and Thibaud (just recently finished Master’s in cybersecurity). The flat is ~5min walking from the Montelly metro station. There’s a Migros, Coop and Coop Pronto nearby. There are two bathrooms, an area to lock a bike outside and storage in the basement. We also have an in-unit washer and dryer and a dishwasher. The room is 17 m². The price includes all charges. Contacter l'annonceur Nom E-mail Téléphone Créer un abonnement de recherche pour les annonces similaires Veuillez patienter... Besoin d'aide pour déménager ? Recevez gratuitement et sans engagement 5 offres de déménagement et/ou de nettoyage. Recevoir des offres gratuites Inscrivez-vous pour annonces à Lausanne Être averti instantanément lorsque des annonces similaires à Lausanne arrivent. Créer une alerte e-mail Annonces similaires autour de Lausanne Location 1’000 CHF Meublé Chambre en colocation 1018 Lausanne Location 880 CHF Chambre en colocation Rue de Genève 77 1004 Lausanne Location 1’090 CHF Meublé Chambre en colocation 1004 Lausanne Afficher plus..."
      }
    },
    {
      "type": "Feature",
      "geometry": {
        "type": "Point",
        "coordinates": [
          6.614603519439697,
          46.527217864990234
        ]
      },
      "properties": {
        "source": "ronorp",
        "source_section": "romandie",
        "source_id": null,
        "source_url": "https://ronorp.net/market/posts/appartement-3-pieces-a-lausanne-vd-meuble-duree-determinee-3",
        "area": "lausanne",
        "title": "APPARTEMENT 3½ PIÈCES À LAUSANNE (VD), MEUBLÉ, DURÉE DÉTERMINÉE",
        "description_title": null,
        "price_monthly": 3600.0,
        "price_net": null,
        "charges": null,
        "currency": "CHF",
        "address": null,
        "postal_code": "1003",
        "city": "Lausanne",
        "country": "CH",
        "latitude": 46.527217864990234,
        "longitude": 6.614603519439697,
        "location_precision": "postal_code_city",
        "distance_from_lausanne_km": 1.59,
        "property_type": "private_room",
        "rooms": 3.5,
        "bedrooms": null,
        "bathrooms": null,
        "size_m2": 90.0,
        "usable_area_m2": null,
        "floor": "Erdgeschoss",
        "furnished": true,
        "contract_type": "temporary",
        "availability_text": null,
        "available_from": "2026-12-01",
        "available_now": null,
        "available_to": "2027-06-30",
        "minimum_months": 2,
        "maximum_months": null,
        "pets": null,
        "smoking": null,
        "student_only": null,
        "gender": null,
        "minimum_age": null,
        "maximum_age": null,
        "description": "Zürich Was heute in Zürich läuft Login/Sign up STADTLEBEN EVENTS NEWSLETTER COMMUNITY MARKT RON PASS X REKA Inserat aufgeben HOME IMMOBILIEN SECOND HAND JOBS STADTSERVICES Entdecke deine Stadt jeden Tag neu Frische Vibes und urbane News für dein Leben. Newsletter abonnieren UMS Untermietservice . Folgen 26 Juni 2026 Markt Immobilien Wohnen Möbl. Appartements 7 weitere Fotos Sags der Stadt Promote dein Angebot in der Community und teile es in deinen Socials! Boosten Share APPARTEMENT 3½ PIÈCES À LAUSANNE (VD), MEUBLÉ, DURÉE DÉTERMINÉE Kontakt Details Preis CHF3'600.00/Monatlich Typ BIETE Adresse Lausanne City/Agglo -- PLZ 1003 Räume 3.5 Badezimmer -- Böden Erdgeschoss Quadratmeter 90 Suche nach Rent Besichtigungstermin/e -- Vertrag Temporary Email -- Size Unit m2 Verknüpfung https://ums.ch/offre-detail/67697?utm_source=ronorp&utm_content=67697 DUREE DE LOCATION dès le 1 décembre 2026 au 30 juin 2027 (au minimum 2 mois) Vous cherchez la base idéale pour une re"
      }
    },
    {
      "type": "Feature",
      "geometry": {
        "type": "Point",
        "coordinates": [
          6.614766597747803,
          46.527381896972656
        ]
      },
      "properties": {
        "source": "flatfox",
        "source_section": "lausanne_shared",
        "source_id": "86216532",
        "source_url": "https://flatfox.ch/fr/flat/1004-lausanne/86216532",
        "area": "lausanne",
        "title": "Chambre en colocation à louer à Lausanne",
        "description_title": "Avenue de France 23, 1004 Lausanne",
        "price_monthly": 1090.0,
        "price_net": null,
        "charges": null,
        "currency": "CHF",
        "address": null,
        "postal_code": "1004",
        "city": "Lausanne",
        "country": "CH",
        "latitude": 46.527381896972656,
        "longitude": 6.614766597747803,
        "location_precision": "postal_code_city",
        "distance_from_lausanne_km": 1.59,
        "property_type": "private_room",
        "rooms": 1.0,
        "bedrooms": null,
        "bathrooms": null,
        "size_m2": 14.0,
        "usable_area_m2": null,
        "floor": "2e étage",
        "furnished": true,
        "contract_type": null,
        "availability_text": "Immédiatement",
        "available_from": null,
        "available_now": true,
        "available_to": null,
        "minimum_months": null,
        "maximum_months": null,
        "pets": null,
        "smoking": null,
        "student_only": null,
        "gender": null,
        "minimum_age": null,
        "maximum_age": null,
        "description": "Welcome to Elliot, your new coliving home at Avenue de France 23, 1004 Lausanne. With three spacious bedrooms, you’ll share this modern apartment with two flatmates, creating the perfect balance between privacy and community. The fully equipped kitchen with dishwasher, oven, stove, and fridge is ideal for cooking together, whether it’s a quick dinner after work or a relaxed weekend brunch. The dining area offers a cozy setting for shared meals, conversations, or planning your next outing in Lausanne. A shared bathroom with bathtub and sink, a separate toilet, and built-in storage closets in the corridor provide comfort and practicality, while modern furniture creates a welcoming atmosphere from day one. Based on the apartment details and location provided in the original property information. Located in one of Lausanne’s most convenient and vibrant areas, Elliot offers easy access to everything the city has to offer. Ouchy and the shores of Lake Geneva are just a short distance away, making them perfect for lakeside walks, outdoor workouts, picnics, or sunset apéros with your flatmates. Nearby Parc de Milan and Parc de Montriond provide green spaces for jogging, relaxing, or spending time outdoors. Excellent public transport connections, including the M2 metro and several bus lines, make it easy to reach Lausanne city center, the train station, and other neighborhoods. Daily life is simple thanks to nearby supermarkets such as Migros and Coop, local shops, cafés, and restaurants. The lively districts of Flon and Saint-François are also easily accessible, offering shopping, nightlife, and cultural activities. Students and young professionals benefit from the convenient connections to UNIL and EPFL, while Lausanne station provides fast access to the rest of Switzerland. Whether you're organizing a dinner with your flatmates, exploring the lakeside, or discovering Lausanne’s vibrant social scene, Elliot offers a connected and comfortable coliving experience. Room Estate 🏡 - The leading coliving provider in Switzerland! With us, you can simply move in with your suitcase and start living - everything is ready for you. No paperwork, no hassle, no stress. Everything you need is already organized and all services are included in one price. Coliving here means uncomplicated, modern living and real community. Enjoy your life, we'll take care of the rest. Welcome to Room Estate - your new home in Switzerland! Interested? Secure your place now and make it comfortable with us! 🏡 Contacter l'annonceur Nom E-mail Téléphone Créer un abonnement de recherche pour les annonces similaires Veuillez patienter... Toujours accompagné dans vos affaires juridiques Assurance protection juridique avec consultation gratuite et prise en charge des frais de justice. Découvrez tous les avantages Inscrivez-vous pour annonces à Lausanne Être averti instantanément lorsque des annonces similaires à Lausanne arrivent. Créer une alerte e-mail Annonceur Room Estate AG Katzenbachstrasse 71 8052 Zürich Voir toutes les annonces Annonces similaires autour de Lausanne Location 1’190 CHF Meublé Chambre en colocation 1004 Lausanne Location 1’090 CHF Meublé Chambre en colocation 1008 Prilly Location 1’290 CHF Meublé Chambre en colocation 1004 Lausanne Afficher plus..."
      }
    },
    {
      "type": "Feature",
      "geometry": {
        "type": "Point",
        "coordinates": [
          6.614766597747803,
          46.527381896972656
        ]
      },
      "properties": {
        "source": "flatfox",
        "source_section": "lausanne_shared",
        "source_id": "86216585",
        "source_url": "https://flatfox.ch/fr/flat/1004-lausanne/86216585",
        "area": "lausanne",
        "title": "Chambre en colocation à louer à Lausanne",
        "description_title": null,
        "price_monthly": 1190.0,
        "price_net": null,
        "charges": null,
        "currency": "CHF",
        "address": null,
        "postal_code": "1004",
        "city": "Lausanne",
        "country": "CH",
        "latitude": 46.527381896972656,
        "longitude": 6.614766597747803,
        "location_precision": "postal_code_city",
        "distance_from_lausanne_km": 1.59,
        "property_type": "private_room",
        "rooms": 1.0,
        "bedrooms": null,
        "bathrooms": null,
        "size_m2": 13.0,
        "usable_area_m2": null,
        "floor": "2e étage",
        "furnished": true,
        "contract_type": null,
        "availability_text": "Immédiatement",
        "available_from": null,
        "available_now": true,
        "available_to": null,
        "minimum_months": null,
        "maximum_months": null,
        "pets": null,
        "smoking": null,
        "student_only": null,
        "gender": null,
        "minimum_age": null,
        "maximum_age": null,
        "description": null
      }
    },
    {
      "type": "Feature",
      "geometry": {
        "type": "Point",
        "coordinates": [
          6.614766597747803,
          46.527381896972656
        ]
      },
      "properties": {
        "source": "flatfox",
        "source_section": "lausanne_shared",
        "source_id": "86216708",
        "source_url": "https://flatfox.ch/fr/flat/1004-lausanne/86216708",
        "area": "lausanne",
        "title": "Chambre en colocation à louer à Lausanne",
        "description_title": "Lakeside Coliving Haven in Lausanne's Avenue de France",
        "price_monthly": 1290.0,
        "price_net": null,
        "charges": null,
        "currency": "CHF",
        "address": null,
        "postal_code": "1004",
        "city": "Lausanne",
        "country": "CH",
        "latitude": 46.527381896972656,
        "longitude": 6.614766597747803,
        "location_precision": "postal_code_city",
        "distance_from_lausanne_km": 1.59,
        "property_type": "private_room",
        "rooms": 1.0,
        "bedrooms": null,
        "bathrooms": null,
        "size_m2": 18.0,
        "usable_area_m2": null,
        "floor": "1er étage",
        "furnished": true,
        "contract_type": null,
        "availability_text": "1. octobre 2026",
        "available_from": "2026-10-01",
        "available_now": false,
        "available_to": null,
        "minimum_months": null,
        "maximum_months": null,
        "pets": null,
        "smoking": null,
        "student_only": null,
        "gender": null,
        "minimum_age": null,
        "maximum_age": null,
        "description": "Welcome to Christina, your new coliving space located at Avenue de France 23, 1004 Lausanne, where modern living meets convenience and community. This stylish apartment offers three spacious rooms, making it an ideal home for young professionals looking to share a comfortable and well-furnished living space with two flatmates. The kitchen is fully equipped with a dishwasher, oven, stove, and fridge, ensuring you have everything needed for preparing meals together. The shared dining area, designed to seat three comfortably, is the perfect spot for enjoying dinner and conversations after a long day. The apartment also includes a bathroom with a bathtub and sink, as well as a separate toilet, ensuring both privacy and convenience for all residents. The sleek, modern furniture throughout the apartment enhances the sense of style and comfort, creating a welcoming environment where you can relax, work, and socialize with ease. Located in a prime area of Lausanne, the Christina apartment is just a short distance from the stunning Ouchy district and Lake Geneva. Ouchy’s picturesque lakeside promenade offers breathtaking views of the Alps and plenty of opportunities for outdoor activities, from leisurely strolls to boat tours. Nearby, Parc de Milan and Montriond provide lush green spaces perfect for jogging, picnics, or simply unwinding in nature. The Botanical Garden of Lausanne, nestled within Parc de Milan, adds an extra layer of serenity and beauty to the area. Public transportation is easily accessible, with the M2 metro line and several bus routes nearby, ensuring that the rest of Lausanne is within easy reach. Whether you’re heading to EPFL or the University of Lausanne for work or study, or exploring the vibrant shopping areas of Flon and Saint-François, getting around is simple and efficient. The Lausanne Gare (Train Station) is also conveniently close, offering connections to other parts of Switzerland and beyond. In the immediate vicinity, you’ll find supermarkets like Migros and Coop, along with a variety of local shops to meet your daily needs. The area’s café culture is vibrant, with numerous restaurants and cafés offering everything from traditional Swiss cuisine to international flavors, ensuring that your culinary adventures are never far away. For fitness enthusiasts, there are several gyms nearby, and with Lake Geneva just minutes away, water sports and other outdoor activities are always an option. At Christina, you’ll experience a perfect blend of tranquility, community, and the vibrancy of city life, all in one of Lausanne’s most sought-after locations. Room Estate 🏡 - The leading coliving provider in Switzerland! With us, you can simply move in with your suitcase and start living - everything is ready for you. No paperwork, no hassle, no stress. Everything you need is already organized and all services are included in one price. Coliving here means uncomplicated, modern living and real community. Enjoy your life, we'll take care of the rest. Welcome to Room Estate - your new home in Switzerland! Interested? Secure your place now and make it comfortable with us! 🏡 /// Bienvenue chez Christina, ton nouvel espace de coliving situé au Avenue de France 23, 1004 Lausanne, où la vie moderne rencontre commodité et communauté. Cet appartement élégant offre trois chambres spacieuses, ce qui en fait une maison idéale pour les jeunes professionnels cherchant à partager un espace de vie confortable et bien meublé avec deux colocataires. La cuisine est entièrement équipée avec un lave-vaisselle, un four, une cuisinière et un réfrigérateur, te garantissant tout le nécessaire pour préparer des repas ensemble. La salle à manger partagée, conçue pour accueillir confortablement trois personnes, est l'endroit parfait pour profiter du dîner et des conversations après une longue journée. L’appartement comprend également une salle de bain avec baignoire et lavabo, ainsi qu’un WC séparé, assurant à tous les résidents à la fois intimité et commodité. Le mobilier moderne et épuré de l’appartement renforce le sentiment de style et de confort, créant un environnement accueillant où tu peux te détendre, travailler et socialiser avec facilité. Situé dans un quartier privilégié de Lausanne, l’appartement Christina se trouve à une courte distance du magnifique quartier d’Ouchy et du lac Léman. La promenade pittoresque d’Ouchy offre des vues imprenables sur les Alpes et de nombreuses opportunités pour des activités en plein air, des promenades tranquilles aux tours en bateau. À proximité, le Parc de Milan et Montriond offrent des espaces verts luxuriants parfaits pour le jogging, les pique-niques ou simplement se détendre dans la nature. Le Jardin Botanique de Lausanne, niché dans le Parc de Milan, ajoute une touche supplémentaire de sérénité et de beauté à la région. Les transports publics sont facilement accessibles, avec la ligne de métro M2 et plusieurs lignes de bus à proximité, garantissant que le reste de Lausanne est facilement joignable. Que tu te rendes à l’EPFL ou à l’Université de Lausanne pour le travail ou les études, ou que tu explores les quartiers commerçants animés de Flon et Saint-François, te déplacer est simple et efficace. La gare de Lausanne est également proche, offrant des connexions vers d’autres parties de la Suisse et au-delà. Dans les environs immédiats, tu trouveras des supermarchés comme Migros et Coop, ainsi qu’une variété de magasins locaux pour répondre à tes besoins quotidiens. La culture des cafés de la région est vibrante, avec de nombreux restaurants et cafés offrant tout, de la cuisine suisse traditionnelle aux saveurs internationales, garantissant que tes aventures culinaires ne sont jamais loin. Pour les amateurs de fitness, plusieurs salles de sport se trouvent à proximité et, avec le lac Léman à quelques minutes, les sports nautiques et autres activités de plein air sont toujours une option. Chez Christina, tu découvriras un parfait mélange de tranquillité, de communauté et de vie citadine, le tout dans l'un des endroits les plus recherchés de Lausanne. Room Estate 🏡 - Le leader du coliving en Suisse! Chez nous, tu peux simplement emménager avec ta valise et commencer à vivre - tout est prêt pour toi. Pas de paperasse, pas d'effort, pas de stress. Tout ce dont tu as besoin est déjà organisé et tous les services sont compris dans un seul prix. Coliving signifie ici un habitat simple et moderne et une véritable communauté. Profite de ta vie, nous nous occupons du reste. Bienvenue chez Room Estate - ton nouveau chez-toi en Suisse! Tu es intéressé(e)? Réserve ta place dès maintenant et mets-toi à l'aise chez nous! 🏡 Contacter l'annonceur Nom E-mail Téléphone Créer un abonnement de recherche pour les annonces similaires Veuillez patienter... Toujours accompagné dans vos affaires juridiques Assurance protection juridique avec consultation gratuite et prise en charge des frais de justice. Découvrez tous les avantages Inscrivez-vous pour annonces à Lausanne Être averti instantanément lorsque des annonces similaires à Lausanne arrivent. Créer une alerte e-mail Annonceur Room Estate AG Katzenbachstrasse 71 8052 Zürich Voir toutes les annonces Annonces similaires autour de Lausanne Location 1’298 CHF Chambre en colocation Rue Saint-François 1005 Lausanne Location 1’090 CHF Meublé Chambre en colocation 1004 Lausanne Location 1’190 CHF Meublé Chambre en colocation 1004 Lausanne Afficher plus..."
      }
    },
    {
      "type": "Feature",
      "geometry": {
        "type": "Point",
        "coordinates": [
          6.614603519439697,
          46.527217864990234
        ]
      },
      "properties": {
        "source": "flatfox",
        "source_section": "lausanne_shared",
        "source_id": "86223413",
        "source_url": "https://flatfox.ch/fr/flat/1003-lausanne/86223413",
        "area": "lausanne",
        "title": "Chambre en colocation à louer à Lausanne",
        "description_title": "Furnished room in modernised apartment in a top location",
        "price_monthly": 990.0,
        "price_net": null,
        "charges": null,
        "currency": "CHF",
        "address": null,
        "postal_code": "1003",
        "city": "Lausanne",
        "country": "CH",
        "latitude": 46.527217864990234,
        "longitude": 6.614603519439697,
        "location_precision": "postal_code_city",
        "distance_from_lausanne_km": 1.59,
        "property_type": "private_room",
        "rooms": 1.0,
        "bedrooms": null,
        "bathrooms": null,
        "size_m2": 9.0,
        "usable_area_m2": null,
        "floor": "3e étage",
        "furnished": true,
        "contract_type": null,
        "availability_text": "Immédiatement",
        "available_from": null,
        "available_now": true,
        "available_to": null,
        "minimum_months": null,
        "maximum_months": null,
        "pets": null,
        "smoking": null,
        "student_only": null,
        "gender": null,
        "minimum_age": null,
        "maximum_age": null,
        "description": "Furnished room in modernised apartment in a top location This shared room offers the following facilities: 2 flatmates Kitchen with kitchen equipment Bathroom/toilet Furnished room Water and electricity charges Internet Cleaning the common areas Vacuum cleaner for communal use For more information: https://roomestate.com/en/room/149-1 Room Estate is a provider of furnished and serviced rooms at various locations in Switzerland and Germany. Our tenants range from young workers to interns and students who appreciate meeting new people and living comfortably. At Room Estate you can register for the room directly online. Simply create an account, register and get informed in 48 hours. You can view all of our rooms using the virtual 360° tour. It is also possible to rent the room without viewing. // Möbliertes Zimmer in modernisierter Wohnung an top Lage Dieses WG-Zimmer bietet die folgende Ausstattung: 2 Mitbewohner Küche mit Küchenausstattung Bad/WC Möbliertes Zimmer Wasser und Stromgebühren Internet Reinigung der Gemeinschaftsräume Staubsauger für gemeinschaftliche Verwendung Für mehr Informationen: https://roomestate.com/de/room/149-1 Room Estate ist ein Anbieter von möblierten Zimmern mit Service an verschiedenen Standorten in der Schweiz und in Deutschland. Unsere Mieter reichen von jungen Berufstätigen über Praktikanten bis hin zu Studenten, die gerne neue Leute kennenlernen und bequem und komfortabel wohnen möchten. Bei Room Estate können Sie sich direkt online für ein Zimmer anmelden. Erstellen Sie einfach ein Konto, registrieren Sie sich und Sie werden innerhalb von 48 Stunden benachrichtigt. Wir bieten eine virtuelle 360°-Tour durch alle unsere Zimmer an. Es ist auch möglich, das Zimmer zu mieten, ohne es tatsächlich zu besichtigen. Contacter l'annonceur Nom E-mail Téléphone Créer un abonnement de recherche pour les annonces similaires Veuillez patienter... Obtenez votre attestation gratuite Renforcez votre dossier de location avec l'attestation provisoire de SwissCaution. Commander maintenant Inscrivez-vous pour annonces à Lausanne Être averti instantanément lorsque des annonces similaires à Lausanne arrivent. Créer une alerte e-mail Annonceur Room Estate AG Katzenbachstrasse 71 8052 Zürich Voir toutes les annonces Annonces similaires autour de Lausanne Location 1’000 CHF Meublé Chambre en colocation 1018 Lausanne Location 967 CHF Chambre en colocation Rue de Geneve 77 1004 Lausanne Location 990 CHF Meublé Chambre en colocation 1006 Lausanne Afficher plus..."
      }
    },
    {
      "type": "Feature",
      "geometry": {
        "type": "Point",
        "coordinates": [
          6.614766597747803,
          46.527381896972656
        ]
      },
      "properties": {
        "source": "flatfox",
        "source_section": "lausanne_shared",
        "source_id": "86229273",
        "source_url": "https://flatfox.ch/fr/flat/1004-lausanne/86229273",
        "area": "lausanne",
        "title": "Chambre en colocation à louer à Lausanne",
        "description_title": "A Modern Coliving Space in the Vibrant Maupas District of Lausanne",
        "price_monthly": 1290.0,
        "price_net": null,
        "charges": null,
        "currency": "CHF",
        "address": null,
        "postal_code": "1004",
        "city": "Lausanne",
        "country": "CH",
        "latitude": 46.527381896972656,
        "longitude": 6.614766597747803,
        "location_precision": "postal_code_city",
        "distance_from_lausanne_km": 1.59,
        "property_type": "private_room",
        "rooms": 1.0,
        "bedrooms": null,
        "bathrooms": null,
        "size_m2": 18.0,
        "usable_area_m2": null,
        "floor": "5e étage",
        "furnished": true,
        "contract_type": null,
        "availability_text": "Immédiatement",
        "available_from": null,
        "available_now": true,
        "available_to": null,
        "minimum_months": null,
        "maximum_months": null,
        "pets": null,
        "smoking": null,
        "student_only": null,
        "gender": null,
        "minimum_age": null,
        "maximum_age": null,
        "description": "Welcome to Romain, a cozy and modern coliving apartment located at Rue du Maupas 16, 1004 Lausanne. Designed for young professionals, this charming residence offers three spacious rooms, meaning you’ll share your living space with two flatmates. The apartment combines practicality and style with its shared modern kitchen, fully equipped with a dishwasher, oven, stove, and fridge, making communal cooking sessions enjoyable. The shared bathroom features a bathtub, sink, and toilet, providing all the essentials for comfortable living. A dining area for four people is perfect for shared meals or game nights, while built-in closets in the corridor ensure ample storage. The modern furniture throughout adds an elegant touch, making the apartment feel like home. Nestled in the lively Maupas/Valency district, the apartment is close to everything you need. Public transportation is easily accessible, with the Maupas bus stop nearby, serviced by several lines connecting you to Lausanne Gare and other key parts of the city. The Metro M2 is just a short bus ride or 15-minute walk away, giving you fast access to destinations such as Ouchy by the lake or the Flon district. For everyday necessities, grocery stores like Migros and Coop Prélaz are within walking distance, and the neighborhood offers a selection of local shops and restaurants. Whether you’re a student or a professional, the University of Lausanne (UNIL) and EPFL are easily reachable by public transport, making this location ideal for those connected to these institutions. When it’s time to relax, Lake Geneva’s stunning Ouchy area is just a 10-15 minute trip away, offering beautiful lakeside paths, restaurants, and opportunities for boating. The vibrant blend of urban amenities and outdoor escapes makes Romain an excellent choice for those seeking a connected and balanced lifestyle. Room Estate 🏡 - The leading coliving provider in Switzerland! With us, you can simply move in with your suitcase and start living - everything is ready for you. No paperwork, no hassle, no stress. Everything you need is already organized and all services are included in one price. Coliving here means uncomplicated, modern living and real community. Enjoy your life, we'll take care of the rest. Welcome to Room Estate - your new home in Switzerland! Interested? Secure your place now and make it comfortable with us! 🏡 /// Bienvenue à Romain, un appartement de coliving moderne et chaleureux situé au 16 Rue du Maupas, 1004 Lausanne. Conçu pour les jeunes professionnels, cet appartement propose trois chambres spacieuses que vous partagerez avec deux colocataires. L’appartement allie fonctionnalité et élégance, avec une cuisine moderne partagée entièrement équipée avec lave-vaisselle, four, plaque de cuisson et réfrigérateur, idéale pour cuisiner ensemble. La salle de bain commune dispose d'une baignoire, d'un lavabo et de toilettes, offrant tout le nécessaire pour un confort optimal. Un espace salle à manger pour quatre personnes est parfait pour les repas ou les soirées conviviales, tandis que les placards intégrés dans le couloir garantissent un espace de rangement suffisant. Le mobilier moderne apporte une touche élégante et rend l’appartement chaleureux. Situé dans le quartier animé de Maupas/Valency, cet appartement est proche de toutes les commodités. Les transports publics sont facilement accessibles : l’arrêt de bus Maupas, desservi par plusieurs lignes, vous relie rapidement à la gare de Lausanne et à d’autres quartiers clés de la ville. Le métro M2 est à quelques minutes en bus ou à 15 minutes à pied et permet d’accéder rapidement à des destinations telles qu’Ouchy au bord du lac ou le quartier de Flon. Pour vos besoins quotidiens, les supermarchés comme Migros et Coop Prélaz sont accessibles à pied, et le quartier propose une variété de commerces locaux et de restaurants. Que vous soyez étudiant ou professionnel, l’Université de Lausanne (UNIL) et l’EPFL sont facilement accessibles en transports en commun, faisant de cet emplacement un choix idéal pour ceux qui fréquentent ces institutions. Pour vous détendre, le quartier magnifique d’Ouchy au bord du lac Léman est à seulement 10–15 minutes en transport. Vous pourrez profiter des belles promenades au bord du lac, des restaurants et des balades en bateau. L’équilibre entre les commodités urbaines et les loisirs en plein air fait de Romain un excellent choix pour un mode de vie dynamique et connecté. Room Estate 🏡 - Le leader du coliving en Suisse! Chez nous, tu peux simplement emménager avec ta valise et commencer à vivre - tout est prêt pour toi. Pas de paperasse, pas d'effort, pas de stress. Tout ce dont tu as besoin est déjà organisé et tous les services sont compris dans un seul prix. Coliving signifie ici un habitat simple et moderne et une véritable communauté. Profite de ta vie, nous nous occupons du reste. Bienvenue chez Room Estate - ton nouveau chez-toi en Suisse! Tu es intéressé(e)? Réserve ta place dès maintenant et mets-toi à l'aise chez nous! 🏡 Contacter l'annonceur Nom E-mail Téléphone Créer un abonnement de recherche pour les annonces similaires Veuillez patienter... Toujours accompagné dans vos affaires juridiques Assurance protection juridique avec consultation gratuite et prise en charge des frais de justice. Découvrez tous les avantages Inscrivez-vous pour annonces à Lausanne Être averti instantanément lorsque des annonces similaires à Lausanne arrivent. Créer une alerte e-mail Annonceur Room Estate AG Katzenbachstrasse 71 8052 Zürich Voir toutes les annonces Annonces similaires autour de Lausanne Location 1’298 CHF Chambre en colocation Rue Saint-François 1005 Lausanne Location 1’090 CHF Meublé Chambre en colocation 1004 Lausanne Location 1’190 CHF Meublé Chambre en colocation 1004 Lausanne Afficher plus..."
      }
    },
    {
      "type": "Feature",
      "geometry": {
        "type": "Point",
        "coordinates": [
          6.614766597747803,
          46.527381896972656
        ]
      },
      "properties": {
        "source": "flatfox",
        "source_section": "lausanne_shared",
        "source_id": "86254101",
        "source_url": "https://flatfox.ch/fr/flat/1004-lausanne/86254101",
        "area": "lausanne",
        "title": "Chambre en colocation à louer à Lausanne",
        "description_title": "Sous-location chambre (14m2) dans un 3p",
        "price_monthly": 970.0,
        "price_net": 830.0,
        "charges": 140.0,
        "currency": "CHF",
        "address": null,
        "postal_code": "1004",
        "city": "Lausanne",
        "country": "CH",
        "latitude": 46.527381896972656,
        "longitude": 6.614766597747803,
        "location_precision": "postal_code_city",
        "distance_from_lausanne_km": 1.59,
        "property_type": "private_room",
        "rooms": 1.0,
        "bedrooms": null,
        "bathrooms": null,
        "size_m2": null,
        "usable_area_m2": null,
        "floor": null,
        "furnished": true,
        "contract_type": "temporary",
        "availability_text": "1. septembre 2026",
        "available_from": "2026-09-01",
        "available_now": false,
        "available_to": null,
        "minimum_months": null,
        "maximum_months": null,
        "pets": null,
        "smoking": null,
        "student_only": null,
        "gender": null,
        "minimum_age": null,
        "maximum_age": null,
        "description": "🇫🇷 Français Chambre meublée – balcon & vue lac – Lausanne centre (Riponne) Chambre meublée dans un appartement de 3 pièces calme avec balcon offrant une magnifique vue sur le lac Léman et la Cathédrale de Lausanne. 📍 Emplacement idéal en plein centre-ville, à quelques minutes des transports publics, commerces, restaurants et universités. ✅ Sous-location d’une chambre dans un appartement de 3 pièces. 📅 Disponible dès début septembre. 📩 Message privé pour plus d’informations. ⸻ 🇬🇧 English Furnished room – balcony & lake view – Lausanne city center (Riponne) Furnished room in a quiet 3 rooms apartment with a balcony offering beautiful views of Lake Geneva and Lausanne Cathedral. 📍 Prime city-center location, within walking distance of public transport, shops, restaurants, and universities. ✅ Sublease. 📅 Available from early September. Contacter l'annonceur Nom E-mail Téléphone Créer un abonnement de recherche pour les annonces similaires Veuillez patienter... Obtenez votre attestation gratuite Renforcez votre dossier de location avec l'attestation provisoire de SwissCaution. Commander maintenant Inscrivez-vous pour annonces à Lausanne Être averti instantanément lorsque des annonces similaires à Lausanne arrivent. Créer une alerte e-mail Annonces similaires autour de Lausanne Location 1’000 CHF Meublé Chambre en colocation 1018 Lausanne Location 880 CHF Chambre en colocation Rue de Genève 77 1004 Lausanne Location 1’090 CHF Meublé Chambre en colocation 1004 Lausanne Afficher plus..."
      }
    },
    {
      "type": "Feature",
      "geometry": {
        "type": "Point",
        "coordinates": [
          6.614766597747803,
          46.527381896972656
        ]
      },
      "properties": {
        "source": "flatfox",
        "source_section": "lausanne_shared",
        "source_id": "86270330",
        "source_url": "https://flatfox.ch/fr/flat/1004-lausanne/86270330",
        "area": "lausanne",
        "title": "Chambre en colocation à louer à Lausanne",
        "description_title": "Modern Coliving Between Lake Life and City Living in Lausanne",
        "price_monthly": 1290.0,
        "price_net": null,
        "charges": null,
        "currency": "CHF",
        "address": null,
        "postal_code": "1004",
        "city": "Lausanne",
        "country": "CH",
        "latitude": 46.527381896972656,
        "longitude": 6.614766597747803,
        "location_precision": "postal_code_city",
        "distance_from_lausanne_km": 1.59,
        "property_type": "private_room",
        "rooms": 1.0,
        "bedrooms": null,
        "bathrooms": null,
        "size_m2": 19.0,
        "usable_area_m2": null,
        "floor": "2e étage",
        "furnished": true,
        "contract_type": null,
        "availability_text": "Immédiatement",
        "available_from": null,
        "available_now": true,
        "available_to": null,
        "minimum_months": null,
        "maximum_months": null,
        "pets": null,
        "smoking": null,
        "student_only": null,
        "gender": null,
        "minimum_age": null,
        "maximum_age": null,
        "description": "Welcome to Elliot, your new coliving home at Avenue de France 23, 1004 Lausanne. With three spacious bedrooms, you’ll share this modern apartment with two flatmates, creating the perfect balance between privacy and community. The fully equipped kitchen with dishwasher, oven, stove, and fridge is ideal for cooking together, whether it’s a quick dinner after work or a relaxed weekend brunch. The dining area offers a cozy setting for shared meals, conversations, or planning your next outing in Lausanne. A shared bathroom with bathtub and sink, a separate toilet, and built-in storage closets in the corridor provide comfort and practicality, while modern furniture creates a welcoming atmosphere from day one. Based on the apartment details and location provided in the original property information. Located in one of Lausanne’s most convenient and vibrant areas, Elliot offers easy access to everything the city has to offer. Ouchy and the shores of Lake Geneva are just a short distance away, making them perfect for lakeside walks, outdoor workouts, picnics, or sunset apéros with your flatmates. Nearby Parc de Milan and Parc de Montriond provide green spaces for jogging, relaxing, or spending time outdoors. Excellent public transport connections, including the M2 metro and several bus lines, make it easy to reach Lausanne city center, the train station, and other neighborhoods. Daily life is simple thanks to nearby supermarkets such as Migros and Coop, local shops, cafés, and restaurants. The lively districts of Flon and Saint-François are also easily accessible, offering shopping, nightlife, and cultural activities. Students and young professionals benefit from the convenient connections to UNIL and EPFL, while Lausanne station provides fast access to the rest of Switzerland. Whether you're organizing a dinner with your flatmates, exploring the lakeside, or discovering Lausanne’s vibrant social scene, Elliot offers a connected and comfortable coliving experience. Room Estate 🏡 - The leading coliving provider in Switzerland! With us, you can simply move in with your suitcase and start living - everything is ready for you. No paperwork, no hassle, no stress. Everything you need is already organized and all services are included in one price. Coliving here means uncomplicated, modern living and real community. Enjoy your life, we'll take care of the rest. Welcome to Room Estate - your new home in Switzerland! Interested? Secure your place now and make it comfortable with us! 🏡 /// Bienvenue à Elliot, ton nouveau logement en coliving situé à l’Avenue de France 23, 1004 Lausanne. Avec trois grandes chambres, tu partageras cet appartement moderne avec deux colocataires et profiteras d’un excellent équilibre entre intimité et convivialité. La cuisine entièrement équipée avec lave-vaisselle, four, plaques de cuisson et réfrigérateur est idéale pour cuisiner ensemble, que ce soit pour un dîner après le travail ou un brunch le week-end. L’espace repas offre un cadre chaleureux pour partager un repas ou discuter. La salle de bain avec baignoire et lavabo, les toilettes séparées ainsi que les placards intégrés dans le couloir rendent le quotidien pratique et confortable. Le mobilier moderne apporte une ambiance accueillante dès ton arrivée. Les caractéristiques de l’appartement sont basées sur les informations d’origine de ce logement à cette adresse. Situé dans l’un des quartiers les plus agréables de Lausanne, Elliot permet de profiter pleinement de la ville et du lac. Ouchy et les rives du Léman sont facilement accessibles et constituent l’endroit idéal pour des promenades, des pique-niques, du sport ou des apéros au coucher du soleil avec tes colocataires. Les parcs de Milan et de Montriond offrent également de beaux espaces verts pour courir, se détendre ou passer du temps à l’extérieur. Grâce à la ligne M2 du métro et à plusieurs lignes de bus, le centre-ville, la gare et les autres quartiers de Lausanne sont rapidement accessibles. Les supermarchés Migros et Coop, ainsi que de nombreux commerces, cafés et restaurants, se trouvent à proximité. Les quartiers animés du Flon et de Saint-François offrent encore plus de possibilités pour les sorties, le shopping et la culture. Les étudiant·e·s et jeunes professionnel·le·s apprécieront la proximité de l’UNIL et de l’EPFL. Entre repas partagés, balades au bord du lac et découvertes de Lausanne, Elliot offre un cadre de vie moderne, convivial et parfaitement connecté. Room Estate 🏡 - Le leader du coliving en Suisse! Chez nous, tu peux simplement emménager avec ta valise et commencer à vivre - tout est prêt pour toi. Pas de paperasse, pas d'effort, pas de stress. Tout ce dont tu as besoin est déjà organisé et tous les services sont compris dans un seul prix. Coliving signifie ici un habitat simple et moderne et une véritable communauté. Profite de ta vie, nous nous occupons du reste. Bienvenue chez Room Estate - ton nouveau chez-toi en Suisse! Tu es intéressé(e)? Réserve ta place dès maintenant et mets-toi à l'aise chez nous! 🏡 Contacter l'annonceur Nom E-mail Téléphone Créer un abonnement de recherche pour les annonces similaires Veuillez patienter... Obtenez votre attestation gratuite Renforcez votre dossier de location avec l'attestation provisoire de SwissCaution. Commander maintenant Inscrivez-vous pour annonces à Lausanne Être averti instantanément lorsque des annonces similaires à Lausanne arrivent. Créer une alerte e-mail Annonceur Room Estate AG Katzenbachstrasse 71 8052 Zürich Voir toutes les annonces Annonces similaires autour de Lausanne Location 1’298 CHF Chambre en colocation Rue Saint-François 1005 Lausanne Location 1’090 CHF Meublé Chambre en colocation 1004 Lausanne Location 1’190 CHF Meublé Chambre en colocation 1004 Lausanne Afficher plus..."
      }
    },
    {
      "type": "Feature",
      "geometry": {
        "type": "Point",
        "coordinates": [
          6.614766597747803,
          46.527381896972656
        ]
      },
      "properties": {
        "source": "flatfox",
        "source_section": "lausanne_shared",
        "source_id": "86290877",
        "source_url": "https://flatfox.ch/fr/flat/1004-lausanne/86290877",
        "area": "lausanne",
        "title": "Chambre en colocation à louer à Lausanne",
        "description_title": "A Modern Coliving Apartment at Avenue de France in Lausanne",
        "price_monthly": 1290.0,
        "price_net": null,
        "charges": null,
        "currency": "CHF",
        "address": null,
        "postal_code": "1004",
        "city": "Lausanne",
        "country": "CH",
        "latitude": 46.527381896972656,
        "longitude": 6.614766597747803,
        "location_precision": "postal_code_city",
        "distance_from_lausanne_km": 1.59,
        "property_type": "private_room",
        "rooms": 1.0,
        "bedrooms": null,
        "bathrooms": null,
        "size_m2": 25.0,
        "usable_area_m2": null,
        "floor": "2e étage",
        "furnished": true,
        "contract_type": null,
        "availability_text": "Immédiatement",
        "available_from": null,
        "available_now": true,
        "available_to": null,
        "minimum_months": null,
        "maximum_months": null,
        "pets": null,
        "smoking": null,
        "student_only": null,
        "gender": null,
        "minimum_age": null,
        "maximum_age": null,
        "description": "Discover \"Pierre,\" a stylishly furnished coliving apartment that offers the perfect balance between comfort and community living for young professionals. With three spacious rooms, you’ll share this apartment with two flatmates, creating opportunities for meaningful connections while enjoying your own space. The shared modern kitchen, equipped with a dishwasher, oven, stove, and fridge, is ideal for hosting communal cooking nights or simply preparing your favorite meal. The apartment features a shared bathroom with a bathtub and sink, as well as an additional separate toilet for added convenience. The dining area, designed for two people, provides a cozy space for shared meals or intimate conversations. The corridor includes built-in closets, offering ample storage for personal belongings. The location is as practical as it is vibrant. Just a short distance away, Ouchy and Lake Geneva offer breathtaking views, a scenic promenade, and plenty of opportunities for relaxation, jogging, or even lakeside picnics. Nearby, Parc de Milan and Parc de Montriond provide lush green spaces, perfect for unwinding or exercising. With excellent public transportation links, including the M2 metro line and several bus routes, Avenue de France is conveniently connected to Lausanne’s city center, train station, and other neighborhoods. For daily essentials, you’ll find supermarkets like Migros and Coop within walking distance, while the nearby Flon district offers extensive shopping, dining, and nightlife options. Food enthusiasts will enjoy exploring the variety of restaurants and cafés in the area, which offer both local Swiss specialties and international cuisines. For academic professionals and students, the location is a great choice due to its proximity to the University of Lausanne (UNIL) and École Polytechnique Fédérale de Lausanne (EPFL). \"Pierre\" combines modern living with a dynamic neighborhood, making it the perfect place to call home. Whether you’re relaxing at home, enjoying nearby parks, or exploring Lausanne’s vibrant cultural and social scene, this coliving apartment offers a comfortable, connected, and enriching lifestyle. Room Estate 🏡 - The leading coliving provider in Switzerland! With us, you can simply move in with your suitcase and start living - everything is ready for you. No paperwork, no hassle, no stress. Everything you need is already organized and all services are included in one price. Coliving here means uncomplicated, modern living and real community. Enjoy your life, we'll take care of the rest. Welcome to Room Estate - your new home in Switzerland! Interested? Secure your place now and make it comfortable with us! 🏡 /// Découvrez \"Pierre\", notre appartement de coliving moderne situé au 23 Avenue de France, 1004 Lausanne. Cet appartement élégamment meublé comprend trois chambres spacieuses que vous partagerez avec deux colocataires. La cuisine commune, moderne et entièrement équipée avec lave-vaisselle, four, cuisinière et réfrigérateur, est idéale pour des soirées culinaires partagées. La salle de bain offre une baignoire et un lavabo ; une toilette séparée est également disponible pour plus de confort. L'espace salle à manger, prévu pour deux personnes, est parfait pour des repas en commun ou des discussions détendues. Le couloir avec placards intégrés offre un espace de rangement suffisant pour les effets personnels. L'emplacement de l'appartement est idéal pour de jeunes professionnels. À proximité immédiate se trouve Ouchy et le lac Léman, propices à des promenades le long de la promenade, des pique-niques dans le parc ou des activités sportives comme le jogging ou le vélo. Le Parc de Milan et le Parc de Montriond offrent d'autres espaces verts pour la détente et les loisirs. Grâce à une excellente desserte des transports publics, y compris la ligne de métro M2 et plusieurs lignes de bus, vous atteignez rapidement le centre-ville, la gare et d'autres points clés de Lausanne. Des supermarchés tels que Migros et Coop ainsi que des commerces locaux couvrent les besoins quotidiens, tandis que le quartier du Flon à proximité propose une variété de boutiques et une vie nocturne animée. De nombreux restaurants et cafés dans les environs offrent une diversité culinaire et invitent à des explorations communes. La proximité de l'Université de Lausanne (UNIL) et de l'École Polytechnique Fédérale de Lausanne (EPFL) rend également l'emplacement attrayant pour les étudiants et les universitaires. Ainsi, \"Pierre\" offre non seulement un cadre de vie confortable, mais aussi de multiples opportunités pour des activités communautaires et une vie urbaine dynamique. Room Estate 🏡 - Le leader du coliving en Suisse! Chez nous, tu peux simplement emménager avec ta valise et commencer à vivre - tout est prêt pour toi. Pas de paperasse, pas d'effort, pas de stress. Tout ce dont tu as besoin est déjà organisé et tous les services sont compris dans un seul prix. Coliving signifie ici un habitat simple et moderne et une véritable communauté. Profite de ta vie, nous nous occupons du reste. Bienvenue chez Room Estate - ton nouveau chez-toi en Suisse! Tu es intéressé(e)? Réserve ta place dès maintenant et mets-toi à l'aise chez nous! 🏡 Contacter l'annonceur Nom E-mail Téléphone Créer un abonnement de recherche pour les annonces similaires Veuillez patienter... Obtenez votre attestation gratuite Renforcez votre dossier de location avec l'attestation provisoire de SwissCaution. Commander maintenant Inscrivez-vous pour annonces à Lausanne Être averti instantanément lorsque des annonces similaires à Lausanne arrivent. Créer une alerte e-mail Annonceur Room Estate AG Katzenbachstrasse 71 8052 Zürich Voir toutes les annonces Annonces similaires autour de Lausanne Location 1’298 CHF Chambre en colocation Rue Saint-François 1005 Lausanne Location 1’150 CHF Chambre en colocation Route du Mont 1 1008 Prilly Location 1’090 CHF Meublé Chambre en colocation 1004 Lausanne Afficher plus..."
      }
    },
    {
      "type": "Feature",
      "geometry": {
        "type": "Point",
        "coordinates": [
          6.614766597747803,
          46.527381896972656
        ]
      },
      "properties": {
        "source": "flatfox",
        "source_section": "lausanne_shared",
        "source_id": "86299527",
        "source_url": "https://flatfox.ch/fr/flat/1004-lausanne/86299527",
        "area": "lausanne",
        "title": "Chambre en colocation à louer à Lausanne",
        "description_title": "Lakeside Coliving Haven in Lausanne's Avenue de France",
        "price_monthly": 1290.0,
        "price_net": null,
        "charges": null,
        "currency": "CHF",
        "address": null,
        "postal_code": "1004",
        "city": "Lausanne",
        "country": "CH",
        "latitude": 46.527381896972656,
        "longitude": 6.614766597747803,
        "location_precision": "postal_code_city",
        "distance_from_lausanne_km": 1.59,
        "property_type": "private_room",
        "rooms": 1.0,
        "bedrooms": null,
        "bathrooms": null,
        "size_m2": 18.0,
        "usable_area_m2": null,
        "floor": "1er étage",
        "furnished": true,
        "contract_type": null,
        "availability_text": "Immédiatement",
        "available_from": null,
        "available_now": true,
        "available_to": null,
        "minimum_months": null,
        "maximum_months": null,
        "pets": null,
        "smoking": null,
        "student_only": null,
        "gender": null,
        "minimum_age": null,
        "maximum_age": null,
        "description": "Welcome to Christina, your new coliving space located at Avenue de France 23, 1004 Lausanne, where modern living meets convenience and community. This stylish apartment offers three spacious rooms, making it an ideal home for young professionals looking to share a comfortable and well-furnished living space with two flatmates. The kitchen is fully equipped with a dishwasher, oven, stove, and fridge, ensuring you have everything needed for preparing meals together. The shared dining area, designed to seat three comfortably, is the perfect spot for enjoying dinner and conversations after a long day. The apartment also includes a bathroom with a bathtub and sink, as well as a separate toilet, ensuring both privacy and convenience for all residents. The sleek, modern furniture throughout the apartment enhances the sense of style and comfort, creating a welcoming environment where you can relax, work, and socialize with ease. Located in a prime area of Lausanne, the Christina apartment is just a short distance from the stunning Ouchy district and Lake Geneva. Ouchy’s picturesque lakeside promenade offers breathtaking views of the Alps and plenty of opportunities for outdoor activities, from leisurely strolls to boat tours. Nearby, Parc de Milan and Montriond provide lush green spaces perfect for jogging, picnics, or simply unwinding in nature. The Botanical Garden of Lausanne, nestled within Parc de Milan, adds an extra layer of serenity and beauty to the area. Public transportation is easily accessible, with the M2 metro line and several bus routes nearby, ensuring that the rest of Lausanne is within easy reach. Whether you’re heading to EPFL or the University of Lausanne for work or study, or exploring the vibrant shopping areas of Flon and Saint-François, getting around is simple and efficient. The Lausanne Gare (Train Station) is also conveniently close, offering connections to other parts of Switzerland and beyond. In the immediate vicinity, you’ll find supermarkets like Migros and Coop, along with a variety of local shops to meet your daily needs. The area’s café culture is vibrant, with numerous restaurants and cafés offering everything from traditional Swiss cuisine to international flavors, ensuring that your culinary adventures are never far away. For fitness enthusiasts, there are several gyms nearby, and with Lake Geneva just minutes away, water sports and other outdoor activities are always an option. At Christina, you’ll experience a perfect blend of tranquility, community, and the vibrancy of city life, all in one of Lausanne’s most sought-after locations. Room Estate 🏡 - The leading coliving provider in Switzerland! With us, you can simply move in with your suitcase and start living - everything is ready for you. No paperwork, no hassle, no stress. Everything you need is already organized and all services are included in one price. Coliving here means uncomplicated, modern living and real community. Enjoy your life, we'll take care of the rest. Welcome to Room Estate - your new home in Switzerland! Interested? Secure your place now and make it comfortable with us! 🏡 /// Bienvenue chez Christina, ton nouvel espace de coliving situé au Avenue de France 23, 1004 Lausanne, où la vie moderne rencontre commodité et communauté. Cet appartement élégant offre trois chambres spacieuses, ce qui en fait une maison idéale pour les jeunes professionnels cherchant à partager un espace de vie confortable et bien meublé avec deux colocataires. La cuisine est entièrement équipée avec un lave-vaisselle, un four, une cuisinière et un réfrigérateur, te garantissant tout le nécessaire pour préparer des repas ensemble. La salle à manger partagée, conçue pour accueillir confortablement trois personnes, est l'endroit parfait pour profiter du dîner et des conversations après une longue journée. L’appartement comprend également une salle de bain avec baignoire et lavabo, ainsi qu’un WC séparé, assurant à tous les résidents à la fois intimité et commodité. Le mobilier moderne et épuré de l’appartement renforce le sentiment de style et de confort, créant un environnement accueillant où tu peux te détendre, travailler et socialiser avec facilité. Situé dans un quartier privilégié de Lausanne, l’appartement Christina se trouve à une courte distance du magnifique quartier d’Ouchy et du lac Léman. La promenade pittoresque d’Ouchy offre des vues imprenables sur les Alpes et de nombreuses opportunités pour des activités en plein air, des promenades tranquilles aux tours en bateau. À proximité, le Parc de Milan et Montriond offrent des espaces verts luxuriants parfaits pour le jogging, les pique-niques ou simplement se détendre dans la nature. Le Jardin Botanique de Lausanne, niché dans le Parc de Milan, ajoute une touche supplémentaire de sérénité et de beauté à la région. Les transports publics sont facilement accessibles, avec la ligne de métro M2 et plusieurs lignes de bus à proximité, garantissant que le reste de Lausanne est facilement joignable. Que tu te rendes à l’EPFL ou à l’Université de Lausanne pour le travail ou les études, ou que tu explores les quartiers commerçants animés de Flon et Saint-François, te déplacer est simple et efficace. La gare de Lausanne est également proche, offrant des connexions vers d’autres parties de la Suisse et au-delà. Dans les environs immédiats, tu trouveras des supermarchés comme Migros et Coop, ainsi qu’une variété de magasins locaux pour répondre à tes besoins quotidiens. La culture des cafés de la région est vibrante, avec de nombreux restaurants et cafés offrant tout, de la cuisine suisse traditionnelle aux saveurs internationales, garantissant que tes aventures culinaires ne sont jamais loin. Pour les amateurs de fitness, plusieurs salles de sport se trouvent à proximité et, avec le lac Léman à quelques minutes, les sports nautiques et autres activités de plein air sont toujours une option. Chez Christina, tu découvriras un parfait mélange de tranquillité, de communauté et de vie citadine, le tout dans l'un des endroits les plus recherchés de Lausanne. Room Estate 🏡 - Le leader du coliving en Suisse! Chez nous, tu peux simplement emménager avec ta valise et commencer à vivre - tout est prêt pour toi. Pas de paperasse, pas d'effort, pas de stress. Tout ce dont tu as besoin est déjà organisé et tous les services sont compris dans un seul prix. Coliving signifie ici un habitat simple et moderne et une véritable communauté. Profite de ta vie, nous nous occupons du reste. Bienvenue chez Room Estate - ton nouveau chez-toi en Suisse! Tu es intéressé(e)? Réserve ta place dès maintenant et mets-toi à l'aise chez nous! 🏡 Contacter l'annonceur Nom E-mail Téléphone Créer un abonnement de recherche pour les annonces similaires Veuillez patienter... Obtenez votre attestation gratuite Renforcez votre dossier de location avec l'attestation provisoire de SwissCaution. Commander maintenant Inscrivez-vous pour annonces à Lausanne Être averti instantanément lorsque des annonces similaires à Lausanne arrivent. Créer une alerte e-mail Annonceur Room Estate AG Katzenbachstrasse 71 8052 Zürich Voir toutes les annonces Annonces similaires autour de Lausanne Location 1’298 CHF Chambre en colocation Rue Saint-François 1005 Lausanne Location 1’150 CHF Chambre en colocation Route du Mont 1 1008 Prilly Location 1’090 CHF Meublé Chambre en colocation 1004 Lausanne Afficher plus..."
      }
    },
    {
      "type": "Feature",
      "geometry": {
        "type": "Point",
        "coordinates": [
          6.614766597747803,
          46.527381896972656
        ]
      },
      "properties": {
        "source": "flatfox",
        "source_section": "lausanne_shared",
        "source_id": "86310767",
        "source_url": "https://flatfox.ch/fr/flat/1004-lausanne/86310767",
        "area": "lausanne",
        "title": "Chambre en colocation à louer à Lausanne",
        "description_title": "Comfort and Community in Lausanne",
        "price_monthly": 1290.0,
        "price_net": null,
        "charges": null,
        "currency": "CHF",
        "address": null,
        "postal_code": "1004",
        "city": "Lausanne",
        "country": "CH",
        "latitude": 46.527381896972656,
        "longitude": 6.614766597747803,
        "location_precision": "postal_code_city",
        "distance_from_lausanne_km": 1.59,
        "property_type": "private_room",
        "rooms": 1.0,
        "bedrooms": null,
        "bathrooms": null,
        "size_m2": 15.0,
        "usable_area_m2": null,
        "floor": "2e étage",
        "furnished": true,
        "contract_type": null,
        "availability_text": "Immédiatement",
        "available_from": null,
        "available_now": true,
        "available_to": null,
        "minimum_months": null,
        "maximum_months": null,
        "pets": null,
        "smoking": null,
        "student_only": null,
        "gender": null,
        "minimum_age": null,
        "maximum_age": null,
        "description": "Welcome to Travis, your ideal coliving space in Lausanne, offering a perfect blend of comfort and community. Located at Avenue Collonges 33, this apartment features three spacious rooms, meaning you will share your home with two friendly flatmates. The well-equipped kitchen, with its modern dishwasher, oven, stove, and fridge, is perfect for preparing shared meals. The bathroom, complete with a bathtub, sink, and toilet, provides a relaxing space to unwind after a busy day. The apartment is tastefully furnished with modern furniture and includes a dining area designed for three people, making it a cozy spot for communal dining and gatherings. Travis is conveniently situated near several key locations. Parc de Valency, just a short walk away, offers ample green space, walking paths, and playgrounds, perfect for outdoor activities and relaxation. Although the Lausanne Gare (main train station) is a bit farther, it's easily accessible via a short drive or bus ride, connecting you to the rest of Switzerland and beyond. For those pursuing education, the area is close to major universities like UNIL and EPFL. The apartment is well-connected by Lausanne’s public transportation system, with bus stops conveniently located nearby, providing easy access to the city center and other parts of Lausanne. For your daily needs, several supermarkets like Migros and Coop, along with smaller local shops, are within walking distance. The area also boasts a variety of restaurants and cafés, offering both local and international cuisine. Lastly, for those interested in culture and sports, Lausanne's city center hosts numerous museums, theaters, and galleries, while nearby sports centers and gyms cater to fitness enthusiasts. Room Estate 🏡 - The leading coliving provider in Switzerland! With us, you can simply move in with your suitcase and start living - everything is ready for you. No paperwork, no hassle, no stress. Everything you need is already organized and all services are included in one price. Coliving here means uncomplicated, modern living and real community. Enjoy your life, we'll take care of the rest. Welcome to Room Estate - your new home in Switzerland! Interested? Secure your place now and make it comfortable with us! 🏡 /// Bienvenue chez Travis, ton espace de coliving idéal à Lausanne, offrant un parfait mélange de confort et de communauté. Situé à l'Avenue Collonges 33, cet appartement dispose de trois chambres spacieuses, ce qui signifie que tu partageras ton foyer avec deux colocataires sympathiques. La cuisine bien équipée, avec un lave-vaisselle moderne, un four, une cuisinière et un réfrigérateur, est parfaite pour préparer des repas partagés. La salle de bains, avec baignoire, lavabo et toilettes, offre un espace de détente pour se ressourcer après une journée bien remplie. L'appartement est joliment meublé avec des meubles modernes et comprend un coin repas conçu pour trois personnes, offrant un endroit cosy pour les repas communs et les rassemblements. Travis est idéalement situé à proximité de plusieurs lieux clés. Le Parc de Valency, à quelques minutes à pied, offre de grands espaces verts, des sentiers de promenade et des aires de jeux, parfaits pour les activités de plein air et la détente. La Gare de Lausanne (gare principale) est un peu plus éloignée, mais facilement accessible en voiture ou en bus, te reliant au reste de la Suisse et au-delà. Pour les étudiants, la région est proche de les grandes universités UNIL et EPFL. L'appartement est bien desservi par le système de transport public de Lausanne, avec des arrêts de bus à proximité, offrant un accès facile au centre-ville et à d'autres parties de Lausanne. Pour tes besoins quotidiens, plusieurs supermarchés comme Migros et Coop, ainsi que des petits commerces locaux, sont accessibles à pied. Le quartier regorge également de restaurants et de cafés, offrant une cuisine locale et internationale. Enfin, pour les amateurs de culture et de sport, le centre-ville de Lausanne abrite de nombreux musées, théâtres et galeries, tandis que les centres sportifs et les gymnases à proximité séduisent les passionnés de fitness. Room Estate 🏡 - Le leader du coliving en Suisse! Chez nous, tu peux simplement emménager avec ta valise et commencer à vivre - tout est prêt pour toi. Pas de paperasse, pas d'effort, pas de stress. Tout ce dont tu as besoin est déjà organisé et tous les services sont compris dans un seul prix. Coliving signifie ici un habitat simple et moderne et une véritable communauté. Profite de ta vie, nous nous occupons du reste. Bienvenue chez Room Estate - ton nouveau chez-toi en Suisse! Tu es intéressé(e)? Réserve ta place dès maintenant et mets-toi à l'aise chez nous! 🏡 Contacter l'annonceur Nom E-mail Téléphone Créer un abonnement de recherche pour les annonces similaires Veuillez patienter... Obtenez votre attestation gratuite Renforcez votre dossier de location avec l'attestation provisoire de SwissCaution. Commander maintenant Inscrivez-vous pour annonces à Lausanne Être averti instantanément lorsque des annonces similaires à Lausanne arrivent. Créer une alerte e-mail Annonceur Room Estate AG Katzenbachstrasse 71 8052 Zürich Voir toutes les annonces Annonces similaires autour de Lausanne Location 1’298 CHF Chambre en colocation Rue Saint-François 1005 Lausanne Location 1’090 CHF Meublé Chambre en colocation 1004 Lausanne Location 1’190 CHF Meublé Chambre en colocation 1004 Lausanne Afficher plus..."
      }
    },
    {
      "type": "Feature",
      "geometry": {
        "type": "Point",
        "coordinates": [
          6.616215229034424,
          46.529483795166016
        ]
      },
      "properties": {
        "source": "immobilier.ch",
        "source_section": "lausanne",
        "source_id": "1313481",
        "source_url": "https://www.immobilier.ch/fr/louer/appartement/vaud/lausanne/naef-immobilier-lausanne-bureaux-administratifs-269/appartement-charmant-25-pces-aux-combles-1313481",
        "area": "lausanne",
        "title": "Appartement charmant de 2.5 pces aux combles",
        "description_title": "Votre garantie de loyer",
        "price_monthly": 2125.0,
        "price_net": null,
        "charges": null,
        "currency": "CHF",
        "address": "Chemin de Montétan 19",
        "postal_code": "1004",
        "city": "Lausanne",
        "country": "CH",
        "latitude": 46.529483795166016,
        "longitude": 6.616215229034424,
        "location_precision": "address",
        "distance_from_lausanne_km": 1.64,
        "property_type": "apartment",
        "rooms": 2.5,
        "bedrooms": 1.0,
        "bathrooms": null,
        "size_m2": 86.0,
        "usable_area_m2": null,
        "floor": null,
        "furnished": null,
        "contract_type": null,
        "availability_text": "Disponible de suite",
        "available_from": null,
        "available_now": true,
        "available_to": null,
        "minimum_months": null,
        "maximum_months": null,
        "pets": null,
        "smoking": null,
        "student_only": null,
        "gender": null,
        "minimum_age": null,
        "maximum_age": null,
        "description": "Appartement charmant de 2.5 pces aux combles Description du bien Découvrez cet appartement lumineux en attique, situé dans un quartier dynamique et verdoyant, à proximité de toutes les commodités et des commerces. Cet appartement se compose d'un hall d'entrée avec armoire murale, d'un séjour offrant une vue panoramique à 180° sur le lac, d'une chambre à coucher avec réduit, d'une cuisine équipée ouverte sur le séjour, d'une salle de bains et d'un WC séparé. Un galetas complète ce bien. Le loyer échelonné se compose comme suit : - CHF 2'000.00 net + charges la 1ère et 2ème année ; - CHF 2'125.00 net + charges la 3ème année ; - CHF 2'125.00 net + charges la 4ème année avec début d’indexation. N'hésitez pas à nous contacter pour toute information complémentaire ou pour convenir d'une visite !"
      }
    },
    {
      "type": "Feature",
      "geometry": {
        "type": "Point",
        "coordinates": [
          6.620298385620117,
          46.53239440917969
        ]
      },
      "properties": {
        "source": "immobilier.ch",
        "source_section": "lausanne",
        "source_id": "1545592",
        "source_url": "https://www.immobilier.ch/fr/louer/appartement/vaud/lausanne/livit-ag-real-estate-management-675/les-hauteurs-ville-1545592",
        "area": "lausanne",
        "title": "Dans les hauteurs de la ville",
        "description_title": "Votre garantie de loyer",
        "price_monthly": 1870.0,
        "price_net": null,
        "charges": null,
        "currency": "CHF",
        "address": "Avenue du Grey 20",
        "postal_code": "1004",
        "city": "Lausanne",
        "country": "CH",
        "latitude": 46.53239440917969,
        "longitude": 6.620298385620117,
        "location_precision": "address",
        "distance_from_lausanne_km": 1.68,
        "property_type": "apartment",
        "rooms": 3.5,
        "bedrooms": 2.0,
        "bathrooms": null,
        "size_m2": 87.0,
        "usable_area_m2": null,
        "floor": "Rez-de-chaussée",
        "furnished": null,
        "contract_type": null,
        "availability_text": "Disponible dès le 01.09.2026",
        "available_from": "2026-09-01",
        "available_now": false,
        "available_to": null,
        "minimum_months": null,
        "maximum_months": null,
        "pets": true,
        "smoking": null,
        "student_only": null,
        "gender": null,
        "minimum_age": null,
        "maximum_age": null,
        "description": "Dans les hauteurs de la ville Description du bien Nous proposons à la location un logement situé entièrement rénové dans qui se compose comme suit : - Hall avec armoires murales - Salon avec parquet donnant sur balcon - 2 chambres avec parquet - Cuisine entièrement agencée - Salle de bain - Salle de douche - Réduit - Cave - Ascenseur - Interphone Possibilité de louer un garage box à CHF 160.00/mensuel. A proximité de l'immeuble, l'arrêt de bus \"Bergières\" avec la ligne no 21 qui vous emmènera directement au centre-ville de Lausanne. Avons-nous attiré votre intérêt ? Contactez-nous directement dans l'annonce via \"Contacter l’annonceur\". Vous recevrez ensuite un mail automatisé contenant les informations relatives à la visite ainsi qu’un lien pour postuler directement en ligne après la visite et/ou nous poser vos questions"
      }
    },
    {
      "type": "Feature",
      "geometry": {
        "type": "Point",
        "coordinates": [
          6.652377605438232,
          46.52589416503906
        ]
      },
      "properties": {
        "source": "flatfox",
        "source_section": "lausanne_shared",
        "source_id": "86268402",
        "source_url": "https://flatfox.ch/fr/flat/avenue-de-chailly-1-1012-lausanne/86268402",
        "area": "lausanne",
        "title": "Chambre en colocation à louer à Lausanne",
        "description_title": "Loue chambre - disponible début septembre",
        "price_monthly": 1190.0,
        "price_net": null,
        "charges": null,
        "currency": "CHF",
        "address": "Avenue de Chailly 1",
        "postal_code": "1012",
        "city": "Lausanne",
        "country": "CH",
        "latitude": 46.52589416503906,
        "longitude": 6.652377605438232,
        "location_precision": "address",
        "distance_from_lausanne_km": 1.68,
        "property_type": "private_room",
        "rooms": 1.0,
        "bedrooms": null,
        "bathrooms": null,
        "size_m2": null,
        "usable_area_m2": 15.0,
        "floor": "rez-de-chaussée",
        "furnished": true,
        "contract_type": null,
        "availability_text": "Sur demande",
        "available_from": null,
        "available_now": false,
        "available_to": null,
        "minimum_months": null,
        "maximum_months": null,
        "pets": null,
        "smoking": null,
        "student_only": null,
        "gender": null,
        "minimum_age": null,
        "maximum_age": null,
        "description": "Bonjour, je suis un ingénieur cinquantenaire, calme et sérieux. J'habite un appartement 3.5 pièces à Lausanne dans lequel je mets à louer la deuxième chambre. Le logement a été entièrement rénové en début 2026. En plus de la chambre, vous profiterez en colocation avec moi des parties communes de l'appartement à savoir : - Salle de bain lumineuse avec baignoire et porte-serviette chauffant. - Une cuisine équipée avec grands placards, plaque vitrocéramique, hotte, four, lave-vaisselle ainsi qu'un grand frigo incluant un véritable congélateur. - Un salon lumineux très agréable. La chambre à occuper dispose de: - un lit 90x200 - un placard encastré avec étagères et penderie - une table ronde et deux chaises - un fauteuil type cabriolet - une étagère Ikea kallax 4 compartiments - une SmartTV 4k de 42 pouces Le logement est idéalement situé, à proximité immédiate de toutes les commodités : - Migros, Denner et Coop tous à 1 minute à pied - Autres commerces à moins de 2 minutes à pied - Arrêt de bus à 20 mètres de la porte La chambre est disponible début septembre (date à convenir). Un mois de caution en plus du mois de loyer en cours est demandé en garantie. En cas d'intérêt merci de me fournir un dossier complet incluant copie de pièce d'identité, copie d'autorisation de séjour, justificatifs de revenus ainsi qu'une présentation de vous-même. A noter également que je suis très souvent en déplacement professionnel, ce qui vous permettra, lors de ces périodes, de profiter en toute tranquillité du logement. Contacter l'annonceur Nom E-mail Téléphone Créer un abonnement de recherche pour les annonces similaires Veuillez patienter... Obtenez votre attestation gratuite Renforcez votre dossier de location avec l'attestation provisoire de SwissCaution. Commander maintenant Inscrivez-vous pour annonces à Lausanne Être averti instantanément lorsque des annonces similaires à Lausanne arrivent. Créer une alerte e-mail Annonces similaires autour de Lausanne Location 1’100 CHF Meublé Chambre en colocation Route de Berne, 57 1010 Lausanne Location 1’298 CHF Chambre en colocation Rue Saint-François 1005 Lausanne Location 1’090 CHF Meublé Chambre en colocation 1004 Lausanne Afficher plus..."
      }
    },
    {
      "type": "Feature",
      "geometry": {
        "type": "Point",
        "coordinates": [
          6.612412452697754,
          46.526214599609375
        ]
      },
      "properties": {
        "source": "immobilier.ch",
        "source_section": "lausanne",
        "source_id": "1515825",
        "source_url": "https://www.immobilier.ch/fr/louer/appartement/vaud/lausanne/rosset-immobilier-geneve-vaud-fribourg-siege-social-46/louer-superbe-appartement-duplex-45-pieces-2eme-sous-sol-1515825",
        "area": "lausanne",
        "title": "A louer, superbe appartement duplex de 4.5 pièces au 2ème sous-sol",
        "description_title": "Votre garantie de loyer",
        "price_monthly": 2920.0,
        "price_net": null,
        "charges": null,
        "currency": "CHF",
        "address": "Avenue de Morges 145B",
        "postal_code": "1004",
        "city": "Lausanne",
        "country": "CH",
        "latitude": 46.526214599609375,
        "longitude": 6.612412452697754,
        "location_precision": "address",
        "distance_from_lausanne_km": 1.69,
        "property_type": "apartment",
        "rooms": 4.5,
        "bedrooms": null,
        "bathrooms": null,
        "size_m2": 101.0,
        "usable_area_m2": null,
        "floor": "1er étage",
        "furnished": null,
        "contract_type": null,
        "availability_text": "Disponible de suite",
        "available_from": null,
        "available_now": true,
        "available_to": null,
        "minimum_months": null,
        "maximum_months": null,
        "pets": null,
        "smoking": null,
        "student_only": null,
        "gender": null,
        "minimum_age": null,
        "maximum_age": null,
        "description": "A louer, superbe appartement duplex de 4.5 pièces au 2ème sous-sol Description du bien Rez : un hall, une chambre, un salon, salle de douche/WC et une terrasse/jardin. 1er étage: une cuisine entièrement agencée ouverte sur salle à manger, deux chambres, une salle de bains/WC. Une cave est également mise à disposition. Possibilité de louer une place de parc intérieure (non comprise). N'hésitez pas à nous contacter pour organiser une visite."
      }
    },
    {
      "type": "Feature",
      "geometry": {
        "type": "Point",
        "coordinates": [
          6.609962463378906,
          46.52336120605469
        ]
      },
      "properties": {
        "source": "ronorp",
        "source_section": "romandie",
        "source_id": null,
        "source_url": "https://ronorp.net/market/posts/salle-avec-tatamis-a-louer-annuel-ou-ponctuel-dojo",
        "area": "lausanne",
        "title": "Salle avec tatamis à louer, annuel ou ponctuel (dojo)",
        "description_title": null,
        "price_monthly": null,
        "price_net": null,
        "charges": null,
        "currency": "CHF",
        "address": "Av. de Provence 10",
        "postal_code": "1007",
        "city": "Lausanne, Suisse",
        "country": "CH",
        "latitude": 46.52336120605469,
        "longitude": 6.609962463378906,
        "location_precision": "address",
        "distance_from_lausanne_km": 1.76,
        "property_type": "private_room",
        "rooms": 2.5,
        "bedrooms": null,
        "bathrooms": null,
        "size_m2": 192.0,
        "usable_area_m2": null,
        "floor": "2. Etage",
        "furnished": true,
        "contract_type": null,
        "availability_text": null,
        "available_from": null,
        "available_now": null,
        "available_to": null,
        "minimum_months": null,
        "maximum_months": null,
        "pets": null,
        "smoking": null,
        "student_only": null,
        "gender": null,
        "minimum_age": null,
        "maximum_age": null,
        "description": "Zürich Was heute in Zürich läuft Login/Sign up STADTLEBEN EVENTS NEWSLETTER COMMUNITY MARKT RON PASS X REKA Inserat aufgeben HOME IMMOBILIEN SECOND HAND JOBS STADTSERVICES Entdecke deine Stadt jeden Tag neu Frische Vibes und urbane News für dein Leben. Newsletter abonnieren A Aïkido Lausanne Dojo Folgen 17 Aug. 2026 Markt Immobilien Ladenlokal / Gastronomie / Gewerbe Gewerberaum 3 weitere Fotos Sags der Stadt Promote dein Angebot in der Community und teile es in deinen Socials! Boosten Share Salle avec tatamis à louer, annuel ou ponctuel (dojo) Kontakt Details Preis CHF50.00 Typ BIETE Adresse Av. de Provence 10, 1007 Lausanne, Suisse City/Agglo City PLZ 1007 Räume 2.5 Badezimmer 2 Böden 2. Etage Quadratmeter 192 Suche nach Rent Besichtigungstermin/e -- Vertrag -- Email -- Zusätzliche Annehmlichkeiten Aufzug Gemeinschaftsraum Garage/Parkplatz Offrez-vous un cadre unique pour vivre pleinement votre art dans notre espace lumineux, spacieux et polyvalent, propice"
      }
    },
    {
      "type": "Feature",
      "geometry": {
        "type": "Point",
        "coordinates": [
          6.619300365447998,
          46.53339385986328
        ]
      },
      "properties": {
        "source": "immobilier.ch",
        "source_section": "lausanne",
        "source_id": "1544047",
        "source_url": "https://www.immobilier.ch/fr/louer/appartement/vaud/lausanne/cogestim-lausanne-237/bel-appartement-35-pieces-rez-chaussee-1544047",
        "area": "lausanne",
        "title": "Bel appartement de 3.5 pièces au rez-de-chaussée",
        "description_title": "Votre garantie de loyer",
        "price_monthly": 2200.0,
        "price_net": null,
        "charges": null,
        "currency": "CHF",
        "address": "Ch. de Pierrefleur 1",
        "postal_code": "1004",
        "city": "Lausanne",
        "country": "CH",
        "latitude": 46.53339385986328,
        "longitude": 6.619300365447998,
        "location_precision": "address",
        "distance_from_lausanne_km": 1.82,
        "property_type": "apartment",
        "rooms": 3.5,
        "bedrooms": 2.0,
        "bathrooms": 2.0,
        "size_m2": 82.0,
        "usable_area_m2": null,
        "floor": "rez-de-chaussée",
        "furnished": null,
        "contract_type": null,
        "availability_text": "Disponible dès le 01.12.2026",
        "available_from": "2026-12-01",
        "available_now": false,
        "available_to": null,
        "minimum_months": null,
        "maximum_months": null,
        "pets": null,
        "smoking": null,
        "student_only": null,
        "gender": null,
        "minimum_age": null,
        "maximum_age": null,
        "description": "Bel appartement de 3.5 pièces au rez-de-chaussée Description du bien Ce bel appartement de 3.5 pièces au rez-de-chaussée est situé dans un immeuble récent bénéficiant des conforts d'un immeuble moderne. Il saura vous séduire par ces nombreuses caractéristiques : - Entrée et hall avec rangements - Lumineux séjour - Cuisine agencée ouverte - 2 belles chambres - 2 salles d'eau (1x avec douche et 1x baignoire avec raccordement pour colonne de lavage sans machine) - Une cave --- CONTACT VISITES --- M.DEWAELE Alexis joignable --- EN CAS D'INTÉRÊT --- Merci de bien vouloir effectuer votre candidature en ligne. Ladite candidature est à remplir depuis l'annonce de cet appartement sur notre site www.cogestim.ch."
      }
    },
    {
      "type": "Feature",
      "geometry": {
        "type": "Point",
        "coordinates": [
          6.619300365447998,
          46.53339385986328
        ]
      },
      "properties": {
        "source": "flatfox",
        "source_section": "lausanne_shared",
        "source_id": "86291198",
        "source_url": "https://flatfox.ch/fr/flat/chemin-de-pierrefleur-1004-lausanne/86291198",
        "area": "lausanne",
        "title": "Chambre en colocation à louer à Lausanne",
        "description_title": "Chambre en colocation à Lausanne",
        "price_monthly": 967.0,
        "price_net": null,
        "charges": null,
        "currency": "CHF",
        "address": "Chemin de Pierrefleur",
        "postal_code": "1004",
        "city": "Lausanne",
        "country": "CH",
        "latitude": 46.53339385986328,
        "longitude": 6.619300365447998,
        "location_precision": "address",
        "distance_from_lausanne_km": 1.82,
        "property_type": "private_room",
        "rooms": 1.0,
        "bedrooms": null,
        "bathrooms": null,
        "size_m2": 20.0,
        "usable_area_m2": null,
        "floor": null,
        "furnished": true,
        "contract_type": "temporary",
        "availability_text": "Sur demande",
        "available_from": null,
        "available_now": false,
        "available_to": null,
        "minimum_months": null,
        "maximum_months": null,
        "pets": null,
        "smoking": null,
        "student_only": null,
        "gender": null,
        "minimum_age": null,
        "maximum_age": null,
        "description": "Sous-location – Chambre meublée à Lausanne Chambre meublée disponible dès le Septembre dans un spacieux appartement de 4,5 pièces. L’appartement : Environ 110 m², lumineux et entièrement meublé 3ᵉ étage Grand salon avec balcon Magnifique vue sur le lac et les Alpes Cuisine équipée avec lave-vaisselle Salle de bain avec douche et machine à laver La chambre est meublée avec lit gigogne, bureau, chaise, armoire et étagère. 📍 Ch. de Pierrefleur, 1004 Lausanne Bus 2 devant l’immeuble Proche des bus 4 et 33 ainsi que du LEB Commodités à proximité EPFL et UNIL facilement accessibles CHF 967/mois, toutes charges comprises Eau, électricité, chauffage, Internet et Swisscom TV inclus. Pour toute demande de visite, merci d’indiquer votre nom, votre situation professionnelle ou académique ainsi que la durée souhaitée de la sous-location. Contacter l'annonceur Nom E-mail Téléphone Créer un abonnement de recherche pour les annonces similaires Veuillez patienter... Obtenez votre attestation gratuite Renforcez votre dossier de location avec l'attestation provisoire de SwissCaution. Commander maintenant Inscrivez-vous pour annonces à Lausanne Être averti instantanément lorsque des annonces similaires à Lausanne arrivent. Créer une alerte e-mail Annonces similaires autour de Lausanne Location 995 CHF Meublé Chambre en colocation Rue de la Baumettaz 5 1023 Crissier Location 1’000 CHF Meublé Chambre en colocation 1018 Lausanne Location 880 CHF Chambre en colocation Rue de Genève 77 1004 Lausanne Afficher plus..."
      }
    },
    {
      "type": "Feature",
      "geometry": {
        "type": "Point",
        "coordinates": [
          6.614458084106445,
          46.53102493286133
        ]
      },
      "properties": {
        "source": "immobilier.ch",
        "source_section": "lausanne",
        "source_id": "1529055",
        "source_url": "https://www.immobilier.ch/fr/louer/appartement/vaud/lausanne/rosset-immobilier-geneve-vaud-fribourg-siege-social-46/appartement-4-pieces-4eme-etage-1529055",
        "area": "lausanne",
        "title": "Appartement de 4 pièces au 4ème étage",
        "description_title": "Votre garantie de loyer",
        "price_monthly": 2500.0,
        "price_net": null,
        "charges": null,
        "currency": "CHF",
        "address": "Chemin des Avelines 7",
        "postal_code": "1004",
        "city": "Lausanne",
        "country": "CH",
        "latitude": 46.53102493286133,
        "longitude": 6.614458084106445,
        "location_precision": "address",
        "distance_from_lausanne_km": 1.86,
        "property_type": "apartment",
        "rooms": 4.0,
        "bedrooms": null,
        "bathrooms": null,
        "size_m2": 96.0,
        "usable_area_m2": null,
        "floor": "4ème étage",
        "furnished": null,
        "contract_type": null,
        "availability_text": null,
        "available_from": null,
        "available_now": null,
        "available_to": null,
        "minimum_months": null,
        "maximum_months": null,
        "pets": null,
        "smoking": null,
        "student_only": null,
        "gender": null,
        "minimum_age": null,
        "maximum_age": null,
        "description": "Appartement de 4 pièces au 4ème étage Description du bien Le logement comprend : un hall, un séjour, trois chambres, une cuisine agencée, une salle de bains/WC, un WC séparé et un balcon. Possibilité de louer une place intérieure à 160.-/mois (non comprise)."
      }
    },
    {
      "type": "Feature",
      "geometry": {
        "type": "Point",
        "coordinates": [
          6.6112542152404785,
          46.528316497802734
        ]
      },
      "properties": {
        "source": "immobilier.ch",
        "source_section": "lausanne",
        "source_id": "1537200",
        "source_url": "https://www.immobilier.ch/fr/louer/appartement/vaud/lausanne/bernard-nicod-lausanne-gare-gerance-2201/charmant-25-pieces-centre-ville-1537200",
        "area": "lausanne",
        "title": "Charmant 2.5 pièces au centre-ville",
        "description_title": "Votre garantie de loyer",
        "price_monthly": 1550.0,
        "price_net": null,
        "charges": null,
        "currency": "CHF",
        "address": "Avenue de Sévery 8",
        "postal_code": "1004",
        "city": "Lausanne",
        "country": "CH",
        "latitude": 46.528316497802734,
        "longitude": 6.6112542152404785,
        "location_precision": "address",
        "distance_from_lausanne_km": 1.87,
        "property_type": "apartment",
        "rooms": 2.5,
        "bedrooms": null,
        "bathrooms": null,
        "size_m2": 47.0,
        "usable_area_m2": null,
        "floor": "1er étage",
        "furnished": null,
        "contract_type": null,
        "availability_text": "Disponible dès le 01.09.2026",
        "available_from": "2026-09-01",
        "available_now": false,
        "available_to": null,
        "minimum_months": null,
        "maximum_months": null,
        "pets": null,
        "smoking": null,
        "student_only": null,
        "gender": null,
        "minimum_age": null,
        "maximum_age": null,
        "description": "Charmant 2.5 pièces au centre-ville Description du bien Situé dans un quartier verdoyant et recherché de Lausanne, ce charmant appartement de 2.5 pièces offre un cadre de vie agréable, proche de toutes les commodités.(métro, gare, bus, écoles, crèches, centres commerciaux etc.). Le bien se compose comme suit : Un séjour spacieux Cuisine équipée une chambre Salle de bains / WC Balcon"
      }
    },
    {
      "type": "Feature",
      "geometry": {
        "type": "Point",
        "coordinates": [
          6.6112542152404785,
          46.528316497802734
        ]
      },
      "properties": {
        "source": "immobilier.ch",
        "source_section": "lausanne",
        "source_id": "1528335",
        "source_url": "https://www.immobilier.ch/fr/louer/appartement/vaud/lausanne/retraites-populaires-1429/appartement-1528335",
        "area": "lausanne",
        "title": "Appartement",
        "description_title": "Votre garantie de loyer",
        "price_monthly": 1550.0,
        "price_net": null,
        "charges": null,
        "currency": "CHF",
        "address": "Avenue William-de-Charrière-de-Sévery 8",
        "postal_code": "1004",
        "city": "Lausanne",
        "country": "CH",
        "latitude": 46.528316497802734,
        "longitude": 6.6112542152404785,
        "location_precision": "address",
        "distance_from_lausanne_km": 1.87,
        "property_type": "apartment",
        "rooms": 2.5,
        "bedrooms": null,
        "bathrooms": null,
        "size_m2": 47.0,
        "usable_area_m2": null,
        "floor": "1er étage",
        "furnished": null,
        "contract_type": null,
        "availability_text": "Disponible dès le 01.09.2026",
        "available_from": "2026-09-01",
        "available_now": false,
        "available_to": null,
        "minimum_months": null,
        "maximum_months": null,
        "pets": null,
        "smoking": null,
        "student_only": null,
        "gender": null,
        "minimum_age": null,
        "maximum_age": null,
        "description": "Appartement Description du bien Petit immeuble de 16 logements, sans ascenseur Environnement : Transports publics, Accès autoroutier(s), Verdure, Calme, Commerce(s), Restaurant(s), Crèche(s), Ecole(s) Agencements intérieurs : Balcon, Hall d'entrée, Salon, Sol en parquet, Sol en pierre, Une chambre à coucher Cuisine entièrement agencée avec fenêtre : Congélateur, Réfrigérateur, Cuisinière, Cuisinière électrique, Hotte de ventilation, Vitrocéramique Salle d'eau 1 : Baignoire, Lavabo, WC"
      }
    },
    {
      "type": "Feature",
      "geometry": {
        "type": "Point",
        "coordinates": [
          6.611128330230713,
          46.528778076171875
        ]
      },
      "properties": {
        "source": "immobilier.ch",
        "source_section": "lausanne",
        "source_id": "1533529",
        "source_url": "https://www.immobilier.ch/fr/louer/appartement/vaud/lausanne/galland-cie-254/appartement-4-pieces-rez-superieur-1533529",
        "area": "lausanne",
        "title": "Appartement de 4 pièces au rez supérieur",
        "description_title": "Votre garantie de loyer",
        "price_monthly": 2350.0,
        "price_net": null,
        "charges": null,
        "currency": "CHF",
        "address": "Chemin du Risoux 17",
        "postal_code": "1004",
        "city": "Lausanne",
        "country": "CH",
        "latitude": 46.528778076171875,
        "longitude": 6.611128330230713,
        "location_precision": "address",
        "distance_from_lausanne_km": 1.91,
        "property_type": "apartment",
        "rooms": 4.0,
        "bedrooms": 3.0,
        "bathrooms": null,
        "size_m2": 84.0,
        "usable_area_m2": null,
        "floor": "Rez-de-chaussée",
        "furnished": null,
        "contract_type": null,
        "availability_text": "Disponible dès le 15.10.2026",
        "available_from": "2026-10-15",
        "available_now": false,
        "available_to": null,
        "minimum_months": null,
        "maximum_months": null,
        "pets": null,
        "smoking": null,
        "student_only": null,
        "gender": null,
        "minimum_age": null,
        "maximum_age": null,
        "description": "Appartement de 4 pièces au rez supérieur Description du bien Quartier de Montétan, centre commercial COOP à 5 minutes à pieds. Très calme, en bordure d'un parc public. Appartement avec cachet comprenant : deux halls, une cuisine agencée, un séjour, 3 chambres, 2 salles de bains/WC, un balcon."
      }
    },
    {
      "type": "Feature",
      "geometry": {
        "type": "Point",
        "coordinates": [
          6.614189147949219,
          46.531517028808594
        ]
      },
      "properties": {
        "source": "flatfox",
        "source_section": "lausanne_shared",
        "source_id": "86266443",
        "source_url": "https://flatfox.ch/fr/flat/1012-lausanne/86266443",
        "area": "lausanne",
        "title": "Chambre en colocation à louer à Lausanne",
        "description_title": "Modern Coliving with Green Surroundings and City Access in Lausanne-Béthusy",
        "price_monthly": 1190.0,
        "price_net": null,
        "charges": null,
        "currency": "CHF",
        "address": null,
        "postal_code": "1012",
        "city": "Lausanne",
        "country": "CH",
        "latitude": 46.531517028808594,
        "longitude": 6.614189147949219,
        "location_precision": "postal_code_city",
        "distance_from_lausanne_km": 1.91,
        "property_type": "private_room",
        "rooms": 1.0,
        "bedrooms": null,
        "bathrooms": null,
        "size_m2": 15.0,
        "usable_area_m2": null,
        "floor": "1er étage",
        "furnished": true,
        "contract_type": null,
        "availability_text": "Immédiatement",
        "available_from": null,
        "available_now": true,
        "available_to": null,
        "minimum_months": null,
        "maximum_months": null,
        "pets": null,
        "smoking": null,
        "student_only": null,
        "gender": null,
        "minimum_age": null,
        "maximum_age": null,
        "description": "Welcome to Cecilia, your new coliving home at Avenue de Béthusy 75, 1012 Lausanne. With three spacious bedrooms, you’ll share this bright and modern apartment with two flatmates, making it easy to balance privacy and community. The fully equipped kitchen with dishwasher, oven, stove, and fridge is perfect for cooking nights or meal-prepping together, while the dining area for four offers space for shared meals, study sessions, or evening chats. The shared bathroom with bathtub and sink, plus a separate toilet, ensures comfort and convenience. Stylish modern furniture and a shared balcony add a cozy, social touch—ideal for morning coffee or a relaxed evening apéro with your flatmates. Cecilia is located in Béthusy, a green and calm neighborhood just minutes from central Lausanne. Public transport is excellent: the Ours metro station (M2) is very close, and the CHUV metro stop is nearby, providing direct access to Lausanne’s hospital, medical campus, and city center. Several bus lines also serve the area, making it simple to get around town or to the universities. Shops and essentials are right at your doorstep, with local groceries, cafés, and bakeries in the Béthusy/Vallon-Béthusy area. The Brasserie de Béthusy is a popular nearby spot for casual meals or after-work hangouts with flatmates. Parc de Mon-Repos, one of Lausanne’s most beautiful green spaces, is just a short walk away—perfect for picnics, walks, or outdoor workouts. The neighborhood’s quieter, greener vibe makes it a comfortable place to recharge while staying connected to the city’s energy. For students and young professionals, Cecilia offers great access to CHUV, Lausanne’s universities, and research centers, all just a short metro ride away. At home, you’ll find plenty of ways to connect with your flatmates—host a themed dinner, organize balcony brunches, or plan an afternoon at the park together. Cecilia is more than just an apartment: it’s a welcoming home where community, convenience, and city living come together. Room Estate 🏡 - The leading coliving provider in Switzerland! With us, you can simply move in with your suitcase and start living - everything is ready for you. No paperwork, no hassle, no stress. Everything you need is already organized and all services are included in one price. Coliving here means uncomplicated, modern living and real community. Enjoy your life, we'll take care of the rest. Welcome to Room Estate - your new home in Switzerland! Interested? Secure your place now and make it comfortable with us! 🏡 /// Bienvenue à Cecilia, ton nouveau logement en coliving situé à l’Avenue de Béthusy 75, 1012 Lausanne. Avec trois grandes chambres, tu partageras cet appartement lumineux et moderne avec deux colocataires – parfait pour trouver l’équilibre entre intimité et convivialité. La cuisine entièrement équipée avec lave-vaisselle, four, plaques de cuisson et réfrigérateur est idéale pour préparer des repas ensemble, et la salle à manger pour quatre personnes est parfaite pour partager un dîner, réviser ou discuter en soirée. La salle de bain avec baignoire et lavabo, ainsi que les toilettes séparées, apportent confort et praticité. Le mobilier moderne et le balcon commun créent une ambiance chaleureuse et conviviale – idéale pour un café le matin ou un apéro en fin de journée avec tes colocs. Cecilia se trouve dans le quartier verdoyant et calme de Béthusy, à seulement quelques minutes du centre de Lausanne. La station de métro Ours (M2) est toute proche, tout comme l’arrêt CHUV, qui te relie directement au campus médical et universitaire ainsi qu’au centre-ville. Plusieurs lignes de bus traversent également le quartier, facilitant les déplacements dans toute la ville. Dans le voisinage, tu trouveras des commerces de proximité, des cafés et des boulangeries. La Brasserie de Béthusy est un lieu apprécié pour manger ou prendre un verre avec tes colocataires. Le Parc de Mon-Repos, tout proche, est parfait pour pique-niquer, se promener ou faire du sport en plein air. Avec son atmosphère plus verte et plus calme que le centre, le quartier est idéal pour se détendre tout en restant connecté à la vie urbaine. Que tu sois étudiant·e, chercheur·se ou jeune professionnel·le, Cecilia te place à deux pas de l’Université de Lausanne, de l’EPFL et du CHUV. Et à la maison, tu profiteras d’une vraie vie en communauté – soirées cuisine, brunchs sur le balcon ou après-midis au parc. Cecilia, ce n’est pas seulement un appartement, c’est un lieu où confort, convivialité et vie urbaine se rencontrent. Room Estate 🏡 - Le leader du coliving en Suisse! Chez nous, tu peux simplement emménager avec ta valise et commencer à vivre - tout est prêt pour toi. Pas de paperasse, pas d'effort, pas de stress. Tout ce dont tu as besoin est déjà organisé et tous les services sont compris dans un seul prix. Coliving signifie ici un habitat simple et moderne et une véritable communauté. Profite de ta vie, nous nous occupons du reste. Bienvenue chez Room Estate - ton nouveau chez-toi en Suisse! Tu es intéressé(e)? Réserve ta place dès maintenant et mets-toi à l'aise chez nous! 🏡 Contacter l'annonceur Nom E-mail Téléphone Créer un abonnement de recherche pour les annonces similaires Veuillez patienter... Obtenez votre attestation gratuite Renforcez votre dossier de location avec l'attestation provisoire de SwissCaution. Commander maintenant Inscrivez-vous pour annonces à Lausanne Être averti instantanément lorsque des annonces similaires à Lausanne arrivent. Créer une alerte e-mail Annonceur Room Estate AG Katzenbachstrasse 71 8052 Zürich Voir toutes les annonces Annonces similaires autour de Lausanne Location 800 CHF Meublé Chambre en colocation 1012 Lausanne Location 1’100 CHF Meublé Chambre en colocation Route de Berne, 57 1010 Lausanne Location 1’298 CHF Chambre en colocation Rue Saint-François 1005 Lausanne Afficher plus..."
      }
    },
    {
      "type": "Feature",
      "geometry": {
        "type": "Point",
        "coordinates": [
          6.610356330871582,
          46.528324127197266
        ]
      },
      "properties": {
        "source": "immobilier.ch",
        "source_section": "lausanne",
        "source_id": "1560049",
        "source_url": "https://www.immobilier.ch/fr/louer/appartement/vaud/lausanne/myhome-immobilier-jcm-517/joli-appartement-2-pieces-2eme-etage-1560049",
        "area": "lausanne",
        "title": "Joli appartement de 2 pièces au 2ème étage",
        "description_title": "Joli appartement de 2 pièces au 2ème étage",
        "price_monthly": null,
        "price_net": null,
        "charges": null,
        "currency": "CHF",
        "address": "Avenue de Sévery 13",
        "postal_code": "1004",
        "city": "Lausanne",
        "country": "CH",
        "latitude": 46.528324127197266,
        "longitude": 6.610356330871582,
        "location_precision": "address",
        "distance_from_lausanne_km": 1.93,
        "property_type": "apartment",
        "rooms": 2.5,
        "bedrooms": null,
        "bathrooms": null,
        "size_m2": 53.0,
        "usable_area_m2": null,
        "floor": "2ème étage",
        "furnished": null,
        "contract_type": null,
        "availability_text": "Disponible de suite",
        "available_from": null,
        "available_now": true,
        "available_to": null,
        "minimum_months": null,
        "maximum_months": null,
        "pets": null,
        "smoking": null,
        "student_only": null,
        "gender": null,
        "minimum_age": null,
        "maximum_age": null,
        "description": "Description du bien Ce charmant appartement est situé dans un quartier calme, proche de toutes commodités et à deux pas du joli parc Valency. Il est composé de la manière suivante: Un séjour avec balcon orienté sud Une chambre Une cuisine partiellement équipée Une salle de bains/WC Il est complété par une cave. NB: l'immeuble ne dispose pas d'ascenseur."
      }
    },
    {
      "type": "Feature",
      "geometry": {
        "type": "Point",
        "coordinates": [
          6.656221389770508,
          46.514122009277344
        ]
      },
      "properties": {
        "source": "flatfox",
        "source_section": "lausanne_shared",
        "source_id": "86193420",
        "source_url": "https://flatfox.ch/fr/flat/avenue-guillemin-6-1009-pully/86193420",
        "area": "lausanne",
        "title": "Chambre en colocation à louer à Pully",
        "description_title": "Chambre meublée, lumineuse avec vue lac, calme, proche Lausanne",
        "price_monthly": 990.0,
        "price_net": 900.0,
        "charges": 90.0,
        "currency": "CHF",
        "address": "Avenue Guillemin 6",
        "postal_code": "1009",
        "city": "Pully",
        "country": "CH",
        "latitude": 46.514122009277344,
        "longitude": 6.656221389770508,
        "location_precision": "address",
        "distance_from_lausanne_km": 1.93,
        "property_type": "private_room",
        "rooms": 1.0,
        "bedrooms": null,
        "bathrooms": null,
        "size_m2": 100.0,
        "usable_area_m2": null,
        "floor": "3e étage",
        "furnished": true,
        "contract_type": null,
        "availability_text": "1. septembre 2026",
        "available_from": "2026-09-01",
        "available_now": false,
        "available_to": null,
        "minimum_months": null,
        "maximum_months": null,
        "pets": null,
        "smoking": false,
        "student_only": null,
        "gender": null,
        "minimum_age": null,
        "maximum_age": null,
        "description": "Chambre lumineuse avec vue sur le lac et accès à un balcon-terrasse, dans un cadre calme et verdoyant à Pully. Pour une femme ou étudiante non fumeuse, recherchant un lieu paisible, confortable et bien situé à proximité de Lausanne. Chambre de 16 m², entièrement meublée, disponible dès le 1er septembre. Vous partagerez l’appartement avec une maman et son fils de 11 ans, dans une ambiance respectueuse et tranquille. Située dans un environnement calme et soigné, elle offre un cadre de vie agréable et serein dans un appartement spacieux. Chambre située au 3ème étage (sans ascenseur) dans un immeuble très calme. Vous disposerez de : - toilettes privées - salle de bain partagée (baignoire/douche) - accès au salon - accès et au balcon-terrasse - garage privé pour vélo ou scooter La chambre est entièrement meublée : lit électrique 120x200 neuf, grande armoire, bureau, bibliothèque, lampes. Linge de lit neuf fourni (linge de bain sur demande). La fenêtre donne sur un magnifique cèdre, dans un environnement paisible. Le balcon-terrasse orienté Est offre une très belle vue sur le lac et les montagnes, avec le soleil du matin. Machine à laver dans l’appartement (utilisation dans les charges) + sèche-linge gratuit dans l’immeuble. Quartier très calme, sans circulation directe, avec un magnifique parc à 50m. Prix de la location: 900.-/mois -> pour la chambre entierement meublée, toilettes privées et accès à la cuisine également entièrement équipée et au balcon. Charges d'habitation : 90.-/mois -> comprenant 25.- de chauffage, 25.- d'électricité, 25.- d'intérêt et 15.- pour la machine à laver et les produits ménagés fournis. Transports : Bus 9 à 3 min (fréquence élevée) Gare Pully Nord à 5 min Gare de Pully à 7 min → Lausanne en 3 min en train / 10 min en bus Conditions : Personne propre, calme et respectueuse recherchée Non-fumeur Extrait des poursuites demandé Assurance RC obligatoire Place de parc possible à discuter. ENGLISH VERSION Bright totaly furnished room for sublet from September 1st or October 1st in Pully, in a quiet and well-kept environment. Ideal for a student or a quiet, respectful and non-smoking person. Room located on the 3rd floor (no elevator) in a very quiet building. You will have access to: - private toilet - shared bathroom (bathtub/shower) - shared living room and balcony-terrace - private garage for your bike ou scooter The room is fully furnished: new electric bed 120x200, large wardrobe, desk, bookshelf, lamps. New bed linen provided (bath towels on request). The window overlooks a beautiful cedar tree in a peaceful setting. The east-facing balcony-terrace offers a lovely view of the lake and mountains, with morning sunlight. Washing machine available in the apartment + dryer in the building. Very quiet neighborhood with no direct traffic, and a beautiful park just 50m away. Transport: Bus 9 at 3 min (frequent service) Pully Nord train station at 5 min Pully train station at 7 min → 3 min to Lausanne by train / 10 min by bus You will share the apartment with a mother and her 11-year-old son, in a calm and respectful atmosphere. Conditions: Looking for a calm and respectful person Non-smoker Debt extract required Liability insurance required Parking space possible (to be discussed). Contacter l'annonceur Nom E-mail Téléphone Créer un abonnement de recherche pour les annonces similaires Veuillez patienter... Obtenez votre attestation gratuite Renforcez votre dossier de location avec l'attestation provisoire de SwissCaution. Commander maintenant Inscrivez-vous pour annonces à Pully Être averti instantanément lorsque des annonces similaires à Pully arrivent. Créer une alerte e-mail Annonces similaires autour de Pully Location 1’000 CHF Meublé Chambre en colocation 1018 Lausanne Location 967 CHF Chambre en colocation Rue de Geneve 77 1004 Lausanne Location 990 CHF Meublé Chambre en colocation 1006 Lausanne Afficher plus..."
      }
    },
    {
      "type": "Feature",
      "geometry": {
        "type": "Point",
        "coordinates": [
          6.609866142272949,
          46.528743743896484
        ]
      },
      "properties": {
        "source": "immobilier.ch",
        "source_section": "lausanne",
        "source_id": "1542134",
        "source_url": "https://www.immobilier.ch/fr/louer/appartement/vaud/lausanne/bernard-nicod-lausanne-gare-gerance-2201/charmant-25-pieces-centre-ville-1542134",
        "area": "lausanne",
        "title": "Charmant 2.5 pièces au centre-ville",
        "description_title": "Votre garantie de loyer",
        "price_monthly": 1400.0,
        "price_net": null,
        "charges": null,
        "currency": "CHF",
        "address": "Avenue de Sévery 16",
        "postal_code": "1004",
        "city": "Lausanne",
        "country": "CH",
        "latitude": 46.528743743896484,
        "longitude": 6.609866142272949,
        "location_precision": "address",
        "distance_from_lausanne_km": 1.99,
        "property_type": "apartment",
        "rooms": 2.5,
        "bedrooms": null,
        "bathrooms": null,
        "size_m2": 49.0,
        "usable_area_m2": null,
        "floor": "2ème étage",
        "furnished": null,
        "contract_type": null,
        "availability_text": "Disponible dès le 01.10.2026",
        "available_from": "2026-10-01",
        "available_now": false,
        "available_to": null,
        "minimum_months": null,
        "maximum_months": null,
        "pets": null,
        "smoking": null,
        "student_only": null,
        "gender": null,
        "minimum_age": null,
        "maximum_age": null,
        "description": "Charmant 2.5 pièces au centre-ville Description du bien VISITES GROUPPEE LE 13.08 à 17h30 ET le samedi 22.08 à 16h00., APPARTEMENT DE MME CHAMBERLAIN Situé dans un quartier verdoyant et recherché de Lausanne, ce charmant appartement de 2.5 pièces offre un cadre de vie agréable, proche de toutes les commodités.(métro, gare, bus, écoles, crèches, centres commerciaux etc.). Le bien se compose comme suit : Un séjour spacieux Cuisine équipée une chambre Salle de bains / WC Balcon"
      }
    },
    {
      "type": "Feature",
      "geometry": {
        "type": "Point",
        "coordinates": [
          6.617164134979248,
          46.5345458984375
        ]
      },
      "properties": {
        "source": "immobilier.ch",
        "source_section": "lausanne",
        "source_id": "1548722",
        "source_url": "https://www.immobilier.ch/fr/louer/appartement/vaud/lausanne/naef-immobilier-lausanne-bureaux-administratifs-269/opportunite-rare-vue-lac-exceptionnelle-1548722",
        "area": "lausanne",
        "title": "Opportunité rare - Vue lac exceptionnelle",
        "description_title": "Votre garantie de loyer",
        "price_monthly": 2900.0,
        "price_net": null,
        "charges": null,
        "currency": "CHF",
        "address": "Chemin de Pierrefleur 22",
        "postal_code": "1004",
        "city": "Lausanne",
        "country": "CH",
        "latitude": 46.5345458984375,
        "longitude": 6.617164134979248,
        "location_precision": "address",
        "distance_from_lausanne_km": 2.02,
        "property_type": "apartment",
        "rooms": 5.0,
        "bedrooms": null,
        "bathrooms": null,
        "size_m2": 124.0,
        "usable_area_m2": null,
        "floor": "4ème étage",
        "furnished": null,
        "contract_type": null,
        "availability_text": "Disponible dès le 01.09.2026",
        "available_from": "2026-09-01",
        "available_now": false,
        "available_to": null,
        "minimum_months": null,
        "maximum_months": null,
        "pets": null,
        "smoking": null,
        "student_only": null,
        "gender": null,
        "minimum_age": null,
        "maximum_age": null,
        "description": "Opportunité rare - Vue lac exceptionnelle Description du bien Nous vous proposons à la location cet appartement de 5 pièces, idéalement situé dans le quartier de Pierrefleur à Lausanne. Avec une surface généreuse de 123.8 m², cet appartement au quatrième étage vous offre un espace de vie agréable ainsi qu'une vue spectaculaire sur le lac. Il se répartit comme suit : un séjour spacieux, une cuisine fermée, quatre chambres confortables, ainsi qu'une salle de bains et une salle de douche/WC. La disposition des pièces ainsi que les différentes armoires murales assurent une utilisation optimale de l'espace. Une cave est mise à disposition à titre gratuit et à bien plaire. Le loyer mensuel s'élève à 2900 CHF, avec des charges de 250 CHF en sus. Disponibilité de suite ou à convenir."
      }
    },
    {
      "type": "Feature",
      "geometry": {
        "type": "Point",
        "coordinates": [
          6.612000465393066,
          46.53165817260742
        ]
      },
      "properties": {
        "source": "immobilier.ch",
        "source_section": "lausanne",
        "source_id": "1556358",
        "source_url": "https://www.immobilier.ch/fr/louer/appartement/vaud/lausanne/livit-ag-real-estate-management-675/degagement-lac-1556358",
        "area": "lausanne",
        "title": "Dégagement sur le lac",
        "description_title": "Votre garantie de loyer",
        "price_monthly": 1510.0,
        "price_net": null,
        "charges": null,
        "currency": "CHF",
        "address": "Avenue d'Echallens 121",
        "postal_code": "1004",
        "city": "Lausanne",
        "country": "CH",
        "latitude": 46.53165817260742,
        "longitude": 6.612000465393066,
        "location_precision": "address",
        "distance_from_lausanne_km": 2.04,
        "property_type": "apartment",
        "rooms": 2.0,
        "bedrooms": 1.0,
        "bathrooms": null,
        "size_m2": 64.0,
        "usable_area_m2": null,
        "floor": "3ème étage",
        "furnished": null,
        "contract_type": null,
        "availability_text": "Disponible dès le 15.10.2026",
        "available_from": "2026-10-15",
        "available_now": false,
        "available_to": null,
        "minimum_months": null,
        "maximum_months": null,
        "pets": null,
        "smoking": null,
        "student_only": null,
        "gender": null,
        "minimum_age": null,
        "maximum_age": null,
        "description": "Dégagement sur le lac Description du bien Spacieux logement situé proche du parc de Valency saura vous séduire par ses caractéristiques suivantes : - Cuisine agencée sans lave-vaisselle - Balcon traversant - Séjour -1 chambre à coucher - Réduit - Ascenseur - Interphone - Cave A deux pas des commerces, le bus n° 9 vous emmène en quelques minutes au centre ville. Avons-nous attiré votre intérêt ? Contactez-nous directement dans l'annonce via \"Contacter l’annonceur\". Vous recevrez ensuite un mail automatisé contenant les informations relatives à la visite ainsi qu’un lien pour postuler directement en ligne après la visite et/ou nous poser vos questions"
      }
    },
    {
      "type": "Feature",
      "geometry": {
        "type": "Point",
        "coordinates": [
          6.612565994262695,
          46.53230285644531
        ]
      },
      "properties": {
        "source": "immobilier.ch",
        "source_section": "lausanne",
        "source_id": "1554954",
        "source_url": "https://www.immobilier.ch/fr/louer/appartement/vaud/lausanne/betterhomes-schweiz-ag-611/meilleur-lausanne-vos-pieds-1554954",
        "area": "lausanne",
        "title": "LE MEILLEUR DE LAUSANNE À VOS PIEDS",
        "description_title": "Votre garantie de loyer",
        "price_monthly": 2034.0,
        "price_net": null,
        "charges": null,
        "currency": "CHF",
        "address": "Demander l'adresse exacte",
        "postal_code": "1004",
        "city": "Lausanne",
        "country": "CH",
        "latitude": 46.53230285644531,
        "longitude": 6.612565994262695,
        "location_precision": "address",
        "distance_from_lausanne_km": 2.06,
        "property_type": "apartment",
        "rooms": 3.0,
        "bedrooms": null,
        "bathrooms": null,
        "size_m2": 52.0,
        "usable_area_m2": null,
        "floor": "4ème étage",
        "furnished": true,
        "contract_type": null,
        "availability_text": null,
        "available_from": null,
        "available_now": null,
        "available_to": null,
        "minimum_months": null,
        "maximum_months": null,
        "pets": null,
        "smoking": null,
        "student_only": null,
        "gender": null,
        "minimum_age": null,
        "maximum_age": null,
        "description": "LE MEILLEUR DE LAUSANNE À VOS PIEDS Description du bien Posez vos valises dans ce magnifique appartement meublé de 52 m², idéalement situé au cœur de Lausanne, à deux pas des commerces, des transports et des écoles. Conçu pour offrir un confort optimal, il dispose d’un ascenseur, d’un lave-vaisselle, d’une machine à laver et d’un sèche-linge privatifs, ainsi que d’une agréable baignoire. Grâce à sa bonne isolation thermique et à son entrée sécurisée, vous profitez d’un cadre de vie confortable et serein. Les colocations sont également les bienvenues, faisant de ce bien une excellente opportunité pour partager un logement de qualité. Ne manquez pas cette occasion de vivre au cœur de Lausanne avec toutes les commodités à portée de main. Cette offre de BETTERHOMES se caractérise par les avantages suivants: - Appartement meublé - Ascenseur - Machine à laver et sèche linge privé - Lave-vaisselle - Au coeur de la ville - Proche des transports - Beignoire - Bonne isolation thermique - Entrée sécurisée - Proche des écoles - etc., etc., etc. ... Intéressé? Contactez-nous pour une visite gratuite! Rien qui correspond? Vous trouverez plus de 2'000 autres objets sur: www.betterhomes.ch - Le spécialiste suisse des transactions immobilières. Vous avez un bien immobilier à commercialiser? Profitez de notre savoir-faire: https://www.betterhomes.ch/fr/profiter Vous souhaitez connaître la valeur de votre bien immobilier? Découvrez sa valeur dès maintenant grâce à notre estimation gratuite, immédiate et sans engagement! https://www.betterhomes.ch/fr/knowledge/estimation Plus détails Situation: très bonne Etat du bâtiment: bon Salles de bain: 1x (beignoir / WC / 2x Lavabo) Système de chauffage: Chauffage à gaz Transport publics: Bus, 200 m Ecole: Ecole primaire et secondaire, 210 m / Gymnase, 750 m Commerces: Coop, 260 m / Migros, 210 m"
      }
    },
    {
      "type": "Feature",
      "geometry": {
        "type": "Point",
        "coordinates": [
          6.613852500915527,
          46.533241271972656
        ]
      },
      "properties": {
        "source": "flatfox",
        "source_section": "lausanne_shared",
        "source_id": "86220342",
        "source_url": "https://flatfox.ch/fr/flat/1007-lausanne/86220342",
        "area": "lausanne",
        "title": "Chambre en colocation à louer à Lausanne",
        "description_title": "Elegant Coliving with Stunning Lake and Mountain Views",
        "price_monthly": 1090.0,
        "price_net": null,
        "charges": null,
        "currency": "CHF",
        "address": null,
        "postal_code": "1007",
        "city": "Lausanne",
        "country": "CH",
        "latitude": 46.533241271972656,
        "longitude": 6.613852500915527,
        "location_precision": "postal_code_city",
        "distance_from_lausanne_km": 2.06,
        "property_type": "private_room",
        "rooms": 1.0,
        "bedrooms": null,
        "bathrooms": null,
        "size_m2": 18.0,
        "usable_area_m2": null,
        "floor": "14e étage",
        "furnished": true,
        "contract_type": null,
        "availability_text": "1. octobre 2026",
        "available_from": "2026-10-01",
        "available_now": false,
        "available_to": null,
        "minimum_months": null,
        "maximum_months": null,
        "pets": null,
        "smoking": null,
        "student_only": null,
        "gender": null,
        "minimum_age": null,
        "maximum_age": null,
        "description": "Our coliving apartment on the 14th floor offers stunning views of Lake Geneva, the Evian Mountain in France, and the city of Lausanne. The well-maintained space features parquet floors and modernized windows for a quieter living experience, perfect for a shared and collaborative living environment. Located in the near-shore district of Ouchy, the area is historically notable as the final resting place of French fashion designer Gabrielle “Coco” Chanel. Just a short walk away, the Promenade d'Ouchy provides a scenic lakeside walk with impressive views of the Alps. It's ideal for communal summer swims, picnics, or relaxing by the beach with fellow residents. For a fun group activity, consider renting paddleboats or trying out the local cafes along the promenade. Parc de Milan, a lovely park, is only 10 minutes away on foot, perfect for group outings, yoga sessions, or peaceful solo strolls amidst greenery. Convenience is at your doorstep with a bus station right in front of the building, offering easy access to the train station and city center in just 10 minutes. Join our community and enjoy comfortable, connected living in this charming Lausanne neighborhood! Room Estate 🏡 - The leading coliving provider in Switzerland! With us, you can simply move in with your suitcase and start living - everything is ready for you. No paperwork, no hassle, no stress. Everything you need is already organized and all services are included in one price. Coliving here means uncomplicated, modern living and real community. Enjoy your life, we'll take care of the rest. Welcome to Room Estate - your new home in Switzerland! Interested? Secure your place now and make it comfortable with us! 🏡 /// Notre appartement partagé au 14ème étage offre une vue imprenable sur le lac Léman, la montagne d'Evian en France et la ville de Lausanne. L'appartement bien entretenu dispose de parquet et de fenêtres modernisées pour une expérience de vie plus calme, parfaite pour un environnement de vie commun et partagé. Le quartier d'Ouchy est situé près de la côte et est historiquement le dernier lieu de repos de la créatrice de mode française Gabrielle \"Coco\" Chanel. La Promenade d'Ouchy est à une courte distance à pied et offre une promenade pittoresque au bord du lac avec une vue impressionnante sur les Alpes. Elle est idéale pour les sorties de natation en groupe, les pique-niques ou pour se détendre sur la plage avec les autres résidents. Pour une activité de groupe amusante, tu peux louer des canoës ou essayer les cafés sur la promenade. Le Parc de Milan, un beau parc, se trouve à seulement 10 minutes à pied et est parfait pour les excursions en groupe, les séances de yoga ou les promenades tranquilles dans la verdure. L'arrêt de bus juste devant le bâtiment t'offre un accès facile à la gare et au centre-ville en seulement 10 minutes. Rejoins notre communauté et profite de la vie confortable et connectée dans ce charmant quartier de Lausanne ! Room Estate 🏡 - Le leader du coliving en Suisse! Chez nous, tu peux simplement emménager avec ta valise et commencer à vivre - tout est prêt pour toi. Pas de paperasse, pas d'effort, pas de stress. Tout ce dont tu as besoin est déjà organisé et tous les services sont compris dans un seul prix. Coliving signifie ici un habitat simple et moderne et une véritable communauté. Profite de ta vie, nous nous occupons du reste. Bienvenue chez Room Estate - ton nouveau chez-toi en Suisse! Tu es intéressé(e)? Réserve ta place dès maintenant et mets-toi à l'aise chez nous! 🏡 Contacter l'annonceur Nom E-mail Téléphone Créer un abonnement de recherche pour les annonces similaires Veuillez patienter... Toujours accompagné dans vos affaires juridiques Assurance protection juridique avec consultation gratuite et prise en charge des frais de justice. Découvrez tous les avantages Inscrivez-vous pour annonces à Lausanne Être averti instantanément lorsque des annonces similaires à Lausanne arrivent. Créer une alerte e-mail Annonceur Room Estate AG Katzenbachstrasse 71 8052 Zürich Voir toutes les annonces Annonces similaires autour de Lausanne Location 1’090 CHF Meublé Chambre en colocation 1004 Lausanne Location 1’090 CHF Meublé Chambre en colocation 1008 Prilly Location 967 CHF Chambre en colocation Rue de Geneve 77 1004 Lausanne Afficher plus..."
      }
    },
    {
      "type": "Feature",
      "geometry": {
        "type": "Point",
        "coordinates": [
          6.613852500915527,
          46.533241271972656
        ]
      },
      "properties": {
        "source": "flatfox",
        "source_section": "lausanne_shared",
        "source_id": "86229467",
        "source_url": "https://flatfox.ch/fr/flat/1007-lausanne/86229467",
        "area": "lausanne",
        "title": "Chambre en colocation à louer à Lausanne",
        "description_title": "Furnished room in modernised apartment in a top location",
        "price_monthly": 1290.0,
        "price_net": null,
        "charges": null,
        "currency": "CHF",
        "address": null,
        "postal_code": "1007",
        "city": "Lausanne",
        "country": "CH",
        "latitude": 46.533241271972656,
        "longitude": 6.613852500915527,
        "location_precision": "postal_code_city",
        "distance_from_lausanne_km": 2.06,
        "property_type": "private_room",
        "rooms": 1.0,
        "bedrooms": null,
        "bathrooms": null,
        "size_m2": 24.0,
        "usable_area_m2": null,
        "floor": "4e étage",
        "furnished": true,
        "contract_type": null,
        "availability_text": "Immédiatement",
        "available_from": null,
        "available_now": true,
        "available_to": null,
        "minimum_months": null,
        "maximum_months": null,
        "pets": null,
        "smoking": null,
        "student_only": null,
        "gender": null,
        "minimum_age": null,
        "maximum_age": null,
        "description": "Furnished room in modernised apartment in a top location This shared room offers the following facilities: 3 flatmates Kitchen with kitchen equipment Bathroom/toilet Furnished room Water and electricity charges Internet Cleaning the common areas Vacuum cleaner for communal use For more information: https://roomestate.com/en/room/126-4 Room Estate is a provider of furnished and serviced rooms at various locations in Switzerland and Germany. Our tenants range from young workers to interns and students who appreciate meeting new people and living comfortably. At Room Estate you can register for the room directly online. Simply create an account, register and get informed in 48 hours. You can view all of our rooms using the virtual 360° tour. It is also possible to rent the room without viewing. /// Möbliertes Zimmer in modernisierter Wohnung an top Lage Dieses WG-Zimmer bietet die folgende Ausstattung: 3 Mitbewohner Küche mit Küchenausstattung Bad/WC Möbliertes Zimmer Wasser und Stromgebühren Internet Reinigung der Gemeinschaftsräume Staubsauger für gemeinschaftliche Verwendung Für mehr Informationen: https://roomestate.com/de/room/126-4 Room Estate ist ein Anbieter von möblierten Zimmern mit Service an verschiedenen Standorten in der Schweiz und in Deutschland. Unsere Mieter reichen von jungen Berufstätigen über Praktikanten bis hin zu Studenten, die gerne neue Leute kennenlernen und bequem und komfortabel wohnen möchten. Bei Room Estate können Sie sich direkt online für ein Zimmer anmelden. Erstellen Sie einfach ein Konto, registrieren Sie sich und Sie werden innerhalb von 48 Stunden benachrichtigt. Wir bieten eine virtuelle 360°-Tour durch alle unsere Zimmer an. Es ist auch möglich, das Zimmer zu mieten, ohne es tatsächlich zu besichtigen. Contacter l'annonceur Nom E-mail Téléphone Créer un abonnement de recherche pour les annonces similaires Veuillez patienter... Toujours accompagné dans vos affaires juridiques Assurance protection juridique avec consultation gratuite et prise en charge des frais de justice. Découvrez tous les avantages Inscrivez-vous pour annonces à Lausanne Être averti instantanément lorsque des annonces similaires à Lausanne arrivent. Créer une alerte e-mail Annonceur Room Estate AG Katzenbachstrasse 71 8052 Zürich Voir toutes les annonces Annonces similaires autour de Lausanne Location 1’298 CHF Chambre en colocation Rue Saint-François 1005 Lausanne Location 1’190 CHF Meublé Chambre en colocation 1004 Lausanne Location 1’290 CHF Meublé Chambre en colocation 1004 Lausanne Afficher plus..."
      }
    },
    {
      "type": "Feature",
      "geometry": {
        "type": "Point",
        "coordinates": [
          6.613852500915527,
          46.533241271972656
        ]
      },
      "properties": {
        "source": "flatfox",
        "source_section": "lausanne_shared",
        "source_id": "86295108",
        "source_url": "https://flatfox.ch/fr/flat/1007-lausanne/86295108",
        "area": "lausanne",
        "title": "Chambre en colocation à louer à Lausanne",
        "description_title": "Furnished room in modernised apartment in a top location",
        "price_monthly": 990.0,
        "price_net": null,
        "charges": null,
        "currency": "CHF",
        "address": null,
        "postal_code": "1007",
        "city": "Lausanne",
        "country": "CH",
        "latitude": 46.533241271972656,
        "longitude": 6.613852500915527,
        "location_precision": "postal_code_city",
        "distance_from_lausanne_km": 2.06,
        "property_type": "private_room",
        "rooms": 1.0,
        "bedrooms": null,
        "bathrooms": null,
        "size_m2": 12.0,
        "usable_area_m2": null,
        "floor": "6e étage",
        "furnished": true,
        "contract_type": null,
        "availability_text": "1. novembre 2026",
        "available_from": "2026-11-01",
        "available_now": false,
        "available_to": null,
        "minimum_months": null,
        "maximum_months": null,
        "pets": null,
        "smoking": null,
        "student_only": null,
        "gender": null,
        "minimum_age": null,
        "maximum_age": null,
        "description": "Furnished room in modernised apartment in a top location This shared room offers the following facilities: * 3 flatmates * Kitchen with kitchen equipment * Bathroom/toilet * Furnished room * Water and electricity charges * Internet * Cleaning the common areas * Vacuum cleaner for communal use For more information: https://roomestate.com/en/room/121-1 Room Estate is a provider of furnished and serviced rooms at various locations in Switzerland and Germany. Our tenants range from young workers to interns and students who appreciate meeting new people and living comfortably. At Room Estate you can register for the room directly online. Simply create an account, register and get informed in 48 hours. You can view all of our rooms using the virtual 360° tour. It is also possible to rent the room without viewing. /// Möbliertes Zimmer in modernisierter Wohnung an top Lage Dieses WG-Zimmer bietet die folgende Ausstattung: * 2 Mitbewohner * Küche mit Küchenausstattung * Bad/WC * Möbliertes Zimmer * Wasser und Stromgebühren * Internet * Reinigung der Gemeinschaftsräume * Staubsauger für gemeinschaftliche Verwendung Für mehr Informationen: https://roomestate.com/de/room/121-1 Room Estate ist ein Anbieter von möblierten Zimmern mit Service an verschiedenen Standorten in der Schweiz und in Deutschland. Unsere Mieter reichen von jungen Berufstätigen über Praktikanten bis hin zu Studenten, die gerne neue Leute kennenlernen und bequem und komfortabel wohnen möchten. Bei Room Estate können Sie sich direkt online für ein Zimmer anmelden. Erstellen Sie einfach ein Konto, registrieren Sie sich und Sie werden innerhalb von 48 Stunden benachrichtigt. Wir bieten eine virtuelle 360°-Tour durch alle unsere Zimmer an. Es ist auch möglich, das Zimmer zu mieten, ohne es tatsächlich zu besichtigen. Contacter l'annonceur Nom E-mail Téléphone Créer un abonnement de recherche pour les annonces similaires Veuillez patienter... Obtenez votre attestation gratuite Renforcez votre dossier de location avec l'attestation provisoire de SwissCaution. Commander maintenant Inscrivez-vous pour annonces à Lausanne Être averti instantanément lorsque des annonces similaires à Lausanne arrivent. Créer une alerte e-mail Annonceur Room Estate AG Katzenbachstrasse 71 8052 Zürich Voir toutes les annonces Annonces similaires autour de Lausanne Location 1’000 CHF Meublé Chambre en colocation 1018 Lausanne Location 880 CHF Chambre en colocation Rue de Genève 77 1004 Lausanne Location 967 CHF Chambre en colocation Rue de Geneve 77 1004 Lausanne Afficher plus..."
      }
    },
    {
      "type": "Feature",
      "geometry": {
        "type": "Point",
        "coordinates": [
          6.611825466156006,
          46.53187942504883
        ]
      },
      "properties": {
        "source": "immobilier.ch",
        "source_section": "lausanne",
        "source_id": "1540325",
        "source_url": "https://www.immobilier.ch/fr/louer/appartement/vaud/lausanne/bernard-nicod-lausanne-benjamin-constant-gerance-2200/bel-appartement-25-pieces-1er-proximite-parc-valency-1540325",
        "area": "lausanne",
        "title": "Bel appartement de 2,5 pièces au 1er - à proximité du parc de Valency",
        "description_title": "Votre garantie de loyer",
        "price_monthly": 1850.0,
        "price_net": null,
        "charges": null,
        "currency": "CHF",
        "address": "Avenue d' Echallens 123",
        "postal_code": "1004",
        "city": "Lausanne",
        "country": "CH",
        "latitude": 46.53187942504883,
        "longitude": 6.611825466156006,
        "location_precision": "address",
        "distance_from_lausanne_km": 2.07,
        "property_type": "apartment",
        "rooms": 2.5,
        "bedrooms": null,
        "bathrooms": null,
        "size_m2": 59.0,
        "usable_area_m2": null,
        "floor": "1er étage",
        "furnished": null,
        "contract_type": null,
        "availability_text": "Disponible : 01.10.2026",
        "available_from": "2026-10-01",
        "available_now": false,
        "available_to": null,
        "minimum_months": null,
        "maximum_months": null,
        "pets": null,
        "smoking": null,
        "student_only": null,
        "gender": null,
        "minimum_age": null,
        "maximum_age": null,
        "description": "Bel appartement de 2,5 pièces au 1er - à proximité du parc de Valency Description du bien Bel appartement situé à la Route d'Echallens 123 à Lausanne, à quelques minutes à pied du parc de Valency est à proximité du centre-ville de Lausanne. Bénéficiant d'un emplacement privilégié, cet appartement se trouve dans un quartier calme et agréable, tout en étant proche de l'animation, des transports publics et des nombreuses commodités qu'offre la ville. Le logement se compose comme suit : Une cuisine entièrement agencée avec deux réfrigérateurs. Un grand salon lumineux. Une chambre à coucher avec balcon. Une salle de bain, avec lavabo, baignoire et WC L'immeuble dispose d'un ascenseur. Loyer : 1'850 CHF + 120 CHF Disponible : 01.10.2026 Visite groupée : Merci de bien vouloir nous contacter afin de vous à la visite groupée du 7 septembre à 12h00. Un bien rare à découvrir sans tarder !"
      }
    },
    {
      "type": "Feature",
      "geometry": {
        "type": "Point",
        "coordinates": [
          6.610710620880127,
          46.531497955322266
        ]
      },
      "properties": {
        "source": "immobilier.ch",
        "source_section": "lausanne",
        "source_id": "1545665",
        "source_url": "https://www.immobilier.ch/fr/louer/appartement/vaud/lausanne/apleona-schweiz-ag-670/logement-proximite-centre-ville-petite-terrasse-1545665",
        "area": "lausanne",
        "title": "Logement à proximité du centre-ville avec petite terrasse.",
        "description_title": "Votre garantie de loyer",
        "price_monthly": 1590.0,
        "price_net": null,
        "charges": null,
        "currency": "CHF",
        "address": "Rte de Prilly 7",
        "postal_code": "1004",
        "city": "Lausanne",
        "country": "CH",
        "latitude": 46.531497955322266,
        "longitude": 6.610710620880127,
        "location_precision": "address",
        "distance_from_lausanne_km": 2.11,
        "property_type": "apartment",
        "rooms": 2.0,
        "bedrooms": null,
        "bathrooms": null,
        "size_m2": 52.0,
        "usable_area_m2": null,
        "floor": "rez-de-chaussée",
        "furnished": null,
        "contract_type": null,
        "availability_text": "Disponible dès le 16.09.2026.",
        "available_from": "2026-09-16",
        "available_now": false,
        "available_to": null,
        "minimum_months": null,
        "maximum_months": null,
        "pets": null,
        "smoking": null,
        "student_only": null,
        "gender": null,
        "minimum_age": null,
        "maximum_age": null,
        "description": "Logement à proximité du centre-ville avec petite terrasse. Description du bien Dans un cadre verdoyant, superbe appartement au rez-de-chaussée, il se compose comme suit : - un hall d'entrée, - une cuisine agencée (cuisinière vitrocéram, hotte de ventilation, frigo avec compartiment de congélation, lave-vaisselle en cours d'installation). - un séjour avec petite terrasse, - une chambre à coucher, - une salle de bains-WC, - une cave, à bien plaire, vient compléter ce bien. L'immeuble est doté d'un interphone et d'un ascenseur. A proximité des lignes TL. Centre commerciale de Prilly à 5 minutes à pied. Disponible dès le 16.09.2026. Travaux prévus: - rafraichissement complet des peintures (murs et boiseries), - ponçage vitrification parquet salon + mise en place de parquets dans la chambre - installation d'un lave-vaisselle Photos non contractuelles Si vous souhaitez visiter ce logement, merci de bien vouloir prendre contact avec Mme Magali Zing En cas d'intérêt et uniquement après la visite, vous pouvez soumettre votre dossier de candidature uniquement via la plateforme FLATFOX.CH. Les documents à transmettre sont les suivants, y compris de votre éventuel garant : - 3 dernières fiches salaire - attestation de l'office des poursuites - 1 copie pièce d'identité"
      }
    },
    {
      "type": "Feature",
      "geometry": {
        "type": "Point",
        "coordinates": [
          6.610574722290039,
          46.531593322753906
        ]
      },
      "properties": {
        "source": "immobilier.ch",
        "source_section": "lausanne",
        "source_id": "1499954",
        "source_url": "https://www.immobilier.ch/fr/louer/appartement/vaud/lausanne/apleona-schweiz-ag-670/magnifique-2-pieces-proximite-centre-ville-1499954",
        "area": "lausanne",
        "title": "Magnifique 2 pièces à proximité du centre-ville",
        "description_title": "Votre garantie de loyer",
        "price_monthly": 1580.0,
        "price_net": null,
        "charges": null,
        "currency": "CHF",
        "address": "Rte de Prilly 9",
        "postal_code": "1004",
        "city": "Lausanne",
        "country": "CH",
        "latitude": 46.531593322753906,
        "longitude": 6.610574722290039,
        "location_precision": "address",
        "distance_from_lausanne_km": 2.12,
        "property_type": "apartment",
        "rooms": 2.0,
        "bedrooms": null,
        "bathrooms": null,
        "size_m2": 53.0,
        "usable_area_m2": null,
        "floor": "2ème étage",
        "furnished": null,
        "contract_type": null,
        "availability_text": "Disponible de suite.",
        "available_from": null,
        "available_now": true,
        "available_to": null,
        "minimum_months": null,
        "maximum_months": null,
        "pets": null,
        "smoking": null,
        "student_only": null,
        "gender": null,
        "minimum_age": null,
        "maximum_age": null,
        "description": "Magnifique 2 pièces à proximité du centre-ville Description du bien Dans un cadre verdoyant, superbe appartement de 2 pièces 53 m2 au 2ème étage : Le logement se compose comme suit : - Un hall d'entrée avec armoire encastrée, - une chambre à coucher, - un séjour lumineux avec accès au balcon, - une salle de bain-WC, - une cuisine agencée (cuisinière, vitrocéram, frigo, compartiment de congélation), - une cave, à bien plaire, vient compléter ce bien. L'immeuble est doté d'un interphone et d'un ascenseur. Visite groupée prévue le: mercredi 26.08.2026 de 14h30 à 14h45 directement sur place. Merci de patienter à l'entrée de l'immeuble la venu de la personne en charge de la visite. Pas d'inscription nécessaire A proximité des lignes TL et du LEB. Centre commerciale de Prilly à 5 minutes à pied. Disponible de suite. En cas d'intérêt et seulement après avoir visite l'objet, merci de bien vouloir déposer votre dossier via la plateforme Flatfox, avec les documents usuels : 3 dernières fiches de salaire, extrait de l'office des poursuites, copie de la pièce d'identité ou permis de séjour valable."
      }
    },
    {
      "type": "Feature",
      "geometry": {
        "type": "Point",
        "coordinates": [
          6.606877326965332,
          46.527549743652344
        ]
      },
      "properties": {
        "source": "immobilier.ch",
        "source_section": "lausanne",
        "source_id": "1534636",
        "source_url": "https://www.immobilier.ch/fr/louer/appartement/vaud/lausanne/prestim-2639/lausanne-avenue-morges-76-appartement-35-pieces-1534636",
        "area": "lausanne",
        "title": "Lausanne, Avenue de Morges 76 , appartement de 3.5 pièces",
        "description_title": null,
        "price_monthly": 1850.0,
        "price_net": null,
        "charges": null,
        "currency": "CHF",
        "address": "Av. de Morges 76",
        "postal_code": "1004",
        "city": "Lausanne",
        "country": "CH",
        "latitude": 46.527549743652344,
        "longitude": 6.606877326965332,
        "location_precision": "address",
        "distance_from_lausanne_km": 2.13,
        "property_type": "apartment",
        "rooms": 3.5,
        "bedrooms": 2.0,
        "bathrooms": 1.0,
        "size_m2": null,
        "usable_area_m2": null,
        "floor": "3ème étage",
        "furnished": null,
        "contract_type": null,
        "availability_text": "Disponible dès le 01.09.2026",
        "available_from": "2026-09-01",
        "available_now": false,
        "available_to": null,
        "minimum_months": null,
        "maximum_months": null,
        "pets": null,
        "smoking": null,
        "student_only": null,
        "gender": null,
        "minimum_age": null,
        "maximum_age": null,
        "description": null
      }
    },
    {
      "type": "Feature",
      "geometry": {
        "type": "Point",
        "coordinates": [
          6.606877326965332,
          46.527549743652344
        ]
      },
      "properties": {
        "source": "immobilier.ch",
        "source_section": "lausanne",
        "source_id": "1541385",
        "source_url": "https://www.immobilier.ch/fr/louer/appartement/vaud/lausanne/prestim-2639/lausanne-avenue-morges-76-joli-3-pieces-1541385",
        "area": "lausanne",
        "title": "Lausanne, Avenue de Morges 76, joli 3 pièces",
        "description_title": null,
        "price_monthly": 1850.0,
        "price_net": null,
        "charges": null,
        "currency": "CHF",
        "address": "Avenue de Morges 76",
        "postal_code": "1004",
        "city": "Lausanne",
        "country": "CH",
        "latitude": 46.527549743652344,
        "longitude": 6.606877326965332,
        "location_precision": "address",
        "distance_from_lausanne_km": 2.13,
        "property_type": "apartment",
        "rooms": 3.5,
        "bedrooms": 2.0,
        "bathrooms": 1.0,
        "size_m2": null,
        "usable_area_m2": null,
        "floor": "5ème étage",
        "furnished": null,
        "contract_type": null,
        "availability_text": null,
        "available_from": null,
        "available_now": null,
        "available_to": null,
        "minimum_months": null,
        "maximum_months": null,
        "pets": null,
        "smoking": null,
        "student_only": null,
        "gender": null,
        "minimum_age": null,
        "maximum_age": null,
        "description": null
      }
    },
    {
      "type": "Feature",
      "geometry": {
        "type": "Point",
        "coordinates": [
          6.6066999435424805,
          46.52734375
        ]
      },
      "properties": {
        "source": "immobilier.ch",
        "source_section": "lausanne",
        "source_id": "1530497",
        "source_url": "https://www.immobilier.ch/fr/louer/appartement/vaud/lausanne/prestim-2639/couple-concierges-lausanne-avenue-morges-74-joli-35-p-1530497",
        "area": "lausanne",
        "title": "POUR COUPLE DE CONCIERGES Lausanne, Avenue de Morges 74 et joli 3,5 p.",
        "description_title": null,
        "price_monthly": 1775.0,
        "price_net": null,
        "charges": null,
        "currency": "CHF",
        "address": "Avenue de Morges 74",
        "postal_code": "1004",
        "city": "Lausanne",
        "country": "CH",
        "latitude": 46.52734375,
        "longitude": 6.6066999435424805,
        "location_precision": "address",
        "distance_from_lausanne_km": 2.14,
        "property_type": "apartment",
        "rooms": 3.5,
        "bedrooms": 2.0,
        "bathrooms": null,
        "size_m2": null,
        "usable_area_m2": null,
        "floor": "2ème étage",
        "furnished": null,
        "contract_type": null,
        "availability_text": null,
        "available_from": null,
        "available_now": null,
        "available_to": null,
        "minimum_months": null,
        "maximum_months": null,
        "pets": null,
        "smoking": null,
        "student_only": null,
        "gender": null,
        "minimum_age": null,
        "maximum_age": null,
        "description": null
      }
    },
    {
      "type": "Feature",
      "geometry": {
        "type": "Point",
        "coordinates": [
          6.6066999435424805,
          46.52734375
        ]
      },
      "properties": {
        "source": "immobilier.ch",
        "source_section": "lausanne",
        "source_id": "1534610",
        "source_url": "https://www.immobilier.ch/fr/louer/appartement/vaud/lausanne/prestim-2639/lausanne-avenue-morges-74-joli-1-piece-etudiant-e-1534610",
        "area": "lausanne",
        "title": "Lausanne, Avenue de Morges 74, joli 1 pièce pour étudiant/e",
        "description_title": null,
        "price_monthly": 950.0,
        "price_net": null,
        "charges": null,
        "currency": "CHF",
        "address": "Avenue de Morges 74",
        "postal_code": "1004",
        "city": "Lausanne",
        "country": "CH",
        "latitude": 46.52734375,
        "longitude": 6.6066999435424805,
        "location_precision": "address",
        "distance_from_lausanne_km": 2.14,
        "property_type": "apartment",
        "rooms": 1.0,
        "bedrooms": 1.0,
        "bathrooms": 1.0,
        "size_m2": null,
        "usable_area_m2": null,
        "floor": "1er étage",
        "furnished": null,
        "contract_type": null,
        "availability_text": "Disponible dès le 01.10.2026",
        "available_from": "2026-10-01",
        "available_now": false,
        "available_to": null,
        "minimum_months": null,
        "maximum_months": null,
        "pets": null,
        "smoking": null,
        "student_only": null,
        "gender": null,
        "minimum_age": null,
        "maximum_age": null,
        "description": null
      }
    },
    {
      "type": "Feature",
      "geometry": {
        "type": "Point",
        "coordinates": [
          6.6066999435424805,
          46.52734375
        ]
      },
      "properties": {
        "source": "immobilier.ch",
        "source_section": "lausanne",
        "source_id": "1534590",
        "source_url": "https://www.immobilier.ch/fr/louer/appartement/vaud/lausanne/prestim-2639/lausanne-avenue-morges-74-joli-1-piece-etudiant-e-1534590",
        "area": "lausanne",
        "title": "Lausanne, Avenue de Morges 74, joli 1 pièce pour étudiant/e",
        "description_title": null,
        "price_monthly": 870.0,
        "price_net": null,
        "charges": null,
        "currency": "CHF",
        "address": "Avenue de Morges 74",
        "postal_code": "1004",
        "city": "Lausanne",
        "country": "CH",
        "latitude": 46.52734375,
        "longitude": 6.6066999435424805,
        "location_precision": "address",
        "distance_from_lausanne_km": 2.14,
        "property_type": "apartment",
        "rooms": 1.0,
        "bedrooms": null,
        "bathrooms": null,
        "size_m2": null,
        "usable_area_m2": null,
        "floor": "1er étage",
        "furnished": null,
        "contract_type": null,
        "availability_text": null,
        "available_from": null,
        "available_now": null,
        "available_to": null,
        "minimum_months": null,
        "maximum_months": null,
        "pets": null,
        "smoking": null,
        "student_only": null,
        "gender": null,
        "minimum_age": null,
        "maximum_age": null,
        "description": null
      }
    },
    {
      "type": "Feature",
      "geometry": {
        "type": "Point",
        "coordinates": [
          6.610909938812256,
          46.53262710571289
        ]
      },
      "properties": {
        "source": "immobilier.ch",
        "source_section": "lausanne",
        "source_id": "1557437",
        "source_url": "https://www.immobilier.ch/fr/louer/appartement/vaud/lausanne/galland-cie-254/appartement-meuble-25-pieces-balcon-ideal-colocation-1557437",
        "area": "lausanne",
        "title": "Appartement meublé de 2.5 pièces avec balcon - Idéal pour la colocation",
        "description_title": "Votre garantie de loyer",
        "price_monthly": 1880.0,
        "price_net": null,
        "charges": null,
        "currency": "CHF",
        "address": "Chemin Benjamin-Dumur 8",
        "postal_code": "1004",
        "city": "Lausanne",
        "country": "CH",
        "latitude": 46.53262710571289,
        "longitude": 6.610909938812256,
        "location_precision": "address",
        "distance_from_lausanne_km": 2.18,
        "property_type": "private_room",
        "rooms": 2.5,
        "bedrooms": null,
        "bathrooms": null,
        "size_m2": 57.0,
        "usable_area_m2": null,
        "floor": "2ème étage",
        "furnished": true,
        "contract_type": null,
        "availability_text": "Disponible dès le 01.09.2026",
        "available_from": "2026-09-01",
        "available_now": false,
        "available_to": null,
        "minimum_months": null,
        "maximum_months": null,
        "pets": null,
        "smoking": null,
        "student_only": null,
        "gender": null,
        "minimum_age": null,
        "maximum_age": null,
        "description": "Appartement meublé de 2.5 pièces avec balcon - Idéal pour la colocation Description du bien Joli immeuble ancien dans le quartier de Montétan. Proche de toutes commodités. Situation calme. L'appartement peut être meublé selon le choix des locataires, soit avec deux chambres, soit avec une chambre et un séjour. Le logement est composé comme suit : - hall d'entrée avec armoire murale - séjour - balcon - cuisine entièrement agencée et équipée - chambre à coucher - salle de bains/WC Une cave à disposition."
      }
    },
    {
      "type": "Feature",
      "geometry": {
        "type": "Point",
        "coordinates": [
          6.612636566162109,
          46.53390121459961
        ]
      },
      "properties": {
        "source": "immobilier.ch",
        "source_section": "lausanne",
        "source_id": "1555186",
        "source_url": "https://www.immobilier.ch/fr/louer/appartement/vaud/lausanne/apleona-schweiz-ag-670/quartier-calme-verdoyant-1555186",
        "area": "lausanne",
        "title": "Quartier calme et verdoyant",
        "description_title": "Votre garantie de loyer",
        "price_monthly": 1540.0,
        "price_net": null,
        "charges": null,
        "currency": "CHF",
        "address": "Av. de la Chabliere 52",
        "postal_code": "1004",
        "city": "Lausanne",
        "country": "CH",
        "latitude": 46.53390121459961,
        "longitude": 6.612636566162109,
        "location_precision": "address",
        "distance_from_lausanne_km": 2.18,
        "property_type": "apartment",
        "rooms": 3.0,
        "bedrooms": 2.0,
        "bathrooms": null,
        "size_m2": 57.0,
        "usable_area_m2": null,
        "floor": "1er étage",
        "furnished": null,
        "contract_type": null,
        "availability_text": "Disponible au 16 septembre 2026",
        "available_from": "2026-09-16",
        "available_now": false,
        "available_to": null,
        "minimum_months": null,
        "maximum_months": null,
        "pets": null,
        "smoking": null,
        "student_only": null,
        "gender": null,
        "minimum_age": null,
        "maximum_age": null,
        "description": "Quartier calme et verdoyant Description du bien UNE VISITE GROUPEE EST PREVUE LEJEUDI 27 AOUT 2026 DE 17H00 A 18H00 DIRECTEMENT SUR PLACE. VEUILLEZ SONNER CHEZ M. AHMED AU 1ER ETAGE. Situé dans un quartier calme de Lausanne, à 5 minutes du centre et deux pas du LEB, cet appartement de 3 pièces au 1er étage se compose comme suit : - 1 hall d'entrée, - 1 cuisine entièrement agencée et équipée, - 1 salon lumineux, - 2 chambres à coucher, - 1 salle de bains/WC/lavabo, - 1 grand balcon. Disponible au 16 septembre 2026 En cas d'intérêt et seulement après la visite, vous pouvez nous transmettre un dossier complet."
      }
    },
    {
      "type": "Feature",
      "geometry": {
        "type": "Point",
        "coordinates": [
          6.607749938964844,
          46.530235290527344
        ]
      },
      "properties": {
        "source": "immobilier.ch",
        "source_section": "lausanne",
        "source_id": "1557459",
        "source_url": "https://www.immobilier.ch/fr/louer/appartement/vaud/lausanne/apleona-schweiz-ag-670/5-min-centre-prilly-1557459",
        "area": "lausanne",
        "title": "A 5 min. du centre de Prilly",
        "description_title": "Votre garantie de loyer",
        "price_monthly": 805.0,
        "price_net": null,
        "charges": null,
        "currency": "CHF",
        "address": "Ch. de Champrilly 29",
        "postal_code": "1004",
        "city": "Lausanne",
        "country": "CH",
        "latitude": 46.530235290527344,
        "longitude": 6.607749938964844,
        "location_precision": "address",
        "distance_from_lausanne_km": 2.21,
        "property_type": "apartment",
        "rooms": 1.0,
        "bedrooms": null,
        "bathrooms": null,
        "size_m2": 25.0,
        "usable_area_m2": null,
        "floor": "4ème étage",
        "furnished": null,
        "contract_type": null,
        "availability_text": "Disponible dès le 16.09.2026",
        "available_from": "2026-09-16",
        "available_now": false,
        "available_to": null,
        "minimum_months": null,
        "maximum_months": null,
        "pets": null,
        "smoking": null,
        "student_only": null,
        "gender": null,
        "minimum_age": null,
        "maximum_age": null,
        "description": "A 5 min. du centre de Prilly Description du bien UNE VISITE GROUPEE SERA PREVUE LE LUNDI 31 AOÛT 2026 DE 9H45 A 10H00. DIRECTEMENT SUR PLACE, SANS INSCRIPTION. Appartement de 1 pièce au 4ème étage composé comme suit : - Hall d'entrée avec armoire murale, - une cuisine fermée, - une salle de bain, - une pièce principale, - une cave, à bien plaire, vient compléter le logement. Disponible dès le 16.09.2026 Travaux : Réfection des peintures et parquet. BAUX DE DUREE DETERMINEE JUSQU'AU 30.09.2027 NON RENOUVELABLE. POSSIBILITE UNILATERALE POUR LE LOCATAIRE DE RESILIER PENDANT LA DUREE DU BAIL. En cas d'intérêt et seulement après avoir effectué une visite du logement, vous pouvez soumettre votre dossier uniquement via la plateforme ww.flatfox.ch, avec les documents suivants, y compris votre éventuel garant : - Pièce d'identité valable ou permis de séjour, - Extrait de l'office des poursuites, - 3 dernières fiches de salaire."
      }
    },
    {
      "type": "Feature",
      "geometry": {
        "type": "Point",
        "coordinates": [
          6.607749938964844,
          46.530235290527344
        ]
      },
      "properties": {
        "source": "immobilier.ch",
        "source_section": "lausanne",
        "source_id": "1542092",
        "source_url": "https://www.immobilier.ch/fr/louer/appartement/vaud/lausanne/apleona-schweiz-ag-670/joli-2-pieces-quartier-calme-proche-parc-valency-1542092",
        "area": "lausanne",
        "title": "Joli 2 pièces dans un quartier calme, proche du parc de Valency",
        "description_title": "Votre garantie de loyer",
        "price_monthly": 1265.0,
        "price_net": null,
        "charges": null,
        "currency": "CHF",
        "address": "Ch. de Champrilly 29",
        "postal_code": "1004",
        "city": "Lausanne",
        "country": "CH",
        "latitude": 46.530235290527344,
        "longitude": 6.607749938964844,
        "location_precision": "address",
        "distance_from_lausanne_km": 2.21,
        "property_type": "apartment",
        "rooms": 2.0,
        "bedrooms": 1.0,
        "bathrooms": null,
        "size_m2": 45.0,
        "usable_area_m2": null,
        "floor": "1er étage",
        "furnished": null,
        "contract_type": null,
        "availability_text": "Disponible dès le 01.09.2026",
        "available_from": "2026-09-01",
        "available_now": false,
        "available_to": null,
        "minimum_months": null,
        "maximum_months": null,
        "pets": null,
        "smoking": null,
        "student_only": null,
        "gender": null,
        "minimum_age": null,
        "maximum_age": null,
        "description": "Joli 2 pièces dans un quartier calme, proche du parc de Valency Description du bien UNE VISTE GROUPEE EST PREVUE LE 31.08.2026 DE 9H30 A 9H45, SANS INSCRIPTION, DIRECTEMENT SUR PLACE. Joli appartement de 2 pièces au 1er étage pour 45m2, composé de: - 1 hall d'entrée avec armoire de rangement, - 1 séjour - 1 cuisine fermée non agencée, - 1 chambre, - 1 salle de bains/WC/lavabo. Possibilité de reprendre la cuisinière selon entente avec l'ancienne locataire. BAIL DE DUREE DETERMINEE JUSQU'AU 30.09.2027 NON RENOUVELABLE. POSSIBILITE UNILATERALE POUR LE LOCATAIRE DE RESILIER PENDANT LA DUREE DU BAIL. En cas d'intérêt et seulement après avoir effectué une visite du logement, vous pouvez soumettre votre dossier uniquement via la plateforme Flatfox, avec les documents suivants, y compris de votre éventuel garant : - Pièce d'identité valable ou permis de séjour, - Extrait de l'office des poursuites, - 3 dernières fiches de salaire. Tous les dossiers envoyés par e-mail ne seront pas acceptés."
      }
    },
    {
      "type": "Feature",
      "geometry": {
        "type": "Point",
        "coordinates": [
          6.610325813293457,
          46.5327033996582
        ]
      },
      "properties": {
        "source": "ronorp",
        "source_section": "romandie",
        "source_id": null,
        "source_url": "https://ronorp.net/market/posts/appartement-2-pieces-a-lausanne-centre-ville-meuble-duree-determinee-4",
        "area": "lausanne",
        "title": "APPARTEMENT 2½ PIÈCES À LAUSANNE - CENTRE-VILLE, MEUBLÉ, DURÉE DÉTERMINÉE",
        "description_title": null,
        "price_monthly": 2225.0,
        "price_net": null,
        "charges": null,
        "currency": "CHF",
        "address": null,
        "postal_code": "1005",
        "city": "Lausanne",
        "country": "CH",
        "latitude": 46.5327033996582,
        "longitude": 6.610325813293457,
        "location_precision": "postal_code_city",
        "distance_from_lausanne_km": 2.22,
        "property_type": "private_room",
        "rooms": 2.5,
        "bedrooms": null,
        "bathrooms": null,
        "size_m2": 56.0,
        "usable_area_m2": null,
        "floor": "Erdgeschoss",
        "furnished": true,
        "contract_type": "temporary",
        "availability_text": null,
        "available_from": "2026-12-10",
        "available_now": null,
        "available_to": "2027-01-31",
        "minimum_months": null,
        "maximum_months": null,
        "pets": null,
        "smoking": null,
        "student_only": null,
        "gender": null,
        "minimum_age": null,
        "maximum_age": null,
        "description": "Zürich Was heute in Zürich läuft Login/Sign up STADTLEBEN EVENTS NEWSLETTER COMMUNITY MARKT RON PASS X REKA Inserat aufgeben HOME IMMOBILIEN SECOND HAND JOBS STADTSERVICES Entdecke deine Stadt jeden Tag neu Frische Vibes und urbane News für dein Leben. Newsletter abonnieren UMS Untermietservice . Folgen 7 Juli 2026 Markt Immobilien Wohnen Möbl. Appartements 7 weitere Fotos Sags der Stadt Promote dein Angebot in der Community und teile es in deinen Socials! Boosten Share APPARTEMENT 2½ PIÈCES À LAUSANNE - CENTRE-VILLE, MEUBLÉ, DURÉE DÉTERMINÉE Kontakt Details Preis CHF2'225.00/Monatlich Typ BIETE Adresse Lausanne City/Agglo -- PLZ 1005 Räume 2.5 Badezimmer -- Böden Erdgeschoss Quadratmeter 56 Suche nach Rent Besichtigungstermin/e -- Vertrag Temporary Email -- Size Unit m2 Verknüpfung https://ums.ch/offre-detail/68900?utm_source=ronorp&utm_content=68900 DUREE DE LOCATION dès le 10 décembre 2026 au 31 janvier 2027. Très joli appartement au 4ème étage, comprenan"
      }
    },
    {
      "type": "Feature",
      "geometry": {
        "type": "Point",
        "coordinates": [
          6.610325813293457,
          46.5327033996582
        ]
      },
      "properties": {
        "source": "flatfox",
        "source_section": "lausanne_shared",
        "source_id": "86295118",
        "source_url": "https://flatfox.ch/fr/flat/1005-lausanne/86295118",
        "area": "lausanne",
        "title": "Chambre en colocation à louer à Lausanne",
        "description_title": "Furnished room in modernised apartment in a top location",
        "price_monthly": 1090.0,
        "price_net": null,
        "charges": null,
        "currency": "CHF",
        "address": null,
        "postal_code": "1005",
        "city": "Lausanne",
        "country": "CH",
        "latitude": 46.5327033996582,
        "longitude": 6.610325813293457,
        "location_precision": "postal_code_city",
        "distance_from_lausanne_km": 2.22,
        "property_type": "private_room",
        "rooms": 1.0,
        "bedrooms": null,
        "bathrooms": null,
        "size_m2": 13.0,
        "usable_area_m2": null,
        "floor": "4e étage",
        "furnished": true,
        "contract_type": null,
        "availability_text": "1. novembre 2026",
        "available_from": "2026-11-01",
        "available_now": false,
        "available_to": null,
        "minimum_months": null,
        "maximum_months": null,
        "pets": null,
        "smoking": null,
        "student_only": null,
        "gender": null,
        "minimum_age": null,
        "maximum_age": null,
        "description": "Furnished room in modernised apartment in a top location This shared room offers the following facilities: 2 flatmates Kitchen with kitchen equipment Bathroom/toilet Furnished room Water and electricity charges Internet Cleaning the common areas Vacuum cleaner for communal use For more information: https://roomestate.com/en/room/118-3 Room Estate is a provider of furnished and serviced rooms at various locations in Switzerland and Germany. Our tenants range from young workers to interns and students who appreciate meeting new people and living comfortably. At Room Estate you can register for the room directly online. Simply create an account, register and get informed in 48 hours. You can view all of our rooms using the virtual 360° tour. It is also possible to rent the room without viewing. /// Möbliertes Zimmer in modernisierter Wohnung an top Lage Dieses WG-Zimmer bietet die folgende Ausstattung: 2 Mitbewohner Küche mit Küchenausstattung Bad/WC Möbliertes Zimmer Wasser und Stromgebühren Internet Reinigung der Gemeinschaftsräume Staubsauger für gemeinschaftliche Verwendung Für mehr Informationen: https://roomestate.com/de/room/118-3 Room Estate ist ein Anbieter von möblierten Zimmern mit Service an verschiedenen Standorten in der Schweiz und in Deutschland. Unsere Mieter reichen von jungen Berufstätigen über Praktikanten bis hin zu Studenten, die gerne neue Leute kennenlernen und bequem und komfortabel wohnen möchten. Bei Room Estate können Sie sich direkt online für ein Zimmer anmelden. Erstellen Sie einfach ein Konto, registrieren Sie sich und Sie werden innerhalb von 48 Stunden benachrichtigt. Wir bieten eine virtuelle 360°-Tour durch alle unsere Zimmer an. Es ist auch möglich, das Zimmer zu mieten, ohne es tatsächlich zu besichtigen. Contacter l'annonceur Nom E-mail Téléphone Créer un abonnement de recherche pour les annonces similaires Veuillez patienter... Vous avez trouvé un logement? Assurez-le sur mesure. Une police unique de la Mobilière vous permet de couvrir exactement les risques que vous souhaitez, selon vos priorités, votre situation de vie et votre logement. Voir l'offre Inscrivez-vous pour annonces à Lausanne Être averti instantanément lorsque des annonces similaires à Lausanne arrivent. Créer une alerte e-mail Annonceur Room Estate AG Katzenbachstrasse 71 8052 Zürich Voir toutes les annonces Annonces similaires autour de Lausanne Location 1’100 CHF Meublé Chambre en colocation Route de Berne, 57 1010 Lausanne Location 1’000 CHF Meublé Chambre en colocation 1018 Lausanne Location 1’090 CHF Meublé Chambre en colocation 1004 Lausanne Afficher plus..."
      }
    },
    {
      "type": "Feature",
      "geometry": {
        "type": "Point",
        "coordinates": [
          6.613265037536621,
          46.53628158569336
        ]
      },
      "properties": {
        "source": "immobilier.ch",
        "source_section": "lausanne",
        "source_id": "1557543",
        "source_url": "https://www.immobilier.ch/fr/louer/appartement/vaud/lausanne/cogestim-lausanne-237/magnifique-appartement-1-piece-entierement-renove-1557543",
        "area": "lausanne",
        "title": "Magnifique appartement de 1 pièce entièrement rénové",
        "description_title": "Votre garantie de loyer",
        "price_monthly": 1050.0,
        "price_net": null,
        "charges": null,
        "currency": "CHF",
        "address": "Ch. du Boisy 47",
        "postal_code": "1004",
        "city": "Lausanne",
        "country": "CH",
        "latitude": 46.53628158569336,
        "longitude": 6.613265037536621,
        "location_precision": "address",
        "distance_from_lausanne_km": 2.35,
        "property_type": "apartment",
        "rooms": 1.0,
        "bedrooms": null,
        "bathrooms": null,
        "size_m2": 34.0,
        "usable_area_m2": null,
        "floor": "4ème étage",
        "furnished": null,
        "contract_type": null,
        "availability_text": "Disponible dès le 01.10.2026",
        "available_from": "2026-10-01",
        "available_now": false,
        "available_to": null,
        "minimum_months": null,
        "maximum_months": null,
        "pets": null,
        "smoking": null,
        "student_only": null,
        "gender": null,
        "minimum_age": null,
        "maximum_age": null,
        "description": "Magnifique appartement de 1 pièce entièrement rénové Description du bien Dans un quartier calme proche de la verdure, vous trouverez un magnifique logement de 1 pièce au 4ème étage entièrement rénové comprenant: - un petit hall - une pièce - cuisine entièrement agencée ouvert sur séjour - une salle de douche/wc - un grand balcon Les photos sont non-contractuelles. VISITE GROUPEE LE LUNDI 7 SEPTEMBRE 2026 DE 16H00 A 17H00, sans besoin de vous annoncer."
      }
    },
    {
      "type": "Feature",
      "geometry": {
        "type": "Point",
        "coordinates": [
          6.6144232749938965,
          46.53705978393555
        ]
      },
      "properties": {
        "source": "immobilier.ch",
        "source_section": "lausanne",
        "source_id": "1525791",
        "source_url": "https://www.immobilier.ch/fr/louer/appartement/vaud/lausanne/misa-immobilier-268/appartement-35-pcs-lausanne-1525791",
        "area": "lausanne",
        "title": "Appartement de 3.5 pcs à Lausanne",
        "description_title": "Votre garantie de loyer",
        "price_monthly": 1980.0,
        "price_net": null,
        "charges": null,
        "currency": "CHF",
        "address": "Chemin de Pierrefleur 13",
        "postal_code": "1004",
        "city": "Lausanne",
        "country": "CH",
        "latitude": 46.53705978393555,
        "longitude": 6.6144232749938965,
        "location_precision": "address",
        "distance_from_lausanne_km": 2.37,
        "property_type": "apartment",
        "rooms": 3.5,
        "bedrooms": 2.0,
        "bathrooms": null,
        "size_m2": 77.0,
        "usable_area_m2": null,
        "floor": "6ème étage",
        "furnished": null,
        "contract_type": null,
        "availability_text": null,
        "available_from": null,
        "available_now": null,
        "available_to": null,
        "minimum_months": null,
        "maximum_months": null,
        "pets": null,
        "smoking": null,
        "student_only": null,
        "gender": null,
        "minimum_age": null,
        "maximum_age": null,
        "description": "Appartement de 3.5 pcs à Lausanne Description du bien Nous proposons à la location, un bel appartement de 3,5 pièces, lumineux de 77 m² dans un quartier agréable et bien desservi. Situé au 6? étage, ce logement offre un cadre de vie confortable et fonctionnel avec une vue dégagée et une belle luminosité naturelle. Composition du logement : - Hall d'entrée accueillant - Spacieux séjour - 2 chambres à coucher - Cuisine entièrement agencée - Salle de douche avec WC - Balcon agréable Cet appartement allie confort, praticité et situation privilégiée, à proximité des commerces, des transports publics et de toutes les commodités. Les locataires bénéficieront également de la jouissance d'un poulailler ainsi que de potagers, offrant un agréable espace extérieur. Loyer mensuel : CHF 1'980.00 Charges mensuelles : CHF 160.00 Total mensuel : CHF 2'140.00 Possibilité de louer une place de parc extérieure, loyer mensuel CHF 100.00 Une visite groupée est prévue le lundi 24 août à 18h00. Nous vous remercions de bien vouloir nous confirmer votre présence par courriel à l'adresse"
      }
    },
    {
      "type": "Feature",
      "geometry": {
        "type": "Point",
        "coordinates": [
          6.606904983520508,
          46.53306198120117
        ]
      },
      "properties": {
        "source": "flatfox",
        "source_section": "lausanne_shared",
        "source_id": "86216666",
        "source_url": "https://flatfox.ch/fr/flat/1008-prilly/86216666",
        "area": "lausanne",
        "title": "Chambre en colocation à louer à Prilly",
        "description_title": "Cozy co-living in Prilly",
        "price_monthly": 1090.0,
        "price_net": null,
        "charges": null,
        "currency": "CHF",
        "address": null,
        "postal_code": "1008",
        "city": "Prilly",
        "country": "CH",
        "latitude": 46.53306198120117,
        "longitude": 6.606904983520508,
        "location_precision": "postal_code_city",
        "distance_from_lausanne_km": 2.45,
        "property_type": "private_room",
        "rooms": 1.0,
        "bedrooms": null,
        "bathrooms": null,
        "size_m2": 13.0,
        "usable_area_m2": null,
        "floor": "2e étage",
        "furnished": true,
        "contract_type": null,
        "availability_text": "1. septembre 2026",
        "available_from": "2026-09-01",
        "available_now": false,
        "available_to": null,
        "minimum_months": null,
        "maximum_months": null,
        "pets": null,
        "smoking": null,
        "student_only": null,
        "gender": null,
        "minimum_age": null,
        "maximum_age": null,
        "description": "The coliving apartment \"Ted,\" located at Rue des Métiers 2, 1008 Prilly, is an ideal place for young professionals looking to live in a communal yet modern space. With five spacious rooms, you'll share the apartment with four flatmates, making it perfect for socializing and forming lasting friendships. The kitchen is well-equipped with an oven, stove, dishwasher, and fridge, making it easy to cook together or host communal dinners in the dining area, which seats six people. The modern furniture adds a contemporary touch, and the inclusion of a washing machine and tumble dryer ensures convenience for all residents. Situated in the suburb of Prilly, just outside of Lausanne, the apartment offers a perfect blend of residential calm and city connectivity. Public transportation is easily accessible with the nearby Prilly-Malley Train Station, which provides quick access to Lausanne and neighboring areas. The bus network is extensive, and the M1 Metro Line (TSOL) conveniently links you to Lausanne's university district, including the University of Lausanne (UNIL) and the École Polytechnique Fédérale de Lausanne (EPFL), making the apartment ideal for both students and professionals. For your everyday needs, the nearby Centre Commercial Prilly-Malley hosts a variety of shops, including a Migros supermarket. Additionally, there are several restaurants and cafés nearby, offering both local and international dining options. If you're seeking a bit of nature, the Parc de l'Hermitage and the Bois de la Sauvabelin are just a short distance away, offering scenic walking trails, picnic spots, and breathtaking views of Lake Geneva and the Alps. Living in Prilly means you can enjoy the peacefulness of a suburban neighborhood while being just a few kilometers from Lausanne's vibrant city center, where you can explore cultural attractions like the Olympic Museum, the Lausanne Cathedral, and an array of shops, restaurants, and entertainment venues. This location is perfect for balancing work, study, and leisure activities. Room Estate 🏡 - The leading coliving provider in Switzerland! With us, you can simply move in with your suitcase and start living - everything is ready for you. No paperwork, no hassle, no stress. Everything you need is already organized and all services are included in one price. Coliving here means uncomplicated, modern living and real community. Enjoy your life, we'll take care of the rest. Welcome to Room Estate - your new home in Switzerland! Interested? Secure your place now and make it comfortable with us! 🏡 // L'appartement coliving \"Ted\" situé au Rue des Métiers 2, 1008 Prilly, est un lieu idéal pour les jeunes professionnels qui souhaitent vivre dans un espace communautaire tout en profitant de la modernité. Avec ses cinq chambres spacieuses, tu partageras l’appartement avec quatre colocataires, un cadre parfait pour socialiser et créer des amitiés durables. La cuisine, bien équipée avec un four, une cuisinière, un lave-vaisselle et un réfrigérateur, facilite la préparation de repas en commun, et l’espace salle à manger pour six personnes est parfait pour les dîners entre amis. Le mobilier moderne ajoute une touche contemporaine, et la machine à laver ainsi que le sèche-linge dans l'appartement offrent une grande commodité. Situé dans la banlieue de Prilly, juste à l'extérieur de Lausanne, l'appartement offre un mélange parfait entre tranquillité résidentielle et accessibilité à la ville. La gare de Prilly-Malley, située à proximité, propose des services réguliers vers Lausanne et les environs. Le réseau de bus est bien desservi, et la ligne de métro M1 (TSOL) te relie directement au quartier universitaire de Lausanne, incluant l'Université de Lausanne (UNIL) et l'École Polytechnique Fédérale de Lausanne (EPFL), ce qui rend cet appartement idéal tant pour les étudiants que pour les professionnels. Pour tes besoins quotidiens, le Centre Commercial Prilly-Malley, tout proche, offre une gamme de magasins, y compris un supermarché Migros. De plus, de nombreux restaurants et cafés sont disponibles dans les environs, proposant des cuisines locales et internationales. Si tu cherches à te détendre dans la nature, le Parc de l'Hermitage et le Bois de la Sauvabelin se trouvent à une courte distance, offrant des sentiers pittoresques, des aires de pique-nique et une vue imprenable sur le lac Léman et les Alpes. Vivre à Prilly te permet de profiter de la tranquillité d'une banlieue tout en restant à quelques kilomètres du centre-ville animé de Lausanne, où tu peux découvrir des attractions culturelles telles que le Musée Olympique, la Cathédrale de Lausanne, ainsi que de nombreuses boutiques, restaurants et lieux de divertissement. Cet emplacement est idéal pour équilibrer travail, études et loisirs. Room Estate 🏡 - Le leader du coliving en Suisse! Chez nous, tu peux simplement emménager avec ta valise et commencer à vivre - tout est prêt pour toi. Pas de paperasse, pas d'effort, pas de stress. Tout ce dont tu as besoin est déjà organisé et tous les services sont compris dans un seul prix. Coliving signifie ici un habitat simple et moderne et une véritable communauté. Profite de ta vie, nous nous occupons du reste. Bienvenue chez Room Estate - ton nouveau chez-toi en Suisse! Tu es intéressé(e)? Réserve ta place dès maintenant et mets-toi à l'aise chez nous! 🏡 Contacter l'annonceur Nom E-mail Téléphone Créer un abonnement de recherche pour les annonces similaires Veuillez patienter... Toujours accompagné dans vos affaires juridiques Assurance protection juridique avec consultation gratuite et prise en charge des frais de justice. Découvrez tous les avantages Inscrivez-vous pour annonces à Prilly Être averti instantanément lorsque des annonces similaires à Prilly arrivent. Créer une alerte e-mail Annonceur Room Estate AG Katzenbachstrasse 71 8052 Zürich Voir toutes les annonces Annonces similaires autour de Prilly Location 1’150 CHF Chambre en colocation Route du Mont 1 1008 Prilly Location 1’090 CHF Meublé Chambre en colocation 1004 Lausanne Location 1’190 CHF Meublé Chambre en colocation 1004 Lausanne Afficher plus..."
      }
    },
    {
      "type": "Feature",
      "geometry": {
        "type": "Point",
        "coordinates": [
          6.614017963409424,
          46.53799057006836
        ]
      },
      "properties": {
        "source": "immobilier.ch",
        "source_section": "lausanne",
        "source_id": "1546043",
        "source_url": "https://www.immobilier.ch/fr/louer/appartement/vaud/lausanne/cogestim-lausanne-237/magnifique-appartement-55-pieces-11eme-etage-1546043",
        "area": "lausanne",
        "title": "Magnifique appartement de 5.5 pièces au 11ème étage",
        "description_title": "Votre garantie de loyer",
        "price_monthly": 2980.0,
        "price_net": null,
        "charges": null,
        "currency": "CHF",
        "address": "Ch. de Pierrefleur 54",
        "postal_code": "1004",
        "city": "Lausanne",
        "country": "CH",
        "latitude": 46.53799057006836,
        "longitude": 6.614017963409424,
        "location_precision": "address",
        "distance_from_lausanne_km": 2.47,
        "property_type": "apartment",
        "rooms": 5.5,
        "bedrooms": 4.0,
        "bathrooms": 2.0,
        "size_m2": 128.0,
        "usable_area_m2": null,
        "floor": "11ème étage",
        "furnished": null,
        "contract_type": null,
        "availability_text": "Disponible dès le 01.11.2026",
        "available_from": "2026-11-01",
        "available_now": false,
        "available_to": null,
        "minimum_months": null,
        "maximum_months": null,
        "pets": null,
        "smoking": null,
        "student_only": null,
        "gender": null,
        "minimum_age": null,
        "maximum_age": null,
        "description": "Magnifique appartement de 5.5 pièces au 11ème étage Description du bien Cet appartement de 5.5 pièces au 11ème étage est disponible à la location dès le 1er novembre 2026. Situé dans un quartier calme, entouré de verdure et à quelques minutes de toutes commodités, ce logement saura vous séduire par ces nombreuses caractéristiques : - Un grand séjour avec un balcon et une vue dégagée - Une cuisine agencée avec une salle à manger - Un hall avec armoires intégrées - 4 grandes chambres dont une avec un balcon donnant sur la forêt à proximité - Un WC séparé - Une salle de bains L'immeuble dispose d'un ascenseur et d'une buanderie commune. Une cave est mise à disposition à titre gratuit et à bien plaire. Il s'agit d'un loyer LPPPL. Loyer net CHF 1'849.00 jusqu'au 30 novembre 2026 puis CHF 2'980.00 dès le 1er décembre 2026. — VISITES — Veuillez prendre contact avec nos bureaux afin d'organiser une visite. --- EN CAS D'INTÉRÊT --- Merci de bien vouloir effectuer votre candidature en ligne. Ladite candidature est à remplir depuis l'annonce de cet appartement sur notre site www.cogestim.ch."
      }
    },
    {
      "type": "Feature",
      "geometry": {
        "type": "Point",
        "coordinates": [
          6.619911193847656,
          46.54202651977539
        ]
      },
      "properties": {
        "source": "flatfox",
        "source_section": "lausanne_shared",
        "source_id": "86288414",
        "source_url": "https://flatfox.ch/fr/flat/route-de-lausanne-1018-1018-lausanne/86288414",
        "area": "lausanne",
        "title": "Chambre en colocation à louer à Lausanne",
        "description_title": "Chambre en colocation à Lausanne",
        "price_monthly": 1000.0,
        "price_net": null,
        "charges": null,
        "currency": "CHF",
        "address": "Route de Lausanne 1018",
        "postal_code": "1018",
        "city": "Lausanne",
        "country": "CH",
        "latitude": 46.54202651977539,
        "longitude": 6.619911193847656,
        "location_precision": "address",
        "distance_from_lausanne_km": 2.66,
        "property_type": "private_room",
        "rooms": 1.0,
        "bedrooms": null,
        "bathrooms": null,
        "size_m2": 30.0,
        "usable_area_m2": null,
        "floor": null,
        "furnished": true,
        "contract_type": null,
        "availability_text": "Sur demande",
        "available_from": null,
        "available_now": false,
        "available_to": null,
        "minimum_months": null,
        "maximum_months": null,
        "pets": true,
        "smoking": null,
        "student_only": null,
        "gender": null,
        "minimum_age": null,
        "maximum_age": null,
        "description": "Je loue une grande chambre confortable et meublé dans mon appartement. elle dispose cuisinier entier équipé , d'une ambiance familiale et d'un emplacement idéal en plein centre de Lausanne, á 300 mètre du métro et à 8 minutes de la gare centrale Lausanne 1018 Route de Lausanne 1018. Laissez-moi un message via WhatsApp +33 6 75 48 68 57 Contacter l'annonceur Nom E-mail Téléphone Créer un abonnement de recherche pour les annonces similaires Veuillez patienter... Obtenez votre attestation gratuite Renforcez votre dossier de location avec l'attestation provisoire de SwissCaution. Commander maintenant Inscrivez-vous pour annonces à Lausanne Être averti instantanément lorsque des annonces similaires à Lausanne arrivent. Créer une alerte e-mail Annonces similaires autour de Lausanne Location 1’100 CHF Meublé Chambre en colocation Route de Berne, 57 1010 Lausanne Location 1’000 CHF Meublé Chambre en colocation 1018 Lausanne Location 967 CHF Chambre en colocation Rue de Geneve 77 1004 Lausanne Afficher plus..."
      }
    },
    {
      "type": "Feature",
      "geometry": {
        "type": "Point",
        "coordinates": [
          6.631093502044678,
          46.545169830322266
        ]
      },
      "properties": {
        "source": "flatfox",
        "source_section": "lausanne_shared",
        "source_id": "86286386",
        "source_url": "https://flatfox.ch/fr/flat/chemin-du-rionzi-45-1052-le-mont-sur-lausanne/86286386",
        "area": "lausanne",
        "title": "Chambre en colocation à louer à Le Mont-sur-Lausanne",
        "description_title": "Chambre en colocation",
        "price_monthly": 1090.0,
        "price_net": null,
        "charges": null,
        "currency": "CHF",
        "address": "Chemin du Rionzi 45",
        "postal_code": "1052",
        "city": "Le Mont-sur-Lausanne",
        "country": "CH",
        "latitude": 46.545169830322266,
        "longitude": 6.631093502044678,
        "location_precision": "address",
        "distance_from_lausanne_km": 2.83,
        "property_type": "private_room",
        "rooms": 1.0,
        "bedrooms": null,
        "bathrooms": null,
        "size_m2": null,
        "usable_area_m2": null,
        "floor": "rez-de-chaussée",
        "furnished": true,
        "contract_type": null,
        "availability_text": "1. septembre 2026",
        "available_from": "2026-09-01",
        "available_now": false,
        "available_to": null,
        "minimum_months": null,
        "maximum_months": null,
        "pets": null,
        "smoking": null,
        "student_only": null,
        "gender": null,
        "minimum_age": null,
        "maximum_age": null,
        "description": "Bonjour, Chambre meublée à louer à partir du 1er septembre à 1090 francs par mois (charges et internet compris). C’est dans une colocation de 4 personnes en tout (donc toi et 3 autres personnes) au Mont-Sur-Lausanne à quelques minutes de l’arrêt de bus Le Mont-sur-Lausanne, Rionzi. Il y a un Denner et un Lidl à 10 minutes à pied. L'appartement comprend une salle de bain avec une douche et des toilettes, une autre pièce avec une toilette et l'un des colocataires a sa salle de bains privée intégrée à sa chambre. Il y a aussi un lave-vaisselle et 2 grands frigos. N’hésitez pas à me contacter pour plus d’informations. Contacter l'annonceur Nom E-mail Téléphone Créer un abonnement de recherche pour les annonces similaires Veuillez patienter... Obtenez votre attestation gratuite Renforcez votre dossier de location avec l'attestation provisoire de SwissCaution. Commander maintenant Inscrivez-vous pour annonces à Le Mont-sur-Lausanne Être averti instantanément lorsque des annonces similaires à Le Mont-sur-Lausanne arrivent. Créer une alerte e-mail Annonces similaires autour de Le Mont-sur-Lausanne Location 1’100 CHF Meublé Chambre en colocation Route de Berne, 57 1010 Lausanne Location 1’000 CHF Meublé Chambre en colocation 1018 Lausanne Location 1’150 CHF Chambre en colocation Route du Mont 1 1008 Prilly Afficher plus..."
      }
    },
    {
      "type": "Feature",
      "geometry": {
        "type": "Point",
        "coordinates": [
          6.6678853034973145,
          46.51021194458008
        ]
      },
      "properties": {
        "source": "flatfox",
        "source_section": "lausanne_shared",
        "source_id": "86240535",
        "source_url": "https://flatfox.ch/fr/flat/chemin-des-plateires-22-1009-pully/86240535",
        "area": "lausanne",
        "title": "Chambre en colocation à louer à Pully",
        "description_title": "Cozy furnished room in sunny lake view flat",
        "price_monthly": 1430.0,
        "price_net": 1350.0,
        "charges": 80.0,
        "currency": "CHF",
        "address": "Chemin des Plateires, 22",
        "postal_code": "1009",
        "city": "Pully",
        "country": "CH",
        "latitude": 46.51021194458008,
        "longitude": 6.6678853034973145,
        "location_precision": "address",
        "distance_from_lausanne_km": 2.92,
        "property_type": "private_room",
        "rooms": 1.0,
        "bedrooms": null,
        "bathrooms": null,
        "size_m2": 98.0,
        "usable_area_m2": 75.0,
        "floor": "1er étage",
        "furnished": true,
        "contract_type": null,
        "availability_text": "31. août 2026",
        "available_from": "2026-08-31",
        "available_now": false,
        "available_to": null,
        "minimum_months": null,
        "maximum_months": null,
        "pets": null,
        "smoking": null,
        "student_only": null,
        "gender": null,
        "minimum_age": null,
        "maximum_age": null,
        "description": "Hello ! I'm subletting my room in a bright and spacious apartment with an amazing lake and mountain view, shared with just one flatmate. Rent: Long term: CHF 1'420 per month (incl. water, electricity, land maintenance, serafe) Location: Pully — just 700 meters from the lake, in a quiet building with only 3 apartments. Transport: Bus line 9 → 5 min walk and you reach city center in 10 min / Pully train station → 10 min walk and you reach Lausanne station in 3 min The apartment includes: · 2 furnished bedrooms (you get 1) · 2 bathrooms with private toilets (you get 1) · Large and cozy living room · Fully equipped kitchen · Balcony with breathtaking lake and mountain views · Optional parking space available in front of the building Your flatmate, Philippe, 37, is an outgoing social and outdoorsy guy. We have shared numerous lake swim, hikes and evenings together. Contacter l'annonceur Nom E-mail Téléphone Créer un abonnement de recherche pour les annonces similaires Veuillez patienter... Vous avez trouvé un logement? Assurez-le sur mesure. Une police unique de la Mobilière vous permet de couvrir exactement les risques que vous souhaitez, selon vos priorités, votre situation de vie et votre logement. Voir l'offre Inscrivez-vous pour annonces à Pully Être averti instantanément lorsque des annonces similaires à Pully arrivent. Créer une alerte e-mail Annonces similaires autour de Pully Location 1’298 CHF Chambre en colocation Rue Saint-François 1005 Lausanne Location 990 CHF Meublé Chambre en colocation Avenue Guillemin 6 1009 Pully Location 1’290 CHF Meublé Chambre en colocation 1004 Lausanne Afficher plus..."
      }
    },
    {
      "type": "Feature",
      "geometry": {
        "type": "Point",
        "coordinates": [
          6.6678853034973145,
          46.51021194458008
        ]
      },
      "properties": {
        "source": "flatfox",
        "source_section": "lausanne_shared",
        "source_id": "86258766",
        "source_url": "https://flatfox.ch/fr/flat/chem-des-plateires-22-1009-pully/86258766",
        "area": "lausanne",
        "title": "Chambre en colocation à louer à Pully",
        "description_title": "Chambre colocation Pully - Très calme et pres du lac",
        "price_monthly": 1390.0,
        "price_net": null,
        "charges": null,
        "currency": "CHF",
        "address": "Chem. des Plateires 22",
        "postal_code": "1009",
        "city": "Pully",
        "country": "CH",
        "latitude": 46.51021194458008,
        "longitude": 6.6678853034973145,
        "location_precision": "address",
        "distance_from_lausanne_km": 2.92,
        "property_type": "private_room",
        "rooms": 1.0,
        "bedrooms": null,
        "bathrooms": null,
        "size_m2": 90.0,
        "usable_area_m2": null,
        "floor": "1er étage",
        "furnished": true,
        "contract_type": null,
        "availability_text": "1. septembre 2026",
        "available_from": "2026-09-01",
        "available_now": false,
        "available_to": null,
        "minimum_months": null,
        "maximum_months": null,
        "pets": null,
        "smoking": null,
        "student_only": null,
        "gender": null,
        "minimum_age": null,
        "maximum_age": null,
        "description": "Hello tout le monde ! Je propose une chambre à sous-louer dans un lumineux appartement avec vue sur le lac et les montagnes, en colocation avec une seule personne (2 chambres, 2 salle de bain 2 WC). Mon actuelle colocataire partant plus tôt que prévu, la chambre est dispo dès Septembre. 📍 Localisation : Pully à 800m du lac (immeuble calme avec seulement 3 appartements) 🚆 Transports : Bus ligne 9 à proximité, gare de Pully à 10 min à pied / 5 min en bus (gare de Lausanne en 5 min en train) Loyer : Longue durée : CHF 1'350 / mois L’appartement comprend : ✔️ 2 Chambres meublée ✔️ 2 Salle de bain avec WC privatif ✔️ Grand salon confortable ✔️ Cuisine entièrement équipée ✔️ Balcon avec vue imprenable sur le lac et les montagnes ✔️ Place de parking possible devant l’immeuble À propos du coloc : Philippe, dynamique et actif, toujours partant pour une sortie montagne, en ski, en randonnée ou à vélo ! Contacter l'annonceur Nom E-mail Téléphone Créer un abonnement de recherche pour les annonces similaires Veuillez patienter... Vous avez trouvé un logement? Assurez-le sur mesure. Une police unique de la Mobilière vous permet de couvrir exactement les risques que vous souhaitez, selon vos priorités, votre situation de vie et votre logement. Voir l'offre Inscrivez-vous pour annonces à Pully Être averti instantanément lorsque des annonces similaires à Pully arrivent. Créer une alerte e-mail Annonces similaires autour de Pully Location 1’298 CHF Chambre en colocation Rue Saint-François 1005 Lausanne Location 990 CHF Meublé Chambre en colocation Avenue Guillemin 6 1009 Pully Location 1’290 CHF Meublé Chambre en colocation 1004 Lausanne Afficher plus..."
      }
    },
    {
      "type": "Feature",
      "geometry": {
        "type": "Point",
        "coordinates": [
          6.670228004455566,
          46.5152587890625
        ]
      },
      "properties": {
        "source": "flatfox",
        "source_section": "lausanne_shared",
        "source_id": "86287295",
        "source_url": "https://flatfox.ch/fr/flat/1009-pully/86287295",
        "area": "lausanne",
        "title": "Chambre en colocation à louer à Pully",
        "description_title": "Room in spacious & modern shared flat - Pully",
        "price_monthly": 1200.0,
        "price_net": null,
        "charges": null,
        "currency": "CHF",
        "address": null,
        "postal_code": "1009",
        "city": "Pully",
        "country": "CH",
        "latitude": 46.5152587890625,
        "longitude": 6.670228004455566,
        "location_precision": "postal_code_city",
        "distance_from_lausanne_km": 2.94,
        "property_type": "private_room",
        "rooms": 1.0,
        "bedrooms": null,
        "bathrooms": null,
        "size_m2": 90.0,
        "usable_area_m2": null,
        "floor": "1er étage",
        "furnished": true,
        "contract_type": null,
        "availability_text": "Immédiatement",
        "available_from": null,
        "available_now": true,
        "available_to": null,
        "minimum_months": null,
        "maximum_months": null,
        "pets": null,
        "smoking": null,
        "student_only": null,
        "gender": null,
        "minimum_age": null,
        "maximum_age": null,
        "description": "📍Room for rent (shared apartment) in a spacious apartment located on the 1st floor of a building on Avenue Général-Guisan in Pully. Renovated in 2022 and available immediately, the apartment combines comfort with a great location near Lac Léman and bus stops with fast connections to Lausanne. Features: ✔️A spacious living-dining room ✔️A modern equiped kitchen ✔️A comfortable bedroom: furnished with bed, mattress, wardrobe, desk ✔️One bathroom and one toilet ✔️A private balcony with view of the lake and the mountains ✔️Access by elevator ✔️Peaceful quiet surroundings ✔️A 1-minute walk from the Verney bus stop. A 15-minute walk from the Pully train station. ✔️Shared laundry room, with a chargeable card. Good availability of slots to use the rooms. ✨Looking for a student or young worker to share the appartement with. Contacter l'annonceur Nom E-mail Téléphone Créer un abonnement de recherche pour les annonces similaires Veuillez patienter... Besoin d'aide pour déménager ? Recevez gratuitement et sans engagement 5 offres de déménagement et/ou de nettoyage. Recevoir des offres gratuites Inscrivez-vous pour annonces à Pully Être averti instantanément lorsque des annonces similaires à Pully arrivent. Créer une alerte e-mail Annonces similaires autour de Pully Location 1’100 CHF Meublé Chambre en colocation Route de Berne, 57 1010 Lausanne Location 1’298 CHF Chambre en colocation Rue Saint-François 1005 Lausanne Location 990 CHF Meublé Chambre en colocation Avenue Guillemin 6 1009 Pully Afficher plus..."
      }
    },
    {
      "type": "Feature",
      "geometry": {
        "type": "Point",
        "coordinates": [
          6.609403133392334,
          46.54219436645508
        ]
      },
      "properties": {
        "source": "flatfox",
        "source_section": "lausanne_shared",
        "source_id": "86172937",
        "source_url": "https://flatfox.ch/fr/flat/route-du-mont-1-1008-prilly/86172937",
        "area": "lausanne",
        "title": "Chambre en colocation à louer à Prilly",
        "description_title": "Chambre dans une collocation d'un appartement 4.5 pièces de 145m²",
        "price_monthly": 1150.0,
        "price_net": null,
        "charges": null,
        "currency": "CHF",
        "address": "Route du Mont 1",
        "postal_code": "1008",
        "city": "Prilly",
        "country": "CH",
        "latitude": 46.54219436645508,
        "longitude": 6.609403133392334,
        "location_precision": "address",
        "distance_from_lausanne_km": 3.05,
        "property_type": "private_room",
        "rooms": 1.0,
        "bedrooms": null,
        "bathrooms": null,
        "size_m2": 145.0,
        "usable_area_m2": null,
        "floor": "1er étage",
        "furnished": true,
        "contract_type": "temporary",
        "availability_text": "1. octobre 2026",
        "available_from": "2026-10-01",
        "available_now": false,
        "available_to": null,
        "minimum_months": null,
        "maximum_months": null,
        "pets": null,
        "smoking": null,
        "student_only": null,
        "gender": null,
        "minimum_age": null,
        "maximum_age": null,
        "description": "Faisant suite au départ de l'un des colocataire, l'une des chambres sera disponible à partir du 1er octobre. L'appartement est situé à proximité de la ligne du LEB, ce qui rend le centre-ville de Lausanne accessible en moins de 10 minutes. Cet appartement de construction récente de 145 m² comporte un grand séjour d'environ 60m² avec une cuisine ouverte entièrement équipée ainsi qu'une grande terrasse. Un lave-linge & un sèche-linge sont disponible. Une place de parking en souterrain est également disponible pour 100. Reprise de Bail uniquement, pas de sous-location Contacter l'annonceur Nom E-mail Téléphone Créer un abonnement de recherche pour les annonces similaires Veuillez patienter... Obtenez votre attestation gratuite Renforcez votre dossier de location avec l'attestation provisoire de SwissCaution. Commander maintenant Inscrivez-vous pour annonces à Prilly Être averti instantanément lorsque des annonces similaires à Prilly arrivent. Créer une alerte e-mail Annonces similaires autour de Prilly Location 1’100 CHF Meublé Chambre en colocation Route de Berne, 57 1010 Lausanne Location 1’090 CHF Meublé Chambre en colocation 1004 Lausanne Location 1’190 CHF Meublé Chambre en colocation 1004 Lausanne Afficher plus..."
      }
    },
    {
      "type": "Feature",
      "geometry": {
        "type": "Point",
        "coordinates": [
          6.6296067237854,
          46.55019760131836
        ]
      },
      "properties": {
        "source": "flatfox",
        "source_section": "lausanne_shared",
        "source_id": "86290098",
        "source_url": "https://flatfox.ch/fr/flat/chemin-des-champs-meunier-9l-1052-le-monts-sur-lau/86290098",
        "area": "lausanne",
        "title": "Chambre en colocation à louer à Le Monts Sur Lausanne",
        "description_title": "Chambre double dans une super colocation",
        "price_monthly": 1150.0,
        "price_net": null,
        "charges": null,
        "currency": "CHF",
        "address": "Chemin des Champs-Meunier 9L",
        "postal_code": "1052",
        "city": "Le Monts Sur Lausanne",
        "country": "CH",
        "latitude": 46.55019760131836,
        "longitude": 6.6296067237854,
        "location_precision": "address",
        "distance_from_lausanne_km": 3.4,
        "property_type": "private_room",
        "rooms": 1.0,
        "bedrooms": null,
        "bathrooms": null,
        "size_m2": 108.0,
        "usable_area_m2": null,
        "floor": "1er étage",
        "furnished": true,
        "contract_type": null,
        "availability_text": "Immédiatement",
        "available_from": null,
        "available_now": true,
        "available_to": null,
        "minimum_months": null,
        "maximum_months": null,
        "pets": null,
        "smoking": null,
        "student_only": null,
        "gender": null,
        "minimum_age": null,
        "maximum_age": null,
        "description": "Nous proposons une chambre double entièrement meublée dans une colocation agréable et conviviale, située dans un quartier résidentiel calme au nord de Lausanne. L'appartement est spacieux, lumineux et entièrement équipé. Vous y trouverez une cuisine moderne avec tout le nécessaire, un salon avec un grand canapé, une salle de bains avec douche et/ou baignoire ainsi qu'un balcon ou une terrasse donnant sur la résidence. La chambre dispose d'un lit double, d'une armoire et d'un grand bureau. Elle est prête à être habitée dès votre arrivée. L'emplacement permet de rejoindre facilement le centre de Lausanne ainsi que les universités et hautes écoles en transports publics. Une Coop, un Lidl et plusieurs arrêts de bus se trouvent à quelques minutes à pied. Le loyer comprend toutes les charges : eau, électricité, chauffage et Internet haut débit. Les draps de lit sont également fournis. Une colocation simple et confortable, idéale si vous cherchez un endroit agréable où vous installer à Lausanne. Stéphane Contacter l'annonceur Nom E-mail Téléphone Créer un abonnement de recherche pour les annonces similaires Veuillez patienter... Obtenez votre attestation gratuite Renforcez votre dossier de location avec l'attestation provisoire de SwissCaution. Commander maintenant Inscrivez-vous pour annonces à Le Mont-sur-Lausanne Être averti instantanément lorsque des annonces similaires à Le Mont-sur-Lausanne arrivent. Créer une alerte e-mail Annonces similaires autour de Le Mont-sur-Lausanne Location 1’100 CHF Meublé Chambre en colocation Route de Berne, 57 1010 Lausanne Location 1’000 CHF Meublé Chambre en colocation 1018 Lausanne Location 1’150 CHF Chambre en colocation Route du Mont 1 1008 Prilly Afficher plus..."
      }
    },
    {
      "type": "Feature",
      "geometry": {
        "type": "Point",
        "coordinates": [
          6.6294779777526855,
          46.55070495605469
        ]
      },
      "properties": {
        "source": "flatfox",
        "source_section": "lausanne_shared",
        "source_id": "86223231",
        "source_url": "https://flatfox.ch/fr/flat/chemin-des-champs-meunier-7e-1052-le-mont-sur-laus/86223231",
        "area": "lausanne",
        "title": "Chambre en colocation à louer à - Le Mont-sur-Lausanne",
        "description_title": "Grande chambre lumineuse dans une trés sympatique colocation",
        "price_monthly": 1090.0,
        "price_net": 990.0,
        "charges": 100.0,
        "currency": "CHF",
        "address": "Chemin des Champs-Meunier 7E",
        "postal_code": "1052",
        "city": "- Le Mont-sur-Lausanne",
        "country": "CH",
        "latitude": 46.55070495605469,
        "longitude": 6.6294779777526855,
        "location_precision": "address",
        "distance_from_lausanne_km": 3.45,
        "property_type": "private_room",
        "rooms": 1.0,
        "bedrooms": null,
        "bathrooms": null,
        "size_m2": 108.0,
        "usable_area_m2": null,
        "floor": null,
        "furnished": true,
        "contract_type": null,
        "availability_text": "1. septembre 2026",
        "available_from": "2026-09-01",
        "available_now": false,
        "available_to": null,
        "minimum_months": null,
        "maximum_months": null,
        "pets": null,
        "smoking": null,
        "student_only": null,
        "gender": null,
        "minimum_age": null,
        "maximum_age": null,
        "description": "Rejoignez une colocation conviviale dans un appartement moderne et entièrement meublé, situé dans un quartier calme au nord de Lausanne. Vous partagerez le logement avec une jeune femme et un jeune homme, tous deux actifs, dans une ambiance respectueuse et détendue. L'appartement dispose d'un agréable séjour lumineux avec un grand canapé, d'une cuisine entièrement équipée, d'une salle de bains moderne avec douche et baignoire, ainsi que d'un balcon offrant une vue sur la résidence. Chaque chambre est entièrement meublée avec un lit double, une armoire et un grand bureau, pour que vous puissiez vous installer immédiatement. Le quartier est pratique et bien desservi. Une Coop se trouve à environ 10 minutes à pied, l'arrêt de bus Coop est accessible en seulement 3 minutes, et la ligne 8 vous permet de rejoindre le Flon en une quinzaine de minutes. Le loyer comprend Internet haut débit, l'eau, l'électricité, le chauffage ainsi que les draps de lit. Il ne vous reste plus qu'à apporter vos affaires et profiter pleinement de votre nouvelle colocation. Si vous pensez que cette colocation est faite pour vous, n'hésitez pas à nous contacter pour plus d'informations ou pour organiser une visite. Nous serons ravis de vous faire découvrir les lieux ! Contacter l'annonceur Nom E-mail Téléphone Créer un abonnement de recherche pour les annonces similaires Veuillez patienter... Toujours accompagné dans vos affaires juridiques Assurance protection juridique avec consultation gratuite et prise en charge des frais de justice. Découvrez tous les avantages Inscrivez-vous pour annonces à Le Mont-sur-Lausanne Être averti instantanément lorsque des annonces similaires à Le Mont-sur-Lausanne arrivent. Créer une alerte e-mail Annonces similaires autour de Le Mont-sur-Lausanne Location 1’100 CHF Meublé Chambre en colocation Route de Berne, 57 1010 Lausanne Location 1’000 CHF Meublé Chambre en colocation 1018 Lausanne Location 1’150 CHF Chambre en colocation Route du Mont 1 1008 Prilly Afficher plus..."
      }
    },
    {
      "type": "Feature",
      "geometry": {
        "type": "Point",
        "coordinates": [
          6.59348201751709,
          46.5360107421875
        ]
      },
      "properties": {
        "source": "flatfox",
        "source_section": "lausanne_shared",
        "source_id": "86223352",
        "source_url": "https://flatfox.ch/fr/flat/1020-renens/86223352",
        "area": "lausanne",
        "title": "Chambre en colocation à louer à Renens",
        "description_title": "Coliving Designed for Focus, Community, and Comfort in Renens",
        "price_monthly": 1590.0,
        "price_net": null,
        "charges": null,
        "currency": "CHF",
        "address": null,
        "postal_code": "1020",
        "city": "Renens",
        "country": "CH",
        "latitude": 46.5360107421875,
        "longitude": 6.59348201751709,
        "location_precision": "postal_code_city",
        "distance_from_lausanne_km": 3.48,
        "property_type": "private_room",
        "rooms": 1.0,
        "bedrooms": null,
        "bathrooms": null,
        "size_m2": 23.0,
        "usable_area_m2": null,
        "floor": "3e étage",
        "furnished": true,
        "contract_type": null,
        "availability_text": "Immédiatement",
        "available_from": null,
        "available_now": true,
        "available_to": null,
        "minimum_months": null,
        "maximum_months": null,
        "pets": null,
        "smoking": null,
        "student_only": null,
        "gender": null,
        "minimum_age": null,
        "maximum_age": null,
        "description": "Welcome to Vera, your new coliving home at Rue du Chêne 1, 1020 Renens. With five spacious bedrooms, you’ll share this thoughtfully designed apartment with four flatmates, enjoying both privacy and an active community life. Each room comes with its own private bathroom with shower, sink, and toilet, as well as a private TV—perfect for winding down on your own. The fully equipped shared kitchen with oven, stove, dishwasher, and fridge is ideal for cooking together, whether it’s quick weekday meals or weekend dinner sessions. Vera truly shines in its shared spaces: a large living room with TV lounge, dining areas, work zones, and chill corners makes it easy to switch between social time and productivity. The separate focus room is perfect for deep work, studying, or video calls, while the shared balcony offers a relaxed spot for morning coffee or evening apéros with your flatmates. Modern furniture throughout creates a stylish, comfortable atmosphere that supports both work and downtime. Located just steps from Renens train station, Vera offers fast connections to Lausanne city center, UNIL, EPFL, and the wider region. Several bus lines nearby make daily commuting flexible and stress-free. Supermarkets like Coop, Migros, and Denner are within walking distance, and the center of Renens provides cafés, takeaways, and essential services. For fresh air, small local green spaces are close by, while larger parks and the lakeside in Lausanne are easily reached by train or bus. With excellent access to universities, jobs, internships, and part-time work, Vera is ideal for students and young professionals. From shared dinners and coworking sessions to movie nights and balcony hangouts, Vera is more than a place to live—it’s a space built for connection, focus, and modern coliving. Room Estate 🏡 - The leading coliving provider in Switzerland! With us, you can simply move in with your suitcase and start living - everything is ready for you. No paperwork, no hassle, no stress. Everything you need is already organized and all services are included in one price. Coliving here means uncomplicated, modern living and real community. Enjoy your life, we'll take care of the rest. Welcome to Room Estate - your new home in Switzerland! Interested? Secure your place now and make it comfortable with us! 🏡 /// Bienvenue à Vera, ton nouveau logement en coliving situé à la Rue du Chêne 1, 1020 Renens. Avec cinq grandes chambres, tu partageras cet appartement soigneusement conçu avec quatre colocataires, tout en profitant d’un excellent niveau d’intimité. Chaque chambre dispose de sa propre salle de bain avec douche, lavabo et toilettes, ainsi que d’une télévision privée, idéale pour se détendre en toute tranquillité. La cuisine commune entièrement équipée avec four, plaques de cuisson, lave-vaisselle et réfrigérateur est parfaite pour cuisiner ensemble, que ce soit en semaine ou le week-end. Les espaces communs font toute la force de Vera : un grand salon avec espace TV, coins repas, zones de travail et espaces détente permet de vivre, travailler et se relaxer au même endroit. Une pièce dédiée au travail concentré est idéale pour étudier, télétravailler ou passer des appels. Le balcon partagé offre un cadre agréable pour un café le matin ou un apéro en soirée entre colocataires. Le mobilier moderne crée une ambiance confortable et contemporaine. Situé à deux pas de la gare de Renens, Vera offre des connexions rapides vers le centre de Lausanne, l’UNIL, l’EPFL et toute la région. Plusieurs lignes de bus facilitent également les déplacements quotidiens. Des supermarchés comme Coop, Migros et Denner sont accessibles à pied, tout comme les cafés, takeaways et services du centre de Renens. Des espaces verts de quartier sont proches pour faire une pause, et les grands parcs ainsi que les rives du lac à Lausanne sont facilement accessibles en transports publics. Grâce à son emplacement central et à son excellente accessibilité, Vera est idéal pour les étudiant·e·s et jeunes professionnel·le·s. Entre repas partagés, sessions de travail en commun, soirées cinéma et moments sur le balcon, Vera est bien plus qu’un logement : c’est un lieu pensé pour une vie collective moderne, équilibrée et inspirante. Room Estate 🏡 - Le leader du coliving en Suisse! Chez nous, tu peux simplement emménager avec ta valise et commencer à vivre - tout est prêt pour toi. Pas de paperasse, pas d'effort, pas de stress. Tout ce dont tu as besoin est déjà organisé et tous les services sont compris dans un seul prix. Coliving signifie ici un habitat simple et moderne et une véritable communauté. Profite de ta vie, nous nous occupons du reste. Bienvenue chez Room Estate - ton nouveau chez-toi en Suisse! Tu es intéressé(e)? Réserve ta place dès maintenant et mets-toi à l'aise chez nous! 🏡 Contacter l'annonceur Nom E-mail Téléphone Créer un abonnement de recherche pour les annonces similaires Veuillez patienter... Obtenez votre attestation gratuite Renforcez votre dossier de location avec l'attestation provisoire de SwissCaution. Commander maintenant Inscrivez-vous pour annonces à Renens Être averti instantanément lorsque des annonces similaires à Renens arrivent. Créer une alerte e-mail Annonceur Room Estate AG Katzenbachstrasse 71 8052 Zürich Voir toutes les annonces Annonces similaires autour de Renens Location 1’150 CHF Chambre en colocation Route du Mont 1 1008 Prilly Location 1’090 CHF Meublé Chambre en colocation 1008 Prilly Location 1’290 CHF Meublé Chambre en colocation 1004 Lausanne Afficher plus..."
      }
    },
    {
      "type": "Feature",
      "geometry": {
        "type": "Point",
        "coordinates": [
          6.584540843963623,
          46.52154541015625
        ]
      },
      "properties": {
        "source": "flatfox",
        "source_section": "lausanne_shared",
        "source_id": "86257287",
        "source_url": "https://flatfox.ch/fr/flat/1022-chavannes-pres-renens/86257287",
        "area": "lausanne",
        "title": "Chambre en colocation à louer à Chavannes-près-Renens",
        "description_title": "Chambre à louer en colocation",
        "price_monthly": 900.0,
        "price_net": 820.0,
        "charges": 80.0,
        "currency": "CHF",
        "address": null,
        "postal_code": "1022",
        "city": "Chavannes-près-Renens",
        "country": "CH",
        "latitude": 46.52154541015625,
        "longitude": 6.584540843963623,
        "location_precision": "postal_code_city",
        "distance_from_lausanne_km": 3.66,
        "property_type": "private_room",
        "rooms": 1.0,
        "bedrooms": null,
        "bathrooms": null,
        "size_m2": 15.0,
        "usable_area_m2": 45.0,
        "floor": "2e étage",
        "furnished": true,
        "contract_type": "temporary",
        "availability_text": "1. septembre 2026",
        "available_from": "2026-09-01",
        "available_now": false,
        "available_to": null,
        "minimum_months": null,
        "maximum_months": null,
        "pets": true,
        "smoking": null,
        "student_only": null,
        "gender": null,
        "minimum_age": null,
        "maximum_age": null,
        "description": "Chambre à louer L’appartement fait 47m2, comprend une cuisine séparée (complètement équipée), une salle de bain (complètement équipée), un balcon et un wc séparé. La chambre disponible a un placard intégré, une grande fenêtre. Il manque principalement un lit et un bureau. La proximité a l’UNIL et à l’EPFL fait de cet appartement un super logement étudiant.e, je suis moi même étudiant à l’UNIL. Contrat jusqu’à août 2027, toutes les charges sont comprises- eau chaude, chauffage, internet. Je me présente rapidement, pour que vous ayez une idée de moi: Je m’appelle Maxim, j’ai 22 ans, je suis étudiant a l’université de Lausanne. J’habite à Lausanne depuis 3 ans, j’adore les animaux, la cuisine ou encore les longues soirées sur le balcon (je recommande) Bref, j’ai hâte de vous rencontrer! Si vous êtes intéressé.e ou avez des questions merci de me contacter en vous présentant. Nous pourrons prévoir une visite! Contacter l'annonceur Nom E-mail Téléphone Créer un abonnement de recherche pour les annonces similaires Veuillez patienter... Vous avez trouvé un logement? Assurez-le sur mesure. Une police unique de la Mobilière vous permet de couvrir exactement les risques que vous souhaitez, selon vos priorités, votre situation de vie et votre logement. Voir l'offre Inscrivez-vous pour annonces à Chavannes-près-Renens Être averti instantanément lorsque des annonces similaires à Chavannes-près-Renens arrivent. Créer une alerte e-mail Annonces similaires autour de Chavannes-près-Renens Location 830 CHF TemporaireMeublé Chambre en colocation Avenue du Tir-Fédéral 1 1022 Chavannes-près-Renens Location 995 CHF Meublé Chambre en colocation Rue de la Baumettaz 5 1023 Crissier Location 880 CHF Chambre en colocation Rue de Genève 77 1004 Lausanne Afficher plus..."
      }
    },
    {
      "type": "Feature",
      "geometry": {
        "type": "Point",
        "coordinates": [
          6.584540843963623,
          46.52154541015625
        ]
      },
      "properties": {
        "source": "flatfox",
        "source_section": "lausanne_shared",
        "source_id": "86270437",
        "source_url": "https://flatfox.ch/fr/flat/1022-chavannes-pres-renens/86270437",
        "area": "lausanne",
        "title": "Chambre en colocation à louer à Chavannes-près-Renens",
        "description_title": "Coliving at Lily : un habitat moderne à proximité de Lausanne, de l'EPFL et de l'UNIL",
        "price_monthly": 1490.0,
        "price_net": null,
        "charges": null,
        "currency": "CHF",
        "address": null,
        "postal_code": "1022",
        "city": "Chavannes-près-Renens",
        "country": "CH",
        "latitude": 46.52154541015625,
        "longitude": 6.584540843963623,
        "location_precision": "postal_code_city",
        "distance_from_lausanne_km": 3.66,
        "property_type": "private_room",
        "rooms": 1.0,
        "bedrooms": null,
        "bathrooms": null,
        "size_m2": 22.0,
        "usable_area_m2": null,
        "floor": "1er étage",
        "furnished": true,
        "contract_type": null,
        "availability_text": "Immédiatement",
        "available_from": null,
        "available_now": true,
        "available_to": null,
        "minimum_months": null,
        "maximum_months": null,
        "pets": null,
        "smoking": null,
        "student_only": null,
        "gender": null,
        "minimum_age": null,
        "maximum_age": null,
        "description": "Join a vibrant community of like-minded individuals at Lily. Our coliving spaces offer more than just a place to live—they're a lifestyle. The digital application process is straightforward and hassle-free, allowing you to secure your new home in just a few clicks. Prime location Lily is perfectly situated at Place de la Bourse aux Fleurs 1, 1022 Chavannes-près-Renens, placing you within easy reach of all the conveniences you need: Train Station: Renens VD is just a 10-minute walk away, making your daily commute straightforward and stress-free. Bus Stop: Only a 2-minute walk to the nearest bus stop, Chavannes-R., Cèdres. Metro Station: Chavannes R., Crochy metro station is just a short 8-minute walk away. Motorway Access: Conveniently located 15 minutes away by car, perfect for quick getaways or weekend trips. Shopping & Groceries: Migros (3-minute walk), Parente del Sannio SNC (3-minute walk), ALIGRO Chavannes (5-minute walk), Denner Filiale Chavannes-Renens (6-minute walk). Gastronomy: Churrascaria Mondego (1-minute walk), Fabbrica Bar & Kitchen (3-minute walk), Urban Flamingo (3-minute walk). State of the art studio and communal rooms Your new room at Lily is fully furnished with stylish, modern furniture, making your move-in seamless. Each room includes a private bathroom for your comfort and convenience. The fully equipped kitchen on each floor is shared with the community, fostering a sense of camaraderie and connection. Plus, each resident has their own private fridge to store their personal groceries. Furthermore, the space is offering you a range of amenities to enhance your lifestyle: Co-Working Space: Ideal for remote work or study, providing a productive environment. Cinema Room: Enjoy movie nights with fellow residents in our cozy cinema room. Cocoon: Relax and socialize in beautifully designed communal areas. Laundry Café: Do your laundry while hanging out with friends or flatmates, making even chores a social activity. All the services you need Living at Lily includes a variety of services to make your life easier: Highspeed Wi-Fi: Fast and reliable internet throughout the building. Cleaning Service: Regular cleaning of communal areas to keep everything spotless. All Utilities Included: Water, electricity, and other utilities are all covered. Laundry Facilities: Convenient on-site laundry room for all residents. Room Estate 🏡 - The leading coliving provider in Switzerland! With us, you can simply move in with your suitcase and start living - everything is ready for you. No paperwork, no hassle, no stress. Everything you need is already organized and all services are included in one price. Coliving here means uncomplicated, modern living and real community. Enjoy your life, we'll take care of the rest. Welcome to Room Estate - your new home in Switzerland! Interested? Secure your place now and make it comfortable with us! 🏡 /// Fais partie d'une communauté vivante de personnes partageant les mêmes idées chez Lily. Nos colocations offrent plus qu'un simple endroit où vivre - c'est un style de vie. Le processus de candidature numérique est simple et facile, tu peux donc obtenir ton nouveau logement en quelques clics. Le meilleur emplacement Lily est parfaitement située à la Place de la Bourse aux Fleurs 1, 1022 Chavannes-près-Renens, ce qui te permet d'accéder facilement à toutes les commodités importantes : Gare: Renens VD n'est qu'à 10 minutes à pied, ce qui te permet de faire ton trajet quotidien facilement et sans stress. Arrêt de bus: A seulement 2 minutes à pied de l'arrêt de bus le plus proche, Chavannes-R., Cèdres. Station de métro: la station de métro Chavannes R., Crochy est à seulement 8 minutes à pied. Accès à l'autoroute: à 15 minutes en voiture, idéal pour les courts séjours ou les week-ends. Shopping & alimentation: Migros (3 minutes à pied), Parente del Sannio SNC (3 minutes à pied), ALIGRO Chavannes (5 minutes à pied), filiale Denner Chavannes-Renens (6 minutes à pied). Restauration: Churrascaria Mondego (1 min. à pied), Fabbrica Bar & Kitchen (3 min. à pied), Urban Flamingo (3 min. à pied). Studios et espaces communs ultramodernes Ta nouvelle chambre chez Lily est entièrement meublée avec des meubles élégants et modernes pour que ton emménagement se passe en douceur. Chaque chambre a sa propre salle de bain pour ton confort et ta commodité. La cuisine entièrement équipée à chaque étage est partagée avec la communauté, ce qui favorise un sentiment de camaraderie et d'appartenance. De plus, chaque résident dispose de son propreréfrigérateur dans lequel il peut stocker ses aliments personnels. En outre, l'espace t'offre une série de commodités qui améliorent ton style de vie : Espace de co-working: idéal pour le travail à distance ou les études, pour créer un environnement productif. Salle de cinéma: profite des soirées cinéma avec les autres résidents dans notre confortable salle de cinéma. Cocoon: détends-toi et rencontre les autres dans les espaces communs joliment décorés. Café laverie: fais ta lessive pendant que tu traînes avec tes amis ou tes colocataires - ainsi, même les tâches ménagères deviennent une activité sociale. Tous les services dont tu as besoin Vivre chez Lily comprend une multitude de services qui te facilitent la vie : Wi-Fi haut débit: Internet rapide et fiable dans tout le bâtiment. Service de nettoyage: nettoyage régulier des zones communes pour que tout reste propre. Toutes les charges comprises: L'eau, l'électricité et les autres charges sont couvertes. Laverie: laverie pratique pour tous les résidents. Room Estate 🏡 - Le leader du coliving en Suisse! Chez nous, tu peux simplement emménager avec ta valise et commencer à vivre - tout est prêt pour toi. Pas de paperasse, pas d'effort, pas de stress. Tout ce dont tu as besoin est déjà organisé et tous les services sont compris dans un seul prix. Coliving signifie ici un habitat simple et moderne et une véritable communauté. Profite de ta vie, nous nous occupons du reste. Bienvenue chez Room Estate - ton nouveau chez-toi en Suisse! Tu es intéressé(e)? Réserve ta place dès maintenant et mets-toi à l'aise chez nous! 🏡 Contacter l'annonceur Nom E-mail Téléphone Créer un abonnement de recherche pour les annonces similaires Veuillez patienter... Obtenez votre attestation gratuite Renforcez votre dossier de location avec l'attestation provisoire de SwissCaution. Commander maintenant Inscrivez-vous pour annonces à Chavannes-près-Renens Être averti instantanément lorsque des annonces similaires à Chavannes-près-Renens arrivent. Créer une alerte e-mail Annonceur Room Estate AG Katzenbachstrasse 71 8052 Zürich Voir toutes les annonces Annonces similaires autour de Chavannes-près-Renens Location 1’290 CHF Meublé Chambre en colocation 1004 Lausanne Location 1’590 CHF Meublé Chambre en colocation 1020 Renens Location 1’290 CHF Meublé Chambre en colocation 1023 Crissier Afficher plus..."
      }
    },
    {
      "type": "Feature",
      "geometry": {
        "type": "Point",
        "coordinates": [
          6.587794303894043,
          46.54264450073242
        ]
      },
      "properties": {
        "source": "flatfox",
        "source_section": "lausanne_shared",
        "source_id": "86273888",
        "source_url": "https://flatfox.ch/fr/flat/avenue-des-baumettes-72b-1020-renens/86273888",
        "area": "lausanne",
        "title": "Chambre en colocation à louer à Renens",
        "description_title": "Chambre meublée à louer à un étudiant(e)",
        "price_monthly": 800.0,
        "price_net": null,
        "charges": null,
        "currency": "CHF",
        "address": "Avenue Des Baumettes 72B",
        "postal_code": "1020",
        "city": "Renens",
        "country": "CH",
        "latitude": 46.54264450073242,
        "longitude": 6.587794303894043,
        "location_precision": "address",
        "distance_from_lausanne_km": 4.25,
        "property_type": "private_room",
        "rooms": 1.0,
        "bedrooms": null,
        "bathrooms": null,
        "size_m2": 80.0,
        "usable_area_m2": 14.0,
        "floor": "3e étage",
        "furnished": true,
        "contract_type": "temporary",
        "availability_text": "Immédiatement",
        "available_from": null,
        "available_now": true,
        "available_to": null,
        "minimum_months": null,
        "maximum_months": null,
        "pets": null,
        "smoking": false,
        "student_only": null,
        "gender": null,
        "minimum_age": null,
        "maximum_age": null,
        "description": "Je loue une chambre chez moi, meublée accès à un petit balcon privatif. Sanitaires cuisine et salle à manger son partagée avec moi Il y a un Wi-Fi une machine à laver le linge disponible Non fumeur PS: les affaires qui sont dans la chambre seront enlevées Contacter l'annonceur Nom E-mail Téléphone Créer un abonnement de recherche pour les annonces similaires Veuillez patienter... Obtenez votre attestation gratuite Renforcez votre dossier de location avec l'attestation provisoire de SwissCaution. Commander maintenant Inscrivez-vous pour annonces à Renens Être averti instantanément lorsque des annonces similaires à Renens arrivent. Créer une alerte e-mail Annonces similaires autour de Renens Location 830 CHF TemporaireMeublé Chambre en colocation Avenue du Tir-Fédéral 1 1022 Chavannes-près-Renens Location 995 CHF Meublé Chambre en colocation Rue de la Baumettaz 5 1023 Crissier Location 700 CHF TemporaireMeublé Chambre en colocation 1028 Préverenges Afficher plus..."
      }
    },
    {
      "type": "Feature",
      "geometry": {
        "type": "Point",
        "coordinates": [
          6.695804119110107,
          46.50896072387695
        ]
      },
      "properties": {
        "source": "ronorp",
        "source_section": "romandie",
        "source_id": null,
        "source_url": "https://ronorp.net/market/posts/appartement-4-pieces-a-lutry-vd-meuble-duree-determinee-2",
        "area": "lausanne",
        "title": "APPARTEMENT 4½ PIÈCES À LUTRY (VD), MEUBLÉ, DURÉE DÉTERMINÉE",
        "description_title": null,
        "price_monthly": 3360.0,
        "price_net": null,
        "charges": null,
        "currency": "CHF",
        "address": null,
        "postal_code": "1095",
        "city": "Lutry",
        "country": "CH",
        "latitude": 46.50896072387695,
        "longitude": 6.695804119110107,
        "location_precision": "postal_code_city",
        "distance_from_lausanne_km": 5.0,
        "property_type": "private_room",
        "rooms": 4.5,
        "bedrooms": null,
        "bathrooms": null,
        "size_m2": 120.0,
        "usable_area_m2": null,
        "floor": "Erdgeschoss",
        "furnished": true,
        "contract_type": "temporary",
        "availability_text": null,
        "available_from": "2026-11-01",
        "available_now": null,
        "available_to": "2027-06-30",
        "minimum_months": 6,
        "maximum_months": null,
        "pets": null,
        "smoking": null,
        "student_only": null,
        "gender": null,
        "minimum_age": null,
        "maximum_age": null,
        "description": "Zürich Was heute in Zürich läuft Login/Sign up STADTLEBEN EVENTS NEWSLETTER COMMUNITY MARKT RON PASS X REKA Inserat aufgeben HOME IMMOBILIEN SECOND HAND JOBS STADTSERVICES Entdecke deine Stadt jeden Tag neu Frische Vibes und urbane News für dein Leben. Newsletter abonnieren UMS Untermietservice . Folgen 14 Aug. 2026 Markt Immobilien Wohnen Möbl. Appartements 6 weitere Fotos Sags der Stadt Promote dein Angebot in der Community und teile es in deinen Socials! Boosten Share APPARTEMENT 4½ PIÈCES À LUTRY (VD), MEUBLÉ, DURÉE DÉTERMINÉE Kontakt Details Preis CHF3'360.00/Monatlich Typ BIETE Adresse Lutry City/Agglo -- PLZ 1095 Räume 4.5 Badezimmer -- Böden Erdgeschoss Quadratmeter 120 Suche nach Rent Besichtigungstermin/e -- Vertrag Temporary Email -- Size Unit m2 Verknüpfung https://ums.ch/offre-detail/68549?utm_source=ronorp&utm_content=68549 DUREE DE LOCATION dès le 1 novembre 2026 au 30 juin 2027 (au minimum 6 mois) Appartement de 4.5 pièces au 1er étage (avec"
      }
    },
    {
      "type": "Feature",
      "geometry": {
        "type": "Point",
        "coordinates": [
          6.562614440917969,
          46.52940368652344
        ]
      },
      "properties": {
        "source": "flatfox",
        "source_section": "lausanne_shared",
        "source_id": "86296831",
        "source_url": "https://flatfox.ch/fr/flat/rue-du-villars-15-1024-ecublens/86296831",
        "area": "lausanne",
        "title": "Chambre en colocation à louer à Ecublens",
        "description_title": "WG-Zimmer",
        "price_monthly": 925.0,
        "price_net": 825.0,
        "charges": 100.0,
        "currency": "CHF",
        "address": "Rue du Villars 15",
        "postal_code": "1024",
        "city": "Ecublens",
        "country": "CH",
        "latitude": 46.52940368652344,
        "longitude": 6.562614440917969,
        "location_precision": "address",
        "distance_from_lausanne_km": 5.44,
        "property_type": "private_room",
        "rooms": 1.0,
        "bedrooms": null,
        "bathrooms": null,
        "size_m2": null,
        "usable_area_m2": null,
        "floor": "2e étage",
        "furnished": true,
        "contract_type": "temporary",
        "availability_text": "Sur demande",
        "available_from": null,
        "available_now": false,
        "available_to": null,
        "minimum_months": null,
        "maximum_months": null,
        "pets": null,
        "smoking": null,
        "student_only": null,
        "gender": null,
        "minimum_age": null,
        "maximum_age": null,
        "description": "Room in a quiet, shared apartment – available by arrangement A room in our bright 3‑room apartment is becoming available. The apartment is located in a quiet area with good public transport connections and not far from EPFL and UNIL. Room & Apartment approx. 12 m², bright and easy to furnish with a private balcony shared use of kitchen, bathroom and dining room shared use washing machine in the building Location shops and public transport reachable within a few minutes EPFL / UNIL only 1 km away (20 min by foot / 12 min with public transportation- is to get there quiet neighbourhood Who we are looking for A reliable, easy‑going, clean and no smoking person who values respectful coexistence and enjoys living in a well‑kept apartment. Rent CHF 925.00 including utilities If interested, please send a short introduction and suggest a time for a viewing. *** Chambre dans un appartement en colocation au calme – disponible selon Une chambre se libère dans notre appartement lumineux de 3 pièces. L’appartement est situé dans un quartier calme, bien desservi par les transports publics et à proximité de l’EPFL et de l’UNIL. Chambre & Appartement env. 12 m², lumineuse et facile à aménager, avec balcon privé utilisation commune de la cuisine, de la salle de bain et de la salle à manger machine à laver commune dans l’immeuble Emplacement commerces et transports publics accessibles en quelques minutes EPFL / UNIL à seulement 1 km (20 min à pied / env. 12 min en transports publics) quartier calme et agréable Profil recherché Une personne fiable, facile à vivre, propre et non‑fumeuse, qui apprécie une cohabitation respectueuse et un appartement bien entretenu. Loyer CHF 925.– charges comprises Si vous êtes intéressé(e), merci d’envoyer une courte présentation et de proposer un horaire pour une visite. Contacter l'annonceur Nom E-mail Téléphone Créer un abonnement de recherche pour les annonces similaires Veuillez patienter... Obtenez votre attestation gratuite Renforcez votre dossier de location avec l'attestation provisoire de SwissCaution. Commander maintenant Inscrivez-vous pour annonces à Ecublens Être averti instantanément lorsque des annonces similaires à Ecublens arrivent. Créer une alerte e-mail Annonces similaires autour de Ecublens Location 830 CHF TemporaireMeublé Chambre en colocation Avenue du Tir-Fédéral 1 1022 Chavannes-près-Renens Location 995 CHF Meublé Chambre en colocation Rue de la Baumettaz 5 1023 Crissier Location 880 CHF Chambre en colocation Rue de Genève 77 1004 Lausanne Afficher plus..."
      }
    },
    {
      "type": "Feature",
      "geometry": {
        "type": "Point",
        "coordinates": [
          6.5604119300842285,
          46.514591217041016
        ]
      },
      "properties": {
        "source": "flatfox",
        "source_section": "lausanne_shared",
        "source_id": "86300338",
        "source_url": "https://flatfox.ch/fr/flat/rue-du-centre-1b-1025-st-sulpice/86300338",
        "area": "lausanne",
        "title": "Chambre en colocation à louer à St-Sulpice",
        "description_title": "Chambre meublee avec salle de bain privative, a 5 minutes de l’EPFL et de l’UNIL",
        "price_monthly": 1600.0,
        "price_net": null,
        "charges": null,
        "currency": "CHF",
        "address": "Rue du Centre 1B",
        "postal_code": "1025",
        "city": "St-Sulpice",
        "country": "CH",
        "latitude": 46.514591217041016,
        "longitude": 6.5604119300842285,
        "location_precision": "address",
        "distance_from_lausanne_km": 5.53,
        "property_type": "private_room",
        "rooms": 1.0,
        "bedrooms": null,
        "bathrooms": null,
        "size_m2": null,
        "usable_area_m2": null,
        "floor": "rez-de-chaussée",
        "furnished": true,
        "contract_type": "temporary",
        "availability_text": "15. septembre 2026",
        "available_from": "2026-09-15",
        "available_now": false,
        "available_to": null,
        "minimum_months": null,
        "maximum_months": null,
        "pets": null,
        "smoking": null,
        "student_only": null,
        "gender": null,
        "minimum_age": null,
        "maximum_age": null,
        "description": "Chambre meublée avec salle de bain privative dans une colocation de standing de seulement trois chambres, située au rez-de-chaussée d’un immeuble calme à St-Sulpice, à 1 km de l’EPFL et de l’UNIL. PS : Photos non représentatives, appartement en cours d’ameublement. Loyer : CHF 1’600.00 tout inclus (Wi-Fi + TV, chauffage, électricité, eau chaude, ménage régulier, jardinier). L’appartement de 119 m² offre de beaux espaces communs baignés de lumière : une grande cuisine entièrement équipée ouverte sur un vaste séjour, ainsi qu’un agréable balcon et un jardin privatif, parfaits pour se détendre ou partager un repas entre colocataires. Les atouts Chambre entièrement meublée avec salle de bain privative Grande cuisine moderne entièrement équipée Séjour spacieux et lumineux Balcon et jardin privatif Lave-linge et sèche-linge dans l’appartement Local sécurisé pour les vélos Nettoyage régulier des chambres et des parties communes inclus dans le loyer Quartier résidentiel très calme, idéal pour les études Cette colocation est spécialement pensée pour des étudiants en Bachelor, Master, doctorants, chercheurs ou jeunes professionnels souhaitant vivre dans un environnement respectueux, calme et convivial. Vous profiterez d’un logement confortable, parfaitement équipé et prêt à vivre, à quelques minutes à vélo ou à pied des campus de l’EPFL et de l’UNIL. ---- Furnished Room with Private Bathroom in a high-quality shared apartment with only three bedrooms, located on the ground floor of a quiet residential building in St-Sulpice, just 1 km from EPFL and UNIL. Please note: Photos are for illustration purposes only. The apartment is currently being furnished. Rent: CHF 1,600 per month, all inclusive (Wi-Fi + TV, heating, electricity, hot water, regular cleaning, and gardening). The 119 m² apartment offers bright and spacious shared areas, including a large fully equipped kitchen opening onto a generous living room, as well as a pleasant balcony and a private garden, perfect for relaxing or enjoying a meal with your flatmates. Highlights Fully furnished bedroom with private bathroom Large, modern, fully equipped kitchen Bright and spacious living room Private balcony and garden Washing machine and dryer in the apartment Secure bicycle storage Regular cleaning of the bedrooms and common areas included in the rent Very quiet residential neighbourhood, ideal for studying This shared apartment is specially designed for Bachelor’s and Master’s students, PhD candidates, researchers, and young professionals looking for a respectful, quiet, and friendly living environment. You’ll enjoy a comfortable, fully equipped home, ready to move into, just a few minutes by bike or on foot from the EPFL and UNIL campuses. Contacter l'annonceur Nom E-mail Téléphone Créer un abonnement de recherche pour les annonces similaires Veuillez patienter... Vous avez trouvé un logement? Assurez-le sur mesure. Une police unique de la Mobilière vous permet de couvrir exactement les risques que vous souhaitez, selon vos priorités, votre situation de vie et votre logement. Voir l'offre Inscrivez-vous pour annonces à Saint-Sulpice Être averti instantanément lorsque des annonces similaires à Saint-Sulpice arrivent. Créer une alerte e-mail Annonces similaires autour de Saint-Sulpice Location 1’200 CHF TemporaireMeublé Chambre en colocation Allée du Rionzi 8 1028 Préverenges Location 1’290 CHF Meublé Chambre en colocation 1004 Lausanne Location 1’590 CHF Meublé Chambre en colocation 1020 Renens Afficher plus..."
      }
    },
    {
      "type": "Feature",
      "geometry": {
        "type": "Point",
        "coordinates": [
          6.578551292419434,
          46.57509231567383
        ]
      },
      "properties": {
        "source": "flatfox",
        "source_section": "lausanne_shared",
        "source_id": "86223399",
        "source_url": "https://flatfox.ch/fr/flat/1023-crissier/86223399",
        "area": "lausanne",
        "title": "Chambre en colocation à louer à Crissier",
        "description_title": "Spacious Coliving Apartment in Crissier with private Balcony",
        "price_monthly": 1290.0,
        "price_net": null,
        "charges": null,
        "currency": "CHF",
        "address": null,
        "postal_code": "1023",
        "city": "Crissier",
        "country": "CH",
        "latitude": 46.57509231567383,
        "longitude": 6.578551292419434,
        "location_precision": "postal_code_city",
        "distance_from_lausanne_km": 7.4,
        "property_type": "private_room",
        "rooms": 1.0,
        "bedrooms": null,
        "bathrooms": null,
        "size_m2": 20.0,
        "usable_area_m2": null,
        "floor": "5e étage",
        "furnished": true,
        "contract_type": null,
        "availability_text": "Sur demande",
        "available_from": null,
        "available_now": false,
        "available_to": null,
        "minimum_months": null,
        "maximum_months": null,
        "pets": null,
        "smoking": null,
        "student_only": null,
        "gender": null,
        "minimum_age": null,
        "maximum_age": null,
        "description": "This room features a private balcony, offering an exclusive outdoor space to relax and enjoy fresh air. Perfect for those who appreciate having a personal retreat within a shared living environment. Welcome to \"Richard,\" a modern coliving apartment located at Chemin des Sous-Bois 5, 1023 Crissier. This newly constructed building offers a comfortable living experience for four residents, making it the ideal spot for young professionals looking to share space and experiences. The apartment features a modern kitchen, fully equipped with an oven, stove, dishwasher, and fridge, perfect for preparing communal meals. With a spacious dining area for six people, it’s easy to come together with your flatmates for dinner or social evenings. The apartment also includes a bathroom with a bathtub and toilet, a separate toilet, and the convenience of an in-unit washer and dryer. Crissier is a vibrant suburb of Lausanne, known for its mix of residential comfort and proximity to essential amenities. Nearby, you’ll find Migros and Coop supermarkets, ensuring that your everyday shopping needs are easily met. The area is well-served by public transportation, with frequent buses connecting you to Renens train station and the Lausanne metro (M1 line). This makes commuting to Lausanne city center or nearby universities, such as UNIL and EPFL, convenient for students and professionals alike. In terms of dining, Crissier offers a variety of options. From the famous Michelin-starred Restaurant de l'Hôtel de Ville to casual eateries and cafés in Renens and Lausanne, there’s something to suit every taste. Whether it’s exploring fine dining, trying out a local pizzeria, or meeting up with friends in one of the cozy nearby cafés, there are plenty of ways to enjoy the communal spirit both inside and outside of the apartment. Crissier’s calm environment combined with easy access to Lausanne’s bustling urban life offers a perfect balance for those looking to enjoy both peace and convenience. Room Estate 🏡 - The leading coliving provider in Switzerland! With us, you can simply move in with your suitcase and start living - everything is ready for you. No paperwork, no hassle, no stress. Everything you need is already organized and all services are included in one price. Coliving here means uncomplicated, modern living and real community. Enjoy your life, we'll take care of the rest. Welcome to Room Estate - your new home in Switzerland! Interested? Secure your place now and make it comfortable with us! 🏡 /// TCette chambre comprend un balcon privé, offrant un espace extérieur exclusif pour se détendre et profiter de l'air frais. Parfait pour ceux qui apprécient avoir une retraite personnelle dans un environnement vivant partagé. Bienvenue dans \"Richard\", un appartement de coliving moderne situé au Chemin des Sous-Bois 5, 1023 Crissier. Ce bâtiment récemment construit offre un cadre de vie confortable pour quatre résidents, idéal pour les jeunes professionnels cherchant à partager un espace et des expériences communes. L’appartement dispose d’une cuisine moderne, équipée d’un four, cuisinière, lave-vaisselle et réfrigérateur, parfaite pour préparer des repas en commun. Avec un espace à manger spacieux pour six personnes, il est facile de se réunir avec vos colocataires pour des dîners ou des soirées conviviales. L’appartement comprend également une salle de bain avec baignoire et toilettes, des toilettes séparées et une machine à laver ainsi qu’un sèche-linge intégrés. Crissier est une banlieue vivante de Lausanne, réputée pour son atmosphère résidentielle et son accès aux commerces, aux pôles d’affaires et aux espaces de loisirs. À proximité, vous trouverez les supermarchés Migros et Coop pour faire vos courses quotidiennes. Le quartier est bien desservi par les transports en commun, avec des bus fréquents reliant la gare de Renens et le métro lausannois (ligne M1), facilitant ainsi l'accès au centre-ville de Lausanne et à d'autres régions. Crissier offre également une variété d’options gastronomiques. Du célèbre Restaurant de l'Hôtel de Ville, étoilé au Michelin, aux restaurants et cafés plus décontractés à Renens et Lausanne, il y en a pour tous les goûts. Que vous souhaitiez explorer la haute cuisine, essayer une pizzeria locale ou vous retrouver avec des amis dans un café chaleureux, de nombreuses possibilités s'offrent à vous pour profiter de l'esprit communautaire à l'intérieur comme à l'extérieur de l'appartement. Crissier allie parfaitement tranquillité et proximité avec l'effervescence urbaine de Lausanne. Room Estate 🏡 - Le leader du coliving en Suisse! Chez nous, tu peux simplement emménager avec ta valise et commencer à vivre - tout est prêt pour toi. Pas de paperasse, pas d'effort, pas de stress. Tout ce dont tu as besoin est déjà organisé et tous les services sont compris dans un seul prix. Coliving signifie ici un habitat simple et moderne et une véritable communauté. Profite de ta vie, nous nous occupons du reste. Bienvenue chez Room Estate - ton nouveau chez-toi en Suisse! Tu es intéressé(e)? Réserve ta place dès maintenant et mets-toi à l'aise chez nous! 🏡 Contacter l'annonceur Nom E-mail Téléphone Créer un abonnement de recherche pour les annonces similaires Veuillez patienter... Obtenez votre attestation gratuite Renforcez votre dossier de location avec l'attestation provisoire de SwissCaution. Commander maintenant Inscrivez-vous pour annonces à Crissier Être averti instantanément lorsque des annonces similaires à Crissier arrivent. Créer une alerte e-mail Annonceur Room Estate AG Katzenbachstrasse 71 8052 Zürich Voir toutes les annonces Annonces similaires autour de Crissier Location 995 CHF Meublé Chambre en colocation Rue de la Baumettaz 5 1023 Crissier Location 1’298 CHF Chambre en colocation Rue Saint-François 1005 Lausanne Location 1’150 CHF Chambre en colocation Route du Mont 1 1008 Prilly Afficher plus..."
      }
    },
    {
      "type": "Feature",
      "geometry": {
        "type": "Point",
        "coordinates": [
          6.578551292419434,
          46.57509231567383
        ]
      },
      "properties": {
        "source": "flatfox",
        "source_section": "lausanne_shared",
        "source_id": "86226691",
        "source_url": "https://flatfox.ch/fr/flat/1023-crissier/86226691",
        "area": "lausanne",
        "title": "Chambre en colocation à louer à Crissier",
        "description_title": "Spacious Coliving Apartment in Crissier",
        "price_monthly": 1090.0,
        "price_net": null,
        "charges": null,
        "currency": "CHF",
        "address": null,
        "postal_code": "1023",
        "city": "Crissier",
        "country": "CH",
        "latitude": 46.57509231567383,
        "longitude": 6.578551292419434,
        "location_precision": "postal_code_city",
        "distance_from_lausanne_km": 7.4,
        "property_type": "private_room",
        "rooms": 1.0,
        "bedrooms": null,
        "bathrooms": null,
        "size_m2": 13.0,
        "usable_area_m2": null,
        "floor": "3e étage",
        "furnished": true,
        "contract_type": null,
        "availability_text": "Immédiatement",
        "available_from": null,
        "available_now": true,
        "available_to": null,
        "minimum_months": null,
        "maximum_months": null,
        "pets": null,
        "smoking": null,
        "student_only": null,
        "gender": null,
        "minimum_age": null,
        "maximum_age": null,
        "description": "Welcome to \"James,\" a modern coliving apartment located at Chemin des Sous-Bois 5, 1023 Crissier. This newly constructed building offers a comfortable living experience for four residents, making it the ideal spot for young professionals looking to share space and experiences. The apartment features a modern kitchen, fully equipped with an oven, stove, dishwasher, and fridge, perfect for preparing communal meals. With a spacious dining area for six people, it’s easy to come together with your flatmates for dinner or social evenings. The apartment also includes a bathroom with a bathtub and toilet, a separate toilet, and the convenience of an in-unit washer and dryer. Crissier is a vibrant suburb of Lausanne, known for its mix of residential comfort and proximity to essential amenities. Nearby, you’ll find Migros and Coop supermarkets, ensuring that your everyday shopping needs are easily met. The area is well-served by public transportation, with frequent buses connecting you to Renens train station and the Lausanne metro (M1 line). This makes commuting to Lausanne city center or nearby universities, such as UNIL and EPFL, convenient for students and professionals alike. In terms of dining, Crissier offers a variety of options. From the famous Michelin-starred Restaurant de l'Hôtel de Ville to casual eateries and cafés in Renens and Lausanne, there’s something to suit every taste. Whether it’s exploring fine dining, trying out a local pizzeria, or meeting up with friends in one of the cozy nearby cafés, there are plenty of ways to enjoy the communal spirit both inside and outside of the apartment. Crissier’s calm environment combined with easy access to Lausanne’s bustling urban life offers a perfect balance for those looking to enjoy both peace and convenience. Room Estate 🏡 - The leading coliving provider in Switzerland! With us, you can simply move in with your suitcase and start living - everything is ready for you. No paperwork, no hassle, no stress. Everything you need is already organized and all services are included in one price. Coliving here means uncomplicated, modern living and real community. Enjoy your life, we'll take care of the rest. Welcome to Room Estate - your new home in Switzerland! Interested? Secure your place now and make it comfortable with us! 🏡 /// Bienvenue dans \"James\", un appartement de coliving moderne situé au Chemin des Sous-Bois 5, 1023 Crissier. Ce bâtiment récemment construit offre un cadre de vie confortable pour quatre résidents, idéal pour les jeunes professionnels cherchant à partager un espace et des expériences communes. L’appartement dispose d’une cuisine moderne, équipée d’un four, cuisinière, lave-vaisselle et réfrigérateur, parfaite pour préparer des repas en commun. Avec un espace à manger spacieux pour six personnes, il est facile de se réunir avec vos colocataires pour des dîners ou des soirées conviviales. L’appartement comprend également une salle de bain avec baignoire et toilettes, des toilettes séparées et une machine à laver ainsi qu’un sèche-linge intégrés. Crissier est une banlieue vivante de Lausanne, réputée pour son atmosphère résidentielle et son accès aux commerces, aux pôles d’affaires et aux espaces de loisirs. À proximité, vous trouverez les supermarchés Migros et Coop pour faire vos courses quotidiennes. Le quartier est bien desservi par les transports en commun, avec des bus fréquents reliant la gare de Renens et le métro lausannois (ligne M1), facilitant ainsi l'accès au centre-ville de Lausanne et à d'autres régions. Crissier offre également une variété d’options gastronomiques. Du célèbre Restaurant de l'Hôtel de Ville, étoilé au Michelin, aux restaurants et cafés plus décontractés à Renens et Lausanne, il y en a pour tous les goûts. Que vous souhaitiez explorer la haute cuisine, essayer une pizzeria locale ou vous retrouver avec des amis dans un café chaleureux, de nombreuses possibilités s'offrent à vous pour profiter de l'esprit communautaire à l'intérieur comme à l'extérieur de l'appartement. Crissier allie parfaitement tranquillité et proximité avec l'effervescence urbaine de Lausanne. Room Estate 🏡 - Le leader du coliving en Suisse! Chez nous, tu peux simplement emménager avec ta valise et commencer à vivre - tout est prêt pour toi. Pas de paperasse, pas d'effort, pas de stress. Tout ce dont tu as besoin est déjà organisé et tous les services sont compris dans un seul prix. Coliving signifie ici un habitat simple et moderne et une véritable communauté. Profite de ta vie, nous nous occupons du reste. Bienvenue chez Room Estate - ton nouveau chez-toi en Suisse! Tu es intéressé(e)? Réserve ta place dès maintenant et mets-toi à l'aise chez nous! 🏡 Contacter l'annonceur Nom E-mail Téléphone Créer un abonnement de recherche pour les annonces similaires Veuillez patienter... Obtenez votre attestation gratuite Renforcez votre dossier de location avec l'attestation provisoire de SwissCaution. Commander maintenant Inscrivez-vous pour annonces à Crissier Être averti instantanément lorsque des annonces similaires à Crissier arrivent. Créer une alerte e-mail Annonceur Room Estate AG Katzenbachstrasse 71 8052 Zürich Voir toutes les annonces Annonces similaires autour de Crissier Location 995 CHF Meublé Chambre en colocation Rue de la Baumettaz 5 1023 Crissier Location 1’150 CHF Chambre en colocation Route du Mont 1 1008 Prilly Location 1’090 CHF Meublé Chambre en colocation 1004 Lausanne Afficher plus..."
      }
    },
    {
      "type": "Feature",
      "geometry": {
        "type": "Point",
        "coordinates": [
          6.578551292419434,
          46.57509231567383
        ]
      },
      "properties": {
        "source": "flatfox",
        "source_section": "lausanne_shared",
        "source_id": "86272821",
        "source_url": "https://flatfox.ch/fr/flat/1023-crissier/86272821",
        "area": "lausanne",
        "title": "Chambre en colocation à louer à Crissier",
        "description_title": "Spacious Coliving Apartment in Crissier",
        "price_monthly": 1090.0,
        "price_net": null,
        "charges": null,
        "currency": "CHF",
        "address": null,
        "postal_code": "1023",
        "city": "Crissier",
        "country": "CH",
        "latitude": 46.57509231567383,
        "longitude": 6.578551292419434,
        "location_precision": "postal_code_city",
        "distance_from_lausanne_km": 7.4,
        "property_type": "private_room",
        "rooms": 1.0,
        "bedrooms": null,
        "bathrooms": null,
        "size_m2": 13.0,
        "usable_area_m2": null,
        "floor": "3e étage",
        "furnished": true,
        "contract_type": null,
        "availability_text": "Immédiatement",
        "available_from": null,
        "available_now": true,
        "available_to": null,
        "minimum_months": null,
        "maximum_months": null,
        "pets": null,
        "smoking": null,
        "student_only": null,
        "gender": null,
        "minimum_age": null,
        "maximum_age": null,
        "description": "Welcome to \"James,\" a modern coliving apartment located at Chemin des Sous-Bois 5, 1023 Crissier. This newly constructed building offers a comfortable living experience for four residents, making it the ideal spot for young professionals looking to share space and experiences. The apartment features a modern kitchen, fully equipped with an oven, stove, dishwasher, and fridge, perfect for preparing communal meals. With a spacious dining area for six people, it’s easy to come together with your flatmates for dinner or social evenings. The apartment also includes a bathroom with a bathtub and toilet, a separate toilet, and the convenience of an in-unit washer and dryer. Crissier is a vibrant suburb of Lausanne, known for its mix of residential comfort and proximity to essential amenities. Nearby, you’ll find Migros and Coop supermarkets, ensuring that your everyday shopping needs are easily met. The area is well-served by public transportation, with frequent buses connecting you to Renens train station and the Lausanne metro (M1 line). This makes commuting to Lausanne city center or nearby universities, such as UNIL and EPFL, convenient for students and professionals alike. In terms of dining, Crissier offers a variety of options. From the famous Michelin-starred Restaurant de l'Hôtel de Ville to casual eateries and cafés in Renens and Lausanne, there’s something to suit every taste. Whether it’s exploring fine dining, trying out a local pizzeria, or meeting up with friends in one of the cozy nearby cafés, there are plenty of ways to enjoy the communal spirit both inside and outside of the apartment. Crissier’s calm environment combined with easy access to Lausanne’s bustling urban life offers a perfect balance for those looking to enjoy both peace and convenience. Room Estate 🏡 - The leading coliving provider in Switzerland! With us, you can simply move in with your suitcase and start living - everything is ready for you. No paperwork, no hassle, no stress. Everything you need is already organized and all services are included in one price. Coliving here means uncomplicated, modern living and real community. Enjoy your life, we'll take care of the rest. Welcome to Room Estate - your new home in Switzerland! Interested? Secure your place now and make it comfortable with us! 🏡 /// Bienvenue dans \"James\", un appartement de coliving moderne situé au Chemin des Sous-Bois 5, 1023 Crissier. Ce bâtiment récemment construit offre un cadre de vie confortable pour quatre résidents, idéal pour les jeunes professionnels cherchant à partager un espace et des expériences communes. L’appartement dispose d’une cuisine moderne, équipée d’un four, cuisinière, lave-vaisselle et réfrigérateur, parfaite pour préparer des repas en commun. Avec un espace à manger spacieux pour six personnes, il est facile de se réunir avec vos colocataires pour des dîners ou des soirées conviviales. L’appartement comprend également une salle de bain avec baignoire et toilettes, des toilettes séparées et une machine à laver ainsi qu’un sèche-linge intégrés. Crissier est une banlieue vivante de Lausanne, réputée pour son atmosphère résidentielle et son accès aux commerces, aux pôles d’affaires et aux espaces de loisirs. À proximité, vous trouverez les supermarchés Migros et Coop pour faire vos courses quotidiennes. Le quartier est bien desservi par les transports en commun, avec des bus fréquents reliant la gare de Renens et le métro lausannois (ligne M1), facilitant ainsi l'accès au centre-ville de Lausanne et à d'autres régions. Crissier offre également une variété d’options gastronomiques. Du célèbre Restaurant de l'Hôtel de Ville, étoilé au Michelin, aux restaurants et cafés plus décontractés à Renens et Lausanne, il y en a pour tous les goûts. Que vous souhaitiez explorer la haute cuisine, essayer une pizzeria locale ou vous retrouver avec des amis dans un café chaleureux, de nombreuses possibilités s'offrent à vous pour profiter de l'esprit communautaire à l'intérieur comme à l'extérieur de l'appartement. Crissier allie parfaitement tranquillité et proximité avec l'effervescence urbaine de Lausanne. Room Estate 🏡 - Le leader du coliving en Suisse! Chez nous, tu peux simplement emménager avec ta valise et commencer à vivre - tout est prêt pour toi. Pas de paperasse, pas d'effort, pas de stress. Tout ce dont tu as besoin est déjà organisé et tous les services sont compris dans un seul prix. Coliving signifie ici un habitat simple et moderne et une véritable communauté. Profite de ta vie, nous nous occupons du reste. Bienvenue chez Room Estate - ton nouveau chez-toi en Suisse! Tu es intéressé(e)? Réserve ta place dès maintenant et mets-toi à l'aise chez nous! 🏡 Contacter l'annonceur Nom E-mail Téléphone Créer un abonnement de recherche pour les annonces similaires Veuillez patienter... Toujours accompagné dans vos affaires juridiques Assurance protection juridique avec consultation gratuite et prise en charge des frais de justice. Découvrez tous les avantages Inscrivez-vous pour annonces à Crissier Être averti instantanément lorsque des annonces similaires à Crissier arrivent. Créer une alerte e-mail Annonceur Room Estate AG Katzenbachstrasse 71 8052 Zürich Voir toutes les annonces Annonces similaires autour de Crissier Location 995 CHF Meublé Chambre en colocation Rue de la Baumettaz 5 1023 Crissier Location 1’150 CHF Chambre en colocation Route du Mont 1 1008 Prilly Location 1’090 CHF Meublé Chambre en colocation 1004 Lausanne Afficher plus..."
      }
    },
    {
      "type": "Feature",
      "geometry": {
        "type": "Point",
        "coordinates": [
          6.385234355926514,
          46.53358840942383
        ]
      },
      "properties": {
        "source": "ronorp",
        "source_section": "romandie",
        "source_id": null,
        "source_url": "https://ronorp.net/market/posts/appartement-6-pieces-a-yens-vd-meuble-duree-determinee-2",
        "area": "lausanne",
        "title": "APPARTEMENT 6½ PIÈCES À YENS (VD), MEUBLÉ, DURÉE DÉTERMINÉE",
        "description_title": null,
        "price_monthly": 2994.0,
        "price_net": null,
        "charges": null,
        "currency": "CHF",
        "address": null,
        "postal_code": "1169",
        "city": "Yens",
        "country": "CH",
        "latitude": 46.53358840942383,
        "longitude": 6.385234355926514,
        "location_precision": "postal_code_city",
        "distance_from_lausanne_km": 18.96,
        "property_type": "private_room",
        "rooms": 6.5,
        "bedrooms": null,
        "bathrooms": null,
        "size_m2": 210.0,
        "usable_area_m2": null,
        "floor": "Erdgeschoss",
        "furnished": true,
        "contract_type": "temporary",
        "availability_text": null,
        "available_from": "2026-11-01",
        "available_now": null,
        "available_to": "2027-02-28",
        "minimum_months": 1,
        "maximum_months": null,
        "pets": null,
        "smoking": null,
        "student_only": null,
        "gender": null,
        "minimum_age": null,
        "maximum_age": null,
        "description": "Zürich Was heute in Zürich läuft Login/Sign up STADTLEBEN EVENTS NEWSLETTER COMMUNITY MARKT RON PASS X REKA Inserat aufgeben HOME IMMOBILIEN SECOND HAND JOBS STADTSERVICES Entdecke deine Stadt jeden Tag neu Frische Vibes und urbane News für dein Leben. Newsletter abonnieren UMS Untermietservice . Folgen 23 Juli 2026 Markt Immobilien Wohnen Möbl. Appartements 6 weitere Fotos Sags der Stadt Promote dein Angebot in der Community und teile es in deinen Socials! Boosten Share APPARTEMENT 6½ PIÈCES À YENS (VD), MEUBLÉ, DURÉE DÉTERMINÉE Kontakt Details Preis CHF2'994.00/Monatlich Typ BIETE Adresse Yens City/Agglo -- PLZ 1169 Räume 6.5 Badezimmer -- Böden Erdgeschoss Quadratmeter 210 Suche nach Rent Besichtigungstermin/e -- Vertrag Temporary Email -- Size Unit m2 Verknüpfung https://ums.ch/offre-detail/68405?utm_source=ronorp&utm_content=68405 DUREE DE LOCATION dès le 1 novembre 2026 au 28 février 2027 (au minimum 1 mois) Appartement de 210 m² à louer avec véranda e"
      }
    }
  ]
}